{"states_dict": {"s4": {"state_name": "s4", "gmodel_type": "CEAGas", "rho": 33.429, "p": 37310000.0, "T": 3861.0, "a": 1256.6, "h": 3288120.0, "u": 2172010.0, "s": 6232.3, "gamma": 1.4148350213656617, "R": 289.06963807669575, "Cp": 985.9, "molecular_mass": 0.028763, "v": 0.0, "M": 0.0, "Ht": 3287120.0, "Ue": 2564.028080969473, "total_p": 37307663.26738406, "total_T": 3861.0, "pitot_p": 37307663.26738406, "composition_massf": {"Ar": 0.83332, "O2": 0.14796, "H2": 0.018713}, "composition_moles": {"Ar": 0.5999995784519876, "O2": 0.1329979086715752, "H2": 0.26700102139016213}}, "s1": {"state_name": "s1", "gmodel_type": "CEAGas", "rho": 0.68164, "p": 58570.20818056673, "T": 298.15, "a": 346.7, "h": 7.000000000000001e-05, "u": -85925.0, "s": 7042.3, "gamma": 1.398557725608831, "R": 288.19792027729636, "Cp": 1011.3000000000001, "molecular_mass": 0.02885, "v": 0.0, "M": 0.0, "Ht": null, "Ue": null, "total_p": 58573.943005941386, "total_T": 298.15, "pitot_p": 58573.943005941386, "composition_massf": {"e-": 0.0, "N-": 0.0, "O2+": 0.0, "N": 0.0, "N2": 0.76708, "O+": 0.0, "N2O": 0.0, "N2+": 0.0, "O": 0.0, "O2": 0.23292, "NO": 0.0, "O-": 0.0, "N+": 0.0, "NO2": 0.0, "NO+": 0.0}, "composition_moles": {"e-": 0.0, "N-": 0.0, "O2+": 0.0, "N": 0.0, "N2": 0.7899882913177266, "O+": 0.0, "N2O": 0.0, "N2+": 0.0, "O": 0.0, "O2": 0.20999981249296848, "NO": 0.0, "O-": 0.0, "N+": 0.0, "NO2": 0.0, "NO+": 0.0}}, "s2": {"state_name": "s2", "gmodel_type": "CEAGas", "rho": 4.359090704922359, "p": 2891900.0, "T": 2301.5771071248214, "a": 914.9, "h": 2403270.0, "u": 1739860.0, "s": 8243.0, "gamma": 1.260034041541008, "R": 288.237883935381, "Cp": 1396.7, "molecular_mass": 0.028846, "v": 1872.5901767822124, "M": 2.0467703320387063, "Ht": 4156569.9999299995, "Ue": 2883.2516365832516, "total_p": 24282641.74788496, "total_T": 3448.91, "pitot_p": 15953593.333775625, "unit_Re": 106849799.51227513, "k": 0.14424, "mu": 7.6395e-05, "composition_massf": {"e-": 0.0, "N-": 0.0, "O2+": 0.0, "N": 0.0, "N2": 0.75956, "O+": 0.0, "N2O": 7.0046e-06, "N2+": 0.0, "O": 0.00023219, "O2": 0.22405, "NO": 0.016002, "O-": 0.0, "N+": 0.0, "NO2": 0.00014556, "NO+": 0.0}, "composition_moles": {"e-": 0.0, "N-": 0.0, "O2+": 0.0, "N": 0.0, "N2": 0.7821352552706919, "O+": 0.0, "N2O": 4.590816571542824e-06, "N2+": 0.0, "O": 0.00041862524469667617, "O2": 0.20197464592422215, "NO": 0.015383328456547166, "O-": 0.0, "N+": 0.0, "NO2": 9.126786492919325e-05, "NO+": 0.0}}, "s3": {"state_name": "s3", "gmodel_type": "CEAGas", "rho": 5.6393, "p": 2891900.0000000023, "T": 1773.99, "a": 865.6, "h": 1294960.0, "u": 782150.0, "s": 6232.3, "gamma": 1.4609402695639986, "R": 289.06963807669575, "Cp": 916.2, "molecular_mass": 0.028763, "v": 1872.5870918466517, "M": 2.163339985959625, "Ht": 3047250.0, "Ue": 2468.7041134976057, "total_p": 29880480.31375946, "total_T": 3616.96, "pitot_p": 19464255.436451793, "composition_massf": {"Ar": 0.83332, "O2": 0.14796, "H2": 0.018713}, "composition_moles": {"Ar": 0.5999995784519876, "O2": 0.1329979086715752, "H2": 0.26700102139016213}}, "s5": {"state_name": "s5", "gmodel_type": "CEAGas", "rho": 19.342, "p": 22622285.720754087, "T": 3985.6654664278976, "a": 1189.3, "h": 5176440.0, "u": 4006860.0, "s": 8537.9, "gamma": 1.1666406132145926, "R": 293.44638949671776, "Cp": 2054.3999999999996, "molecular_mass": 0.028333999999999998, "v": 0.0, "M": 0.0, "Ht": 5176449.99993, "Ue": 3217.592267497546, "total_p": 22621899.527542807, "total_T": 3985.67, "pitot_p": 22621899.527542807, "composition_massf": {"e-": 0.0, "N-": 0.0, "O2+": 0.0, "N": 4.7232e-05, "N2": 0.72109, "O+": 0.0, "N2O": 0.00012703, "N2+": 0.0, "O": 0.020432, "O2": 0.15982, "NO": 0.097828, "O-": 0.0, "N+": 0.0, "NO2": 0.00065162, "NO+": 0.0}, "composition_moles": {"e-": 0.0, "N-": 0.0, "O2+": 0.0, "N": 9.554509541862108e-05, "N2": 0.7293425310744144, "O+": 0.0, "N2O": 8.177775601643159e-05, "N2+": 0.0, "O": 0.036183874895308575, "O2": 0.14151592809730365, "NO": 0.09237650184462493, "O-": 0.0, "N+": 0.0, "NO2": 0.00040132160459075545, "NO+": 0.0}}, "s5d": {"state_name": "s5d", "gmodel_type": "CEAGas", "rho": 21.084, "p": 29885268.13631068, "T": 4903.440370939399, "a": 1409.4, "h": 4328420.0, "u": 2910980.0, "s": 6534.799999999999, "gamma": 1.4014129293266522, "R": 289.06963807669575, "Cp": 1009.2, "molecular_mass": 0.028763, "v": 0.0, "M": 0.0, "Ht": 4327420.0, "Ue": 2941.910943587518, "total_p": 29888847.638061453, "total_T": 4903.44, "pitot_p": 29888847.638061453, "composition_massf": {"Ar": 0.83332, "O2": 0.14796, "H2": 0.018713}, "composition_moles": {"Ar": 0.5999995784519876, "O2": 0.1329979086715752, "H2": 0.26700102139016213}}, "s6": {"state_name": "s6", "gmodel_type": "CEAGas", "rho": 12.062, "p": 12779355.931307832, "T": 3632.92, "a": 1132.3, "h": 4540440.0, "u": 3480970.0, "s": 8537.9, "gamma": 1.1758780587028619, "R": 291.6348649596633, "Cp": 1949.8, "molecular_mass": 0.02851, "v": 1132.300774389629, "M": 1.0000006839085305, "Ht": 5181489.99993, "Ue": 3219.1582750557636, "total_p": 22719780.60684587, "total_T": 3988.44, "pitot_p": 22719769.10527176, "composition_massf": {"e-": 0.0, "N-": 0.0, "O2+": 0.0, "N": 1.5234e-05, "N2": 0.72975, "O+": 0.0, "N2O": 7.603e-05, "N2+": 0.0, "O": 0.013411, "O2": 0.17674, "NO": 0.079524, "O-": 0.0, "N+": 0.0, "NO2": 0.00048541, "NO+": 0.0}, "composition_moles": {"e-": 0.0, "N-": 0.0, "O2+": 0.0, "N": 3.1008113260082674e-05, "N2": 0.7426864464863244, "O+": 0.0, "N2O": 4.92496569179875e-05, "N2+": 0.0, "O": 0.02389762178581697, "O2": 0.1574701988824581, "NO": 0.07555894434798258, "O-": 0.0, "N+": 0.0, "NO2": 0.00030081270934996903, "NO+": 0.0}}, "s8": {"state_name": "s8", "gmodel_type": "CEAGas", "rho": 0.025038, "p": 4481.148266756145, "T": 621.02, "a": 495.5, "h": 333130.0, "u": 154150.0, "s": 8537.9, "gamma": 1.3719632765834089, "R": 288.19792027729636, "Cp": 1063.0, "molecular_mass": 0.02885, "v": 3113.9564935437606, "M": 6.28447324630426, "Ht": 5181489.99993, "Ue": 3219.1582750557636, "total_p": 22719764.9417372, "total_T": 3988.44, "pitot_p": 232852.27002697572, "unit_Re": 2476487.0782755353, "k": 0.0459, "mu": 3.1483e-05, "composition_massf": {"e-": 0.0, "N-": 0.0, "O2+": 0.0, "N": 0.0, "N2": 0.76708, "O+": 0.0, "N2O": 0.0, "N2+": 0.0, "O": 0.0, "O2": 0.23292, "NO": 0.0, "O-": 0.0, "N+": 0.0, "NO2": 0.0, "NO+": 0.0}, "composition_moles": {"e-": 0.0, "N-": 0.0, "O2+": 0.0, "N": 0.0, "N2": 0.7899882913177266, "O+": 0.0, "N2O": 0.0, "N2+": 0.0, "O": 0.0, "O2": 0.20999981249296848, "NO": 0.0, "O-": 0.0, "N+": 0.0, "NO2": 0.0, "NO+": 0.0}}, "s10f": {"state_name": "s10f", "gmodel_type": "IdealGas", "rho": 0.14052771263844363, "p": 204007.72537448027, "T": 5037.253343469965, "a": 1411.281217160755, "h": 5354600.304108572, "u": 3902874.3666106705, "s": 2803.4337352682896, "gamma": 1.3719632765834089, "R": 288.19792027729636, "Cp": 1062.9999999999998, "molecular_mass": 0.02885, "v": 554.8089360006821, "M": 0.3931242967414094, "Ht": null, "Ue": null, "total_p": 226485.0743126357, "total_T": 5182.038364855764, "pitot_p": 226485.0743126357}, "s10e": {"state_name": "s10e", "gmodel_type": "CEAGas", "rho": 0.2047685270834718, "p": 217580.00000000003, "T": 3485.074870554103, "a": 1114.8, "h": 5109010.0, "u": 4046460.0, "s": 9907.5, "gamma": 1.3005817508859243, "R": 304.88467602948185, "Cp": 1319.1999999999998, "molecular_mass": 0.027271, "v": 380.75794066519865, "M": 0.3415482065529231, "Ht": 5181499.99993, "Ue": 3219.161381456357, "total_p": 232852.27002697572, "total_T": 3513.74, "pitot_p": 232852.27002697572, "unit_Re": 743749.3340203059, "k": 0.6160300000000001, "mu": 0.00010483000000000001, "composition_massf": {"e-": 0.0, "N-": 0.0, "O2+": 0.0, "N": 6.0845e-05, "N2": 0.73817, "O+": 0.0, "N2O": 7.4903e-06, "N2+": 0.0, "O": 0.064191, "O2": 0.13576, "NO": 0.061755, "O-": 0.0, "N+": 0.0, "NO2": 4.5265e-05, "NO+": 0.0}, "composition_moles": {"e-": 0.0, "N-": 0.0, "O2+": 0.0, "N": 0.00011846501995473594, "N2": 0.7186073118578966, "O+": 0.0, "N2O": 4.641103753907954e-06, "N2+": 0.0, "O": 0.10941365057439655,