{"states_dict": {"s4": {"state_name": "s4", "gmodel_type": "CEAGas", "rho": 33.429, "p": 37310000.0, "T": 3861.0, "a": 1256.6, "h": 3288120.0, "u": 2172010.0, "s": 6232.3, "gamma": 1.4148350213656617, "R": 289.06963807669575, "Cp": 985.9, "molecular_mass": 0.028763, "v": 0.0, "M": 0.0, "Ht": 3287120.0, "Ue": 2564.028080969473, "total_p": 37307663.26738406, "total_T": 3861.0, "pitot_p": 37307663.26738406, "composition_massf": {"Ar": 0.83332, "O2": 0.14796, "H2": 0.018713}, "composition_moles": {"Ar": 0.5999995784519876, "O2": 0.1329979086715752, "H2": 0.26700102139016213}}, "s1": {"state_name": "s1", "gmodel_type": "CEAGas", "rho": 4.5903, "p": 394420.6059437656, "T": 298.15, "a": 346.7, "h": 7.000000000000001e-05, "u": -85925.0, "s": 6492.7, "gamma": 1.398557725608831, "R": 288.19792027729636, "Cp": 1011.3000000000001, "molecular_mass": 0.02885, "v": 0.0, "M": 0.0, "Ht": -10.11307, "Ue": null, "total_p": 394379.8211910226, "total_T": 298.14, "pitot_p": 394379.8211910226, "composition_massf": {"e-": 0.0, "N-": 0.0, "O2+": 0.0, "N": 0.0, "N2": 0.76708, "O+": 0.0, "N2O": 0.0, "N2+": 0.0, "O": 0.0, "O2": 0.23292, "NO": 0.0, "O-": 0.0, "N+": 0.0, "NO2": 0.0, "NO+": 0.0}, "composition_moles": {"e-": 0.0, "N-": 0.0, "O2+": 0.0, "N": 0.0, "N2": 0.7899882913177266, "O+": 0.0, "N2O": 0.0, "N2+": 0.0, "O": 0.0, "O2": 0.20999981249296848, "NO": 0.0, "O-": 0.0, "N+": 0.0, "NO2": 0.0, "NO+": 0.0}}, "s2": {"state_name": "s2", "gmodel_type": "CEAGas", "rho": 23.365472307618354, "p": 8393400.0, "T": 1246.4883649092378, "a": 687.9, "h": 1042470.0, "u": 683240.0, "s": 7151.0, "gamma": 1.3173833707315559, "R": 288.18793109424286, "Cp": 1196.1999999999998, "molecular_mass": 0.028850999999999998, "v": 1183.3216646156086, "M": 1.7201943082070195, "Ht": 1742599.99993, "Ue": 1866.8690366118346, "total_p": 41766344.5681928, "total_T": 1809.12, "pitot_p": 34906386.88775274, "unit_Re": 547860375.80163, "k": 0.07947, "mu": 5.0466999999999996e-05, "composition_massf": {"e-": 0.0, "N-": 0.0, "O2+": 0.0, "N": 0.0, "N2": 0.76693, "O+": 0.0, "N2O": 0.0, "N2+": 0.0, "O": 0.0, "O2": 0.23273, "NO": 0.0002865, "O-": 0.0, "N+": 0.0, "NO2": 5.5099e-05, "NO+": 0.0}, "composition_moles": {"e-": 0.0, "N-": 0.0, "O2+": 0.0, "N": 0.0, "N2": 0.7898611889310116, "O+": 0.0, "N2O": 0.0, "N2+": 0.0, "O": 0.0, "O2": 0.20983578227933547, "NO": 0.000275471037555697, "O-": 0.0, "N+": 0.0, "NO2": 3.4553721815869844e-05, "NO+": 0.0}}, "s3": {"state_name": "s3", "gmodel_type": "CEAGas", "rho": 11.755, "p": 8393400.000000002, "T": 2470.04, "a": 1014.2, "h": 1943220.0, "u": 1229210.0, "s": 6232.3, "gamma": 1.4405673854649108, "R": 289.06963807669575, "Cp": 945.2, "molecular_mass": 0.028763, "v": 1183.3124426202912, "M": 1.1667446683300051, "Ht": 2642340.0, "Ue": 2298.843187344452, "total_p": 19803541.45184787, "total_T": 3201.35, "pitot_p": 19714676.66830755, "composition_massf": {"Ar": 0.83332, "O2": 0.14796, "H2": 0.018713}, "composition_moles": {"Ar": 0.5999995784519876, "O2": 0.1329979086715752, "H2": 0.26700102139016213}}, "s5": {"state_name": "s5", "gmodel_type": "CEAGas", "rho": 84.134, "p": 53671089.66390425, "T": 2213.8944922811706, "a": 899.2, "h": 2280450.0, "u": 1642530.0, "s": 7346.8, "gamma": 1.2676084894921429, "R": 288.14798128573904, "Cp": 1364.9, "molecular_mass": 0.028855, "v": 0.0, "M": 0.0, "Ht": 2280449.99993, "Ue": 2135.6263717841657, "total_p": 53668569.54400198, "total_T": 2213.89, "pitot_p": 53668569.54400198, "composition_massf": {"e-": 0.0, "N-": 0.0, "O2+": 0.0, "N": 0.0, "N2": 0.76068, "O+": 0.0, "N2O": 2.5135e-05, "N2+": 0.0, "O": 3.1835e-05, "O2": 0.22538, "NO": 0.013293, "O-": 0.0, "N+": 0.0, "NO2": 0.0005856, "NO+": 0.0}, "composition_moles": {"e-": 0.0, "N-": 0.0, "O2+": 0.0, "N": 0.0, "N2": 0.7835329306688943, "O+": 0.0, "N2O": 1.6478624968191074e-05, "N2+": 0.0, "O": 5.741458585946973e-05, "O2": 0.20323699326224734, "NO": 0.012783051279573153, "O-": 0.0, "N+": 0.0, "NO2": 0.0003672927802110618, "NO+": 0.0}}, "s5d": {"state_name": "s5d", "gmodel_type": "CEAGas", "rho": 29.786, "p": 35570215.69485086, "T": 4131.189768858574, "a": 1298.1, "h": 3555390.0, "u": 2361180.0, "s": 6313.0, "gamma": 1.4110012217959926, "R": 289.06963807669575, "Cp": 992.4, "molecular_mass": 0.028763, "v": 0.0, "M": 0.0, "Ht": 3554400.0, "Ue": 2666.2332981192776, "total_p": 35569323.39633054, "total_T": 4131.2, "pitot_p": 35569323.39633054, "composition_massf": {"Ar": 0.83332, "O2": 0.14796, "H2": 0.018713}, "composition_moles": {"Ar": 0.5999995784519876, "O2": 0.1329979086715752, "H2": 0.26700102139016213}}, "s6": {"state_name": "s6", "gmodel_type": "CEAGas", "rho": 52.277, "p": 29277254.673947763, "T": 1943.46, "a": 846.7, "h": 1917830.0, "u": 1357790.0, "s": 7346.8, "gamma": 1.280201259919768, "R": 288.16795480539287, "Cp": 1316.6, "molecular_mass": 0.028853, "v": 851.6102394875252, "M": 1.0057992671401028, "Ht": 2280449.99993, "Ue": 2135.6263717841657, "total_p": 53668638.77578969, "total_T": 2213.89, "pitot_p": 53669167.364157744, "composition_massf": {"e-": 0.0, "N-": 0.0, "O2+": 0.0, "N": 0.0, "N2": 0.76383, "O+": 0.0, "N2O": 9.5624e-06, "N2+": 0.0, "O": 6.3024e-06, "O2": 0.22909, "NO": 0.0067266, "O-": 0.0, "N+": 0.0, "NO2": 0.0003357, "NO+": 0.0}, "composition_moles": {"e-": 0.0, "N-": 0.0, "O2+": 0.0, "N": 0.0, "N2": 0.7867230321917369, "O+": 0.0, "N2O": 6.2687201723135095e-06, "N2+": 0.0, "O": 1.1365622910859157e-05, "O2": 0.20656817661912322, "NO": 0.006468104478755987, "O-": 0.0, "N+": 0.0, "NO2": 0.00021053900294530002, "NO+": 0.0}}, "s8": {"state_name": "s8", "gmodel_type": "CEAGas", "rho": 0.11716, "p": 7598.766283677321, "T": 225.05, "a": 301.3, "h": -73839.0, "u": -138700.0, "s": 7346.8, "gamma": 1.3996631383841265, "R": 288.19792027729636, "Cp": 1009.3000000000001, "molecular_mass": 0.02885, "v": 2169.9258051832094, "M": 7.201877879798238, "Ht": 2280449.99993, "Ue": 2135.6263717841657, "total_p": 53668561.84143168, "total_T": 2213.89, "pitot_p": 518093.1362565878, "unit_Re": 16982532.22012457, "k": 0.020970000000000003, "mu": 1.497e-05, "composition_massf": {"e-": 0.0, "N-": 0.0, "O2+": 0.0, "N": 0.0, "N2": 0.76708, "O+": 0.0, "N2O": 0.0, "N2+": 0.0, "O": 0.0, "O2": 0.23292, "NO": 0.0, "O-": 0.0, "N+": 0.0, "NO2": 0.0, "NO+": 0.0}, "composition_moles": {"e-": 0.0, "N-": 0.0, "O2+": 0.0, "N": 0.0, "N2": 0.7899882913177266, "O+": 0.0, "N2O": 0.0, "N2+": 0.0, "O": 0.0, "O2": 0.20999981249296848, "NO": 0.0, "O-": 0.0, "N+": 0.0, "NO2": 0.0, "NO+": 0.0}}, "s10f": {"state_name": "s10f", "gmodel_type": "IdealGas", "rho": 0.6415470365155921, "p": 458506.63164501794, "T": 2479.854931228686, "a": 1000.1619348758202, "h": 2502917.582089113, "u": 1788228.548319608, "s": 1702.9837970874066, "gamma": 1.3996631383841265, "R": 288.19792027729636, "Cp": 1009.3000000000002, "molecular_mass": 0.02885, "v": 396.26855265308814, "M": 0.3962043933438526, "Ht": null, "Ue": null, "total_p": 510885.2423181165, "total_T": 2557.6458585158025, "pitot_p": 510885.2423181165}, "s10e": {"state_name": "s10e", "gmodel_type": "CEAGas", "rho": 0.7576582705877932, "p": 473949.99999999994, "T": 2170.116256750289, "a": 889.9, "h": 2224160.0, "u": 1598610.0, "s": 8684.2, "gamma": 1.2936785504028645, "R": 288.2578699209541, "Cp": 1269.8, "molecular_mass": 0.028844, "v": 335.5450830597199, "M": 0.3770593134731092, "Ht": 2280459.99993, "Ue": 2135.631054246028, "total_p": 518093.1362565878, "total_T": 2210.87, "pitot_p": 518093.1362565878, "unit_Re": 3465350.4809681284, "k": 0.13687000000000002, "mu": 7.336300000000001e-05, "composition_massf": {"e-": 0.0, "N-": 0.0, "O2+": 0.0, "N": 0.0, "N2": 0.76144, "O+": 0.0, "N2O": 2.1455e-06, "N2+": 0.0, "O": 0.00025651, "O2": 0.2262, "NO": 0.012053, "O-": 0.0, "N+": 0.0, "NO2": 5.3095e-05, "NO+": 0.0}, "composition_moles": {"e-": 0.0, "N-": 0.0, "O2+": 0.0, "N": 0.0, "N2": 0.7840167691176365, "O+": 0.0, "N2O": 1.4060637360040716e-06, "N2+": 0.0, "O": 0.00046244074402790103, "O2": 0.20389867120017002, "NO": 0.011586201872285968, "O-": 0.0, "N+": 0.0, "NO2": 3.3288893284498594e-05,