{"states_dict": {"s4": {"state_name": "s4", "gmodel_type": "CEAGas", "rho": 33.429, "p": 37310000.0, "T": 3861.0, "a": 1256.6, "h": 3288120.0, "u": 2172010.0, "s": 6232.3, "gamma": 1.4148350213656617, "R": 289.06963807669575, "Cp": 985.9, "molecular_mass": 0.028763, "v": 0.0, "M": 0.0, "Ht": 3287120.0, "Ue": 2564.028080969473, "total_p": 37307663.26738406, "total_T": 3861.0, "pitot_p": 37307663.26738406, "composition_massf": {"Ar": 0.83332, "O2": 0.14796, "H2": 0.018713}, "composition_moles": {"Ar": 0.5999995784519876, "O2": 0.1329979086715752, "H2": 0.26700102139016213}}, "s1": {"state_name": "s1", "gmodel_type": "CEAGas", "rho": 1.3073, "p": 112332.40329780265, "T": 298.15, "a": 346.7, "h": 7.000000000000001e-05, "u": -85925.0, "s": 6854.7, "gamma": 1.398557725608831, "R": 288.19792027729636, "Cp": 1011.3000000000001, "molecular_mass": 0.02885, "v": 0.0, "M": 0.0, "Ht": null, "Ue": null, "total_p": 112308.23492373234, "total_T": 298.15, "pitot_p": 112308.23492373234, "composition_massf": {"e-": 0.0, "N-": 0.0, "O2+": 0.0, "N": 0.0, "N2": 0.76708, "O+": 0.0, "N2O": 0.0, "N2+": 0.0, "O": 0.0, "O2": 0.23292, "NO": 0.0, "O-": 0.0, "N+": 0.0, "NO2": 0.0, "NO+": 0.0}, "composition_moles": {"e-": 0.0, "N-": 0.0, "O2+": 0.0, "N": 0.0, "N2": 0.7899882913177266, "O+": 0.0, "N2O": 0.0, "N2+": 0.0, "O": 0.0, "O2": 0.20999981249296848, "NO": 0.0, "O-": 0.0, "N+": 0.0, "NO2": 0.0, "NO+": 0.0}}, "s2": {"state_name": "s2", "gmodel_type": "CEAGas", "rho": 7.821627567222605, "p": 4289500.0, "T": 1903.0054225632314, "a": 838.5, "h": 1864670.0, "u": 1316250.0, "s": 7872.6, "gamma": 1.2819809470575025, "R": 288.18793109424286, "Cp": 1310.2, "molecular_mass": 0.028850999999999998, "v": 1631.3282777643312, "M": 1.9455316371667635, "Ht": 3195299.99993, "Ue": 2527.963607305295, "total_p": 30427833.76070772, "total_T": 2853.58, "pitot_p": 21812245.419642415, "unit_Re": 190291891.9146238, "k": 0.11677, "mu": 6.7053e-05, "composition_massf": {"e-": 0.0, "N-": 0.0, "O2+": 0.0, "N": 0.0, "N2": 0.76425, "O+": 0.0, "N2O": 3.2637e-06, "N2+": 0.0, "O": 1.1785e-05, "O2": 0.22963, "NO": 0.0059725, "O-": 0.0, "N+": 0.0, "NO2": 0.00012294, "NO+": 0.0}, "composition_moles": {"e-": 0.0, "N-": 0.0, "O2+": 0.0, "N": 0.0, "N2": 0.7871010569941528, "O+": 0.0, "N2O": 2.139400553929766e-06, "N2+": 0.0, "O": 2.125136161356051e-05, "O2": 0.20704073684013152, "NO": 0.005742585590929845, "O-": 0.0, "N+": 0.0, "NO2": 7.70982152133984e-05, "NO+": 0.0}}, "s3": {"state_name": "s3", "gmodel_type": "CEAGas", "rho": 7.3916, "p": 4289500.0, "T": 2007.55, "a": 918.3, "h": 1510200.0, "u": 929880.0, "s": 6232.3, "gamma": 1.45327877632312, "R": 289.06963807669575, "Cp": 926.8, "molecular_mass": 0.028763, "v": 1631.3199730471424, "M": 1.776456466347754, "Ht": 2839800.0, "Ue": 2383.1911379492835, "total_p": 24355073.816241767, "total_T": 3404.63, "pitot_p": 20100224.346487116, "composition_massf": {"Ar": 0.83332, "O2": 0.14796, "H2": 0.018713}, "composition_moles": {"Ar": 0.5999995784519876, "O2": 0.1329979086715752, "H2": 0.26700102139016213}}, "s5": {"state_name": "s5", "gmodel_type": "CEAGas", "rho": 32.36, "p": 31735427.415102355, "T": 3389.1761555069784, "a": 1095.7, "h": 4043230.0, "u": 3062540.0, "s": 8132.300000000001, "gamma": 1.2080780587713136, "R": 289.36138372659565, "Cp": 1680.0, "molecular_mass": 0.028734000000000003, "v": 0.0, "M": 0.0, "Ht": 4043219.99993, "Ue": 2843.6666471054587, "total_p": 31740274.175120518, "total_T": 3389.17, "pitot_p": 31740274.175120518, "composition_massf": {"e-": 0.0, "N-": 0.0, "O2+": 0.0, "N": 3.055e-06, "N2": 0.73547, "O+": 0.0, "N2O": 9.9947e-05, "N2+": 0.0, "O": 0.0047883, "O2": 0.1918, "NO": 0.067076, "O-": 0.0, "N+": 0.0, "NO2": 0.00076152, "NO+": 0.0}, "composition_moles": {"e-": 0.0, "N-": 0.0, "O2+": 0.0, "N": 6.2671699972156175e-06, "N2": 0.7543887917924992, "O+": 0.0, "N2O": 6.525095195034173e-05, "N2+": 0.0, "O": 0.008599510744152905, "O2": 0.1722308711576684, "NO": 0.06423233222578076, "O-": 0.0, "N+": 0.0, "NO2": 0.00047562825488256847, "NO+": 0.0}}, "s5d": {"state_name": "s5d", "gmodel_type": "CEAGas", "rho": 24.58, "p": 32410827.068779707, "T": 4561.4481088474795, "a": 1361.3, "h": 3984480.0, "u": 2665900.0, "s": 6438.7, "gamma": 1.4054099986667734, "R": 289.06963807669575, "Cp": 1002.1, "molecular_mass": 0.028763, "v": 0.0, "M": 0.0, "Ht": 3983470.0, "Ue": 2822.5768368637905, "total_p": 32408372.62522339, "total_T": 4561.44, "pitot_p": 32408372.62522339, "composition_massf": {"Ar": 0.83332, "O2": 0.14796, "H2": 0.018713}, "composition_moles": {"Ar": 0.5999995784519876, "O2": 0.1329979086715752, "H2": 0.26700102139016213}}, "s6": {"state_name": "s6", "gmodel_type": "CEAGas", "rho": 20.087, "p": 17668924.209423393, "T": 3046.28, "a": 1041.2, "h": 3498750.0, "u": 2619110.0, "s": 8132.300000000001, "gamma": 1.222508415207563, "R": 288.75842189345, "Cp": 1586.5, "molecular_mass": 0.028794, "v": 1043.5324623604192, "M": 1.002240167461025, "Ht": 4043239.99993, "Ue": 2843.6736802699425, "total_p": 31740455.73272542, "total_T": 3389.18, "pitot_p": 31744092.01349737, "composition_massf": {"e-": 0.0, "N-": 0.0, "O2+": 0.0, "N": 0.0, "N2": 0.74426, "O+": 0.0, "N2O": 5.3044e-05, "N2+": 0.0, "O": 0.0023714, "O2": 0.20431, "NO": 0.048481, "O-": 0.0, "N+": 0.0, "NO2": 0.00052229, "NO+": 0.0}, "composition_moles": {"e-": 0.0, "N-": 0.0, "O2+": 0.0, "N": 0.0, "N2": 0.7649989804879095, "O+": 0.0, "N2O": 3.4702380580194855e-05, "N2+": 0.0, "O": 0.004267790767153769, "O2": 0.183847586159481, "NO": 0.04652260420381189, "O-": 0.0, "N+": 0.0, "NO2": 0.00032689174685635416, "NO+": 0.0}}, "s8": {"state_name": "s8", "gmodel_type": "CEAGas", "rho": 0.042886, "p": 5507.0164275246525, "T": 445.57, "a": 422.5, "h": 150010.0, "u": 21602.0, "s": 8132.300000000001, "gamma": 1.3902465926507754, "R": 288.19792027729636, "Cp": 1026.7, "molecular_mass": 0.02885, "v": 2790.419323327589, "M": 6.60454277710672, "Ht": 4043239.99993, "Ue": 2843.6736802699425, "total_p": 31740524.791811332, "total_T": 3389.18, "pitot_p": 317674.01739894727, "unit_Re": 4795813.05254787, "k": 0.035730000000000005, "mu": 2.4953e-05, "composition_massf": {"e-": 0.0, "N-": 0.0, "O2+": 0.0, "N": 0.0, "N2": 0.76708, "O+": 0.0, "N2O": 0.0, "N2+": 0.0, "O": 0.0, "O2": 0.23292, "NO": 0.0, "O-": 0.0, "N+": 0.0, "NO2": 0.0, "NO+": 0.0}, "composition_moles": {"e-": 0.0, "N-": 0.0, "O2+": 0.0, "N": 0.0, "N2": 0.7899882913177266, "O+": 0.0, "N2O": 0.0, "N2+": 0.0, "O": 0.0, "O2": 0.20999981249296848, "NO": 0.0, "O-": 0.0, "N+": 0.0, "NO2": 0.0, "NO+": 0.0}}, "s10f": {"state_name": "s10f", "gmodel_type": "IdealGas", "rho": 0.2350521937407771, "p": 278506.94702817546, "T": 4111.316216999458, "a": 1283.4583552906001, "h": 4221088.359993343, "u": 3036215.5766517776, "s": 2402.5602153776454, "gamma": 1.3902465926507754, "R": 288.19792027729636, "Cp": 1026.6999999999998, "molecular_mass": 0.02885, "v": 509.1136592287758, "M": 0.3966732984596937, "Ht": null, "Ue": null, "total_p": 310186.88160844217, "total_T": 4237.5442865491395, "pitot_p": 310186.88160844217}, "s10e": {"state_name": "s10e", "gmodel_type": "CEAGas", "rho": 0.3185083157768571, "p": 294470.0, "T": 3140.843774694768, "a": 1045.4, "h": 3972650.0, "u": 3048110.0, "s": 9474.8, "gamma": 1.2901421300054745, "R": 294.3606174325568, "Cp": 1308.8999999999999, "molecular_mass": 0.028246, "v": 375.71993311492133, "M": 0.3594030353117671, "Ht": 4043229.99993, "Ue": 2843.6701636898747, "total_p": 317674.01739894727, "total_T": 3173.71, "pitot_p": 317674.01739894727, "unit_Re": 1248773.0679351662, "k": 0.40587, "mu": 9.583000000000001e-05, "composition_massf": {"e-": 0.0, "N-": 0.0, "O2+": 0.0, "N": 8.2887e-06, "N2": 0.74327, "O+": 0.0, "N2O": 7.1625e-06, "N2+": 0.0, "O": 0.02375, "O2": 0.18196, "NO": 0.050934, "O-": 0.0, "N+": 0.0, "NO2": 6.221e-05, "NO+": 0.0}, "composition_moles": {"e-": 0.0, "N-": 0.0, "O2+": 0.0, "N": 1.6715044957056268e-05, "N2": 0.7494414965694989, "O+": 0.0, "N2O": 4.596662220990257e-06, "N2+": 0.0, "O": 0.04192922859607235, "O2": 0.1606198407440279,