{"states_dict": {"s4": {"state_name": "s4", "gmodel_type": "CEAGas", "rho": 33.429, "p": 37310000.0, "T": 3861.0, "a": 1256.6, "h": 3288120.0, "u": 2172010.0, "s": 6232.3, "gamma": 1.4148350213656617, "R": 289.06963807669575, "Cp": 985.9, "molecular_mass": 0.028763, "v": 0.0, "M": 0.0, "Ht": 3287120.0, "Ue": 2564.028080969473, "total_p": 37307663.26738406, "total_T": 3861.0, "pitot_p": 37307663.26738406, "composition_massf": {"Ar": 0.83332, "O2": 0.14796, "H2": 0.018713}, "composition_moles": {"Ar": 0.5999995784519876, "O2": 0.1329979086715752, "H2": 0.26700102139016213}}, "s1": {"state_name": "s1", "gmodel_type": "CEAGas", "rho": 0.16885, "p": 14508.287784959402, "T": 298.15, "a": 346.7, "h": 7.000000000000001e-05, "u": -85925.0, "s": 7444.5, "gamma": 1.398557725608831, "R": 288.19792027729636, "Cp": 1011.3000000000001, "molecular_mass": 0.02885, "v": 0.0, "M": 0.0, "Ht": null, "Ue": null, "total_p": 14508.888453252363, "total_T": 298.15, "pitot_p": 14508.888453252363, "composition_massf": {"e-": 0.0, "N-": 0.0, "O2+": 0.0, "N": 0.0, "N2": 0.76708, "O+": 0.0, "N2O": 0.0, "N2+": 0.0, "O": 0.0, "O2": 0.23292, "NO": 0.0, "O-": 0.0, "N+": 0.0, "NO2": 0.0, "NO+": 0.0}, "composition_moles": {"e-": 0.0, "N-": 0.0, "O2+": 0.0, "N": 0.0, "N2": 0.7899882913177266, "O+": 0.0, "N2O": 0.0, "N2+": 0.0, "O": 0.0, "O2": 0.20999981249296848, "NO": 0.0, "O-": 0.0, "N+": 0.0, "NO2": 0.0, "NO+": 0.0}}, "s2": {"state_name": "s2", "gmodel_type": "CEAGas", "rho": 1.2435092838484587, "p": 1129100.0, "T": 3118.078922489405, "a": 1045.1, "h": 3748580.0, "u": 2840610.0, "s": 9010.0, "gamma": 1.168418127334225, "R": 291.1956712079291, "Cp": 2020.2, "molecular_mass": 0.028553000000000002, "v": 2388.422994110974, "M": 2.28535354904887, "Ht": 6600869.99993, "Ue": 3633.4198766258764, "total_p": 14186741.557850618, "total_T": 4553.12, "pitot_p": 7360618.380778796, "unit_Re": 31301654.303508792, "k": 0.30104000000000003, "mu": 9.488400000000001e-05, "composition_massf": {"e-": 0.0, "N-": 0.0, "O2+": 0.0, "N": 3.6781e-06, "N2": 0.7431, "O+": 0.0, "N2O": 1.4168e-05, "N2+": 0.0, "O": 0.01159, "O2": 0.1939, "NO": 0.051255, "O-": 0.0, "N+": 0.0, "NO2": 0.0001291, "NO+": 0.0}, "composition_moles": {"e-": 0.0, "N-": 0.0, "O2+": 0.0, "N": 7.497896670878936e-06, "N2": 0.7574137484203988, "O+": 0.0, "N2O": 9.191392140468228e-06, "N2+": 0.0, "O": 0.020683855019563234, "O2": 0.1730198226183482, "NO": 0.04877288334705277, "O-": 0.0, "N+": 0.0, "NO2": 8.012503505015704e-05, "NO+": 0.0}}, "s3": {"state_name": "s3", "gmodel_type": "CEAGas", "rho": 2.9743, "p": 1129099.9999999993, "T": 1313.25, "a": 749.3, "h": 878160.0, "u": 498540.0, "s": 6232.3, "gamma": 1.4790439068318482, "R": 289.06963807669575, "Cp": 892.5, "molecular_mass": 0.028763, "v": 2388.402419231205, "M": 3.1875115697733953, "Ht": 3729400.0, "Ue": 2731.0803723069007, "total_p": 54280322.25846347, "total_T": 4307.18, "pitot_p": 16034426.688203866, "composition_massf": {"Ar": 0.83332, "O2": 0.14796, "H2": 0.018713}, "composition_moles": {"Ar": 0.5999995784519876, "O2": 0.1329979086715752, "H2": 0.26700102139016213}}, "s5": {"state_name": "s5", "gmodel_type": "CEAGas", "rho": 6.2865, "p": 9970510.9847277, "T": 5023.0511926382405, "a": 1391.0, "h": 8006810.0, "u": 6420790.0, "s": 9412.699999999999, "gamma": 1.13285822010508, "R": 315.74488284661834, "Cp": 2692.2999999999997, "molecular_mass": 0.026333, "v": 0.0, "M": 0.0, "Ht": 8006809.99993, "Ue": 4001.702137823354, "total_p": 9971954.563677087, "total_T": 5023.08, "pitot_p": 9971954.563677087, "composition_massf": {"e-": 0.0, "N-": 0.0, "O2+": 0.0, "N": 0.0015252, "N2": 0.7135, "O+": 0.0, "N2O": 0.00010106, "N2+": 0.0, "O": 0.10441, "O2": 0.068997, "NO": 0.11122, "O-": 1.5616e-06, "N+": 0.0, "NO2": 0.00023447, "NO+": 1.3337e-05}, "composition_moles": {"e-": 0.0, "N-": 0.0, "O2+": 0.0, "N": 0.0028674199918610377, "N2": 0.6707002898612806, "O+": 0.0, "N2O": 6.0464523502253885e-05, "N2+": 0.0, "O": 0.17184572733977524, "O2": 0.05678019178844207, "NO": 0.09760536224301058, "O-": 2.570109056475344e-06, "N+": 0.0, "NO2": 0.0001342078340633185, "NO+": 1.1704608134613383e-05}}, "s5d": {"state_name": "s5d", "gmodel_type": "CEAGas", "rho": 13.417, "p": 22928912.664701074, "T": 5912.046580780411, "a": 1542.7, "h": 5355250.0, "u": 3646250.0, "s": 6801.8, "gamma": 1.3925814458087022, "R": 289.06963807669575, "Cp": 1025.4, "molecular_mass": 0.028763, "v": 0.0, "M": 0.0, "Ht": 5354250.0, "Ue": 3272.3844517415737, "total_p": 22930252.474539902, "total_T": 5912.04, "pitot_p": 22930252.474539902, "composition_massf": {"Ar": 0.83332, "O2": 0.14796, "H2": 0.018713}, "composition_moles": {"Ar": 0.5999995784519876, "O2": 0.1329979086715752, "H2": 0.26700102139016213}}, "s6": {"state_name": "s6", "gmodel_type": "CEAGas", "rho": 3.9666, "p": 5700496.653291835, "T": 4612.18, "a": 1317.6, "h": 7162500.0, "u": 5725380.0, "s": 9412.699999999999, "gamma": 1.1235000205662304, "R": 311.591590466197, "Cp": 2834.6, "molecular_mass": 0.026684, "v": 1317.6001223722424, "M": 1.000000092875108, "Ht": 8030539.99993, "Ue": 4007.6277272047114, "total_p": 10122045.824375376, "total_T": 5034.88, "pitot_p": 10121972.056338606, "composition_massf": {"e-": 0.0, "N-": 0.0, "O2+": 0.0, "N": 0.00070948, "N2": 0.7176, "O+": 0.0, "N2O": 6.9608e-05, "N2+": 0.0, "O": 0.089328, "O2": 0.087827, "NO": 0.10425, "O-": 0.0, "N+": 0.0, "NO2": 0.00020702, "NO+": 5.7932e-06}, "composition_moles": {"e-": 0.0, "N-": 0.0, "O2+": 0.0, "N": 0.0013516220323131073, "N2": 0.6835456745700272, "O+": 0.0, "N2O": 4.2201811109495424e-05, "N2+": 0.0, "O": 0.14898235883845645, "O2": 0.07323948610572897, "NO": 0.09270804936329613, "O-": 0.0, "N+": 0.0, "NO2": 0.0001200752449163687, "NO+": 5.15190495049526e-06}}, "s8": {"state_name": "s8", "gmodel_type": "CEAGas", "rho": 0.0079441, "p": 2730.3523303629813, "T": 1192.58, "a": 673.7, "h": 978200.0, "u": 634500.0, "s": 9412.699999999999, "gamma": 1.322368288412358, "R": 288.19792027729636, "Cp": 1182.1999999999998, "molecular_mass": 0.02885, "v": 3755.618468704635, "M": 5.57461550943244, "Ht": 8030539.99993, "Ue": 4007.6277272047114, "total_p": 10122034.795150734, "total_T": 5034.88, "pitot_p": 108841.15468292806, "unit_Re": 608840.4521608164, "k": 0.07659, "mu": 4.9003000000000005e-05, "composition_massf": {"e-": 0.0, "N-": 0.0, "O2+": 0.0, "N": 0.0, "N2": 0.76699, "O+": 0.0, "N2O": 0.0, "N2+": 0.0, "O": 0.0, "O2": 0.23281, "NO": 0.0001923, "O-": 0.0, "N+": 0.0, "NO2": 0.0, "NO+": 0.0}, "composition_moles": {"e-": 0.0, "N-": 0.0, "O2+": 0.0, "N": 0.0, "N2": 0.7898956035325951, "O+": 0.0, "N2O": 0.0, "N2+": 0.0, "O": 0.0, "O2": 0.20990063689888372, "NO": 0.00018489090551587845, "O-": 0.0, "N+": 0.0, "NO2": 0.0, "NO+": 0.0}}, "s10f": {"state_name": "s10f", "gmodel_type": "IdealGas", "rho": 0.04787092181902593, "p": 96184.17749609443, "T": 6971.737112791192, "a": 1629.021628104117, "h": 8273360.431749309, "u": 6264120.295122845, "s": 3755.51165214398, "gamma": 1.3207537598201666, "R": 288.19792027729636, "Cp": 1186.7000000000003, "molecular_mass": 0.02885, "v": 623.2323731777151, "M": 0.382580784948229, "Ht": null, "Ue": null, "total_p": 105827.02467295602, "total_T": 7135.392034412801, "pitot_p": 105827.02467295602}, "s10e": {"state_name": "s10e", "gmodel_type": "CEAGas", "rho": 0.07305354483574635, "p": 102600.0, "T": 4174.951899546396, "a": 1308.9, "h": 7947140.0, "u": 6542740.0, "s": 10894.5, "gamma": 1.3358135090344228, "R": 336.38831573411017, "Cp": 1338.1000000000001, "molecular_mass": 0.024717, "v": 408.3991919121454, "M": 0.31201710742772204, "Ht": 8030539.99993, "Ue": 4007.6277272047114, "total_p": 108841.15468292806, "total_T": 4213.85, "pitot_p": 108841.15468292806, "unit_Re": 239273.46761758355, "k": 0.48995, "mu": 0.00012469, "composition_massf": {"e-": 0.0, "N-": 0.0, "O2+": 0.0, "N": 0.0014827, "N2": 0.74472, "O+": 0.0, "N2O": 3.7728e-06, "N2+": 0.0, "O": 0.18378, "O2": 0.025294, "NO": 0.044702, "O-": 0.0, "N+": 0.0, "NO2": 6.9771e-06, "NO+": 6.9867e-06}, "composition_moles": {"e-": 0.0, "N-": 0.0,