driver_condition,area_ratio,test_gas_gas_model,test_gas_name,p1,vs1,Ht,h,Ue,pitot_p,total_p,p2,T2,rho2,v2,M2,a2,gamma2,R2,Ht2,h2,p3,T3,rho3,v3,M3,a3,p5,T5,rho5,v5,M5,a5,p5d,T5d,rho5d,v5d,M5d,a5d,p8,T8,rho8,v8,M8,a8,gamma8,R8,unit_Re8,p10f,T10f,rho10f,v10f,M10f,a10f,p10e,T10e,rho10e,v10e,M10e,a10e,unit_Re10e,s2 Xe-,s2 XN-,s2 XO2+,s2 XN,s2 XN2,s2 XO+,s2 XN2O,s2 XN2+,s2 XO,s2 XO2,s2 XNO,s2 XO-,s2 XN+,s2 XNO2,s2 XNO+,s8 Xe-,s8 XN-,s8 XO2+,s8 XN,s8 XN2,s8 XO+,s8 XN2O,s8 XN2+,s8 XO,s8 XO2,s8 XNO,s8 XO-,s8 XN+,s8 XNO2,s8 XNO+,s10e Xe-,s10e XN-,s10e XO2+,s10e XN,s10e XN2,s10e XO+,s10e XN2O,s10e XN2+,s10e XO,s10e XO2,s10e XNO,s10e XO-,s10e XN+,s10e XNO2,s10e XNO+
custom_from_dict,175.0,CEAGas,n2-o2-with-ions,105376.3440860215,2330.896488225997,5719779.99993,425320.0,3382.2418600478586,477347.7156157087,46294735.41645696,5753300.0,2479.4560154033334,8.049005237953287,1975.7455883755138,2.086981713716609,946.7,1.2512395815774107,288.27785867831636,4605249.99993,2653470.0,5753299.999999996,3037.42,6.6976,1975.7073475578786,1.9491982513396593,1013.6,46097319.989765845,4304.007615269999,36.372,0.0,0.0,1240.1,39410862.84906322,4289.368580424633,29.955,0.0,0.0,1251.7,9561.335650145942,706.9,0.046933,3254.061925393575,6.177034786244448,526.8,1.3621932474748981,288.19792027729636,4437554.8682152685,419303.6768833257,5440.64968583621,0.2674158008601255,571.0951719312985,0.39077392723001053,1461.44645826166,446570.0,3728.9229650905286,0.3890276208810152,392.57595128754946,0.3376997430430533,1162.5,1381232.5978520096,0.0,0.0,0.0,0.0,0.77896894985971,0.0,9.00853783444816e-06,0.0,0.0007684518019425729,0.1986837650161881,0.021444473623696513,0.0,0.0,0.00014500776211539925,0.0,0.0,0.0,0.0,0.0,0.7899882913177266,0.0,0.0,0.0,0.0,0.20999981249296848,0.0,0.0,0.0,0.0,0.0,0.0,0.0,0.0,0.00024464233759557925,0.707547985606888,0.0,7.642551394139887e-06,0.0,0.12744843387877045,0.10094992312211709,0.06376248636110657,0.0,0.0,3.6408476030039884e-05,0.0