{"states_dict": {"s4": {"state_name": "s4", "gmodel_type": "CEAGas", "rho": 22.884, "p": 24817918.850754242, "T": 3717.1311390962665, "a": 1135.2, "h": 1198850.0, "u": 114350.0, "s": 7235.8, "gamma": 1.1107726394901836, "R": 291.7576672047161, "Cp": 2925.6000000000004, "molecular_mass": 0.028498000000000002, "v": 657.8746779406322, "M": 0.5795231482916069, "Ht": 5017230.0, "Ue": 3167.7215786744896, "total_p": 30204118.01371746, "total_T": 3815.74, "pitot_p": 30204118.01371746, "composition_massf": {"H2O": 0.21481, "OH": 0.028348, "Ar": 0.73158, "HO2": 0.00014703, "O": 0.0036277, "O2": 0.017068, "H2": 0.0038901, "H": 0.00049499, "H2O2": 3.3042e-05}, "composition_moles": {"H2O": 0.33980351013139953, "OH": 0.047500744031694554, "Ar": 0.5218926314208471, "HO2": 0.00012694561595601384, "O": 0.006461629473605261, "O2": 0.015200690775904097, "H2": 0.05499338740401215, "H": 0.013995103895073118, "H2O2": 2.768307436671461e-05}}, "s1": {"state_name": "s1", "gmodel_type": "CEAGas", "rho": 1.2264, "p": 105376.3440860215, "T": 298.15, "a": 346.7, "h": 7.000000000000001e-05, "u": -85925.0, "s": 6873.1, "gamma": 1.398557725608831, "R": 288.19792027729636, "Cp": 1011.3000000000001, "molecular_mass": 0.02885, "v": 0.0, "M": 0.0, "Ht": -10.11307, "Ue": null, "total_p": 105360.24382965946, "total_T": 298.14, "pitot_p": 105360.24382965946, "composition_massf": {"e-": 0.0, "N-": 0.0, "O2+": 0.0, "N": 0.0, "N2": 0.76708, "O+": 0.0, "N2O": 0.0, "N2+": 0.0, "O": 0.0, "O2": 0.23292, "NO": 0.0, "O-": 0.0, "N+": 0.0, "NO2": 0.0, "NO+": 0.0}, "composition_moles": {"e-": 0.0, "N-": 0.0, "O2+": 0.0, "N": 0.0, "N2": 0.7899882913177266, "O+": 0.0, "N2O": 0.0, "N2+": 0.0, "O": 0.0, "O2": 0.20999981249296848, "NO": 0.0, "O-": 0.0, "N+": 0.0, "NO2": 0.0, "NO+": 0.0}}, "s2": {"state_name": "s2", "gmodel_type": "CEAGas", "rho": 8.049005237953287, "p": 5753300.0, "T": 2479.4560154033334, "a": 946.7, "h": 2653470.0, "u": 1938690.0, "s": 8149.4, "gamma": 1.2512395815774107, "R": 288.27785867831636, "Cp": 1435.7, "molecular_mass": 0.028842, "v": 1975.7455883755138, "M": 2.086981713716609, "Ht": 4605249.99993, "Ue": 3034.8805577584103, "total_p": 51614132.617790624, "total_T": 3728.89, "pitot_p": 32731975.435024753, "unit_Re": 197692580.8619578, "k": 0.15745, "mu": 8.0442e-05, "composition_massf": {"e-": 0.0, "N-": 0.0, "O2+": 0.0, "N": 0.0, "N2": 0.75659, "O+": 0.0, "N2O": 1.3747e-05, "N2+": 0.0, "O": 0.00042628, "O2": 0.22043, "NO": 0.02231, "O-": 0.0, "N+": 0.0, "NO2": 0.0002313, "NO+": 0.0}, "composition_moles": {"e-": 0.0, "N-": 0.0, "O2+": 0.0, "N": 0.0, "N2": 0.77896894985971, "O+": 0.0, "N2O": 9.00853783444816e-06, "N2+": 0.0, "O": 0.0007684518019425729, "O2": 0.1986837650161881, "NO": 0.021444473623696513, "O-": 0.0, "N+": 0.0, "NO2": 0.00014500776211539925, "NO+": 0.0}}, "s3": {"state_name": "s3", "gmodel_type": "CEAGas", "rho": 6.6976, "p": 5753299.999999996, "T": 3037.42, "a": 1013.6, "h": -216110.0, "u": -1075110.0, "s": 7235.8, "gamma": 1.14251531122876, "R": 282.806462585034, "Cp": 2267.2, "molecular_mass": 0.0294, "v": 1975.7073475578786, "M": 1.9491982513396593, "Ht": 5337560.0, "Ue": 3267.2802144903335, "total_p": 39963377.19005929, "total_T": 3960.7, "pitot_p": 28026539.41736568, "composition_massf": {"H2O": 0.24414, "OH": 0.011794, "Ar": 0.73158, "HO2": 2.6391e-05, "O": 0.00086092, "O2": 0.0094983, "H2": 0.0019538, "H": 0.00013517, "H2O2": 6.0314e-06}, "composition_moles": {"H2O": 0.3984237824779853, "OH": 0.020387879586108118, "Ar": 0.5384112346049864, "HO2": 2.3507180654617812e-05, "O": 0.0015819998249934372, "O2": 0.008726890383389377, "H2": 0.02849461277456991, "H": 0.003942693017441514, "H2O2": 5.213136210600835e-06}}, "s5": {"state_name": "s5", "gmodel_type": "CEAGas", "rho": 36.372, "p": 46097319.989765845, "T": 4304.007615269999, "a": 1240.1, "h": 5714230.0, "u": 4446850.0, "s": 8458.5, "gamma": 1.1675061053781586, "R": 294.46486754497806, "Cp": 2052.4, "molecular_mass": 0.028236, "v": 0.0, "M": 0.0, "Ht": 5714229.99993, "Ue": 3380.600538345221, "total_p": 46092599.76333283, "total_T": 4304.0, "pitot_p": 46092599.76333283, "composition_massf": {"e-": 0.0, "N-": 0.0, "O2+": 0.0, "N": 9.7462e-05, "N2": 0.71338, "O+": 0.0, "N2O": 0.00021569, "N2+": 0.0, "O": 0.024427, "O2": 0.14701, "NO": 0.11393, "O-": 0.0, "N+": 0.0, "NO2": 0.00093253, "NO+": 1.0114e-06}, "composition_moles": {"e-": 0.0, "N-": 0.0, "O2+": 0.0, "N": 0.00019647290453854227, "N2": 0.7190486581421749, "O+": 0.0, "N2O": 0.00013837390122873344, "N2+": 0.0, "O": 0.043109164843681644, "O2": 0.12972281335550084, "NO": 0.10720911681291471, "O-": 0.0, "N+": 0.0, "NO2": 0.0005723428085772353, "NO+": 9.517535611760162e-07}}, "s5d": {"state_name": "s5d", "gmodel_type": "CEAGas", "rho": 29.955, "p": 39410862.84906322, "T": 4289.368580424633, "a": 1251.7, "h": 2858350.0, "u": 1542700.0, "s": 7512.0, "gamma": 1.0900246219995509, "R": 306.72925812520754, "Cp": 3713.9, "molecular_mass": 0.027107, "v": 0.0, "M": 0.0, "Ht": 6460300.0, "Ue": 3594.523612385931, "total_p": 39406377.52930175, "total_T": 4289.34, "pitot_p": 39406377.52930175, "composition_massf": {"H2O": 0.17396, "OH": 0.050228, "Ar": 0.73158, "HO2": 0.00035518, "O": 0.010903, "O2": 0.025253, "H2": 0.0062627, "H": 0.0013881, "H2O2": 6.5494e-05}, "composition_moles": {"H2O": 0.2617518972783104, "OH": 0.08005545817276541, "Ar": 0.4964188209672575, "HO2": 0.00029169388615779687, "O": 0.018472419028213557, "O2": 0.021392460686025724, "H2": 0.08421285438617378, "H": 0.03733081998928507, "H2O2": 5.21935193275374e-05}}, "s6": {"state_name": "s6", "gmodel_type": "CEAGas", "rho": 22.699, "p": 26032466.799894933, "T": 3920.32, "a": 1178.6, "h": 5025230.0, "u": 3878400.0, "s": 8458.5, "gamma": 1.1731954138601142, "R": 292.53782281331365, "Cp": 1981.6000000000001, "molecular_mass": 0.028422, "v": 1178.6004472662235, "M": 1.0000003794894141, "Ht": 5719779.99993, "Ue": 3382.2418600478586, "total_p": 46294983.75856126, "total_T": 4307.08, "pitot_p": 46295599.629244216, "composition_massf": {"e-": 0.0, "N-": 0.0, "O2+": 0.0, "N": 3.4475e-05, "N2": 0.72239, "O+": 0.0, "N2O": 0.00013194, "N2+": 0.0, "O": 0.016964, "O2": 0.16474, "NO": 0.095028, "O-": 0.0, "N+": 0.0, "NO2": 0.00070756, "NO+": 0.0}, "composition_moles": {"e-": 0.0, "N-": 0.0, "O2+": 0.0, "N": 6.995569620253165e-05, "N2": 0.7329266915119194, "O+": 0.0, "N2O": 8.52024565580922e-05, "N2+": 0.0, "O": 0.03013555558333438, "O2": 0.14632549595609837, "NO": 0.0900112249176001, "O-": 0.0, "N+": 0.0, "NO2": 0.0004371275243177446, "NO+": 0.0}}, "s8": {"state_name": "s8", "gmodel_type": "CEAGas", "rho": 0.046933, "p": 9561.335650145942, "T": 706.9, "a": 526.8, "h": 425320.0, "u": 221590.0, "s": 8458.5, "gamma": 1.3621932474748981, "R": 288.19792027729636, "Cp": 1083.9, "molecular_mass": 0.02885, "v": 3254.061925393575, "M": 6.177034786244448, "Ht": 5719779.99993, "Ue": 3382.2418600478586, "total_p": 46294735.41645696, "total_T": 4307.08, "pitot_p": 477347.7156157087, "unit_Re": 4437554.8682152685, "k": 0.05068, "mu": 3.4416000000000004e-05, "composition_massf": {"e-": 0.0, "N-": 0.0, "O2+": 0.0, "N": 0.0, "N2": 0.76708, "O+": 0.0, "N2O": 0.0, "N2+": 0.0, "O": 0.0, "O2": 0.23292, "NO": 0.0, "O-": 0.0, "N+": 0.0, "NO2": 0.0, "NO+": 0.0}, "composition_moles": {"e-": 0.0, "N-": 0.0, "O2+": 0.0, "N": 0.0, "N2": 0.7899882913177266, "O+": 0.0, "N2O": 0.0, "N2+": 0.0, "O": 0.0, "O2": 0.20999981249296848, "NO": 0.0, "O-": 0.0, "N+": 0.0, "NO2": 0.0, "NO+": 0.0}}, "s10f": {"state_name": "s10f", "gmodel_type": "IdealGas", "rho": 0.2674158008601255, "p": 419303.6768833257, "T": 5440.64968583621, "a": 1461.44645826166, "h": 5897664.2594464505, "u": 4329680.335031129, "s": 2738.6812095408677, "gamma": 1.3621477344941326, "R": 288.19792027729636, "Cp": 1083.9999999999998, "molecular_mass": 0.02885, "v": 571.0951719312985, "M": 0.39077392723001053, "Ht": null, "Ue": null, "total_p": 464604.4482032215, "total_T": 5591.087737221467, "pitot_p": 464604.4482032215}, "s10e": {"state_name": "s10e", "gmodel_type": "CEAGas",