{"states_dict": {"s4": {"state_name": "s4", "gmodel_type": "CEAGas", "rho": 18.94, "p": 23282840.574611053, "T": 4053.1277440747367, "a": 1206.7, "h": 2342210.0, "u": 1112930.0, "s": 7548.7, "gamma": 1.089005104779441, "R": 303.2943021813672, "Cp": 3710.9, "molecular_mass": 0.027414, "v": 0.0, "M": 0.0, "Ht": 5944200.0, "Ue": 3447.955916191505, "total_p": 23283785.97302763, "total_T": 4053.14, "pitot_p": 23283785.97302763, "composition_massf": {"H2O": 0.18314, "OH": 0.044798, "Ar": 0.73158, "HO2": 0.00024792, "O": 0.0090628, "O2": 0.024178, "H2": 0.0057702, "H": 0.0011803, "H2O2": 4.3253e-05}, "composition_moles": {"H2O": 0.2786856468508955, "OH": 0.07220955022948916, "Ar": 0.5020410063082007, "HO2": 0.00020591184951921943, "O": 0.015528557270897659, "O2": 0.0207137671412678, "H2": 0.07846908685040775, "H": 0.032101855467587356, "H2O2": 3.4859588330685465e-05}}, "s1": {"state_name": "s1", "gmodel_type": "CEAGas", "rho": 1.2264, "p": 105376.3440860215, "T": 298.15, "a": 346.7, "h": 7.000000000000001e-05, "u": -85925.0, "s": 6873.1, "gamma": 1.398557725608831, "R": 288.19792027729636, "Cp": 1011.3000000000001, "molecular_mass": 0.02885, "v": 0.0, "M": 0.0, "Ht": -10.11307, "Ue": null, "total_p": 105360.24382965946, "total_T": 298.14, "pitot_p": 105360.24382965946, "composition_massf": {"e-": 0.0, "N-": 0.0, "O2+": 0.0, "N": 0.0, "N2": 0.76708, "O+": 0.0, "N2O": 0.0, "N2+": 0.0, "O": 0.0, "O2": 0.23292, "NO": 0.0, "O-": 0.0, "N+": 0.0, "NO2": 0.0, "NO+": 0.0}, "composition_moles": {"e-": 0.0, "N-": 0.0, "O2+": 0.0, "N": 0.0, "N2": 0.7899882913177266, "O+": 0.0, "N2O": 0.0, "N2+": 0.0, "O": 0.0, "O2": 0.20999981249296848, "NO": 0.0, "O-": 0.0, "N+": 0.0, "NO2": 0.0, "NO+": 0.0}}, "s2": {"state_name": "s2", "gmodel_type": "CEAGas", "rho": 7.387753017579764, "p": 4131100.0, "T": 1940.3681558450332, "a": 846.1, "h": 1913760.0, "u": 1354570.0, "s": 7909.0, "gamma": 1.2800627318207256, "R": 288.18793109424286, "Cp": 1317.1999999999998, "molecular_mass": 0.028850999999999998, "v": 1654.5897991688853, "M": 1.955548752120181, "Ht": 3282599.99993, "Ue": 2562.2646233088417, "total_p": 29789981.404626567, "total_T": 2911.26, "pitot_p": 21180088.091550883, "unit_Re": 179900522.196221, "k": 0.11908000000000002, "mu": 6.7947e-05, "composition_massf": {"e-": 0.0, "N-": 0.0, "O2+": 0.0, "N": 0.0, "N2": 0.76393, "O+": 0.0, "N2O": 3.5624e-06, "N2+": 0.0, "O": 1.6368e-05, "O2": 0.22926, "NO": 0.006669, "O-": 0.0, "N+": 0.0, "NO2": 0.00012575, "NO+": 0.0}, "composition_moles": {"e-": 0.0, "N-": 0.0, "O2+": 0.0, "N": 0.0, "N2": 0.786771489001692, "O+": 0.0, "N2O": 2.335202541078959e-06, "N2+": 0.0, "O": 2.9515679837993925e-05, "O2": 0.2067071346425491, "NO": 0.0064122734710608835, "O-": 0.0, "N+": 0.0, "NO2": 7.886042429709491e-05, "NO+": 0.0}}, "s3": {"state_name": "s3", "gmodel_type": "CEAGas", "rho": 4.3661, "p": 4131100.0000000005, "T": 3272.27, "a": 1054.9, "h": 473640.0, "u": -472540.0, "s": 7548.7, "gamma": 1.105101527454102, "R": 289.1500608589811, "Cp": 3040.2999999999997, "molecular_mass": 0.028755, "v": 1654.5890827122084, "M": 1.5684795551352813, "Ht": 5444440.0, "Ue": 3299.8302986668873, "total_p": 15300376.091277039, "total_T": 3847.47, "pitot_p": 13690971.983226664, "composition_massf": {"H2O": 0.22365, "OH": 0.022116, "Ar": 0.73158, "HO2": 5.0387e-05, "O": 0.0027708, "O2": 0.016051, "H2": 0.0033624, "H": 0.00040693, "H2O2": 8.2979e-06}, "composition_moles": {"H2O": 0.356977840477639, "OH": 0.03739241880270519, "Ar": 0.5265991513968159, "HO2": 4.389643403135238e-05, "O": 0.004979833868770079, "O2": 0.014423869176344112, "H2": 0.047962087028989825, "H": 0.011609095928329066, "H2O2": 7.014798154796695e-06}}, "s5": {"state_name": "s5", "gmodel_type": "CEAGas", "rho": 30.772, "p": 30742092.304885842, "T": 3449.765976536171, "a": 1105.0, "h": 4147170.0, "u": 3148150.0, "s": 8171.900000000001, "gamma": 1.2040097199148048, "R": 289.5931872801366, "Cp": 1709.1000000000001, "molecular_mass": 0.028710999999999997, "v": 0.0, "M": 0.0, "Ht": 4147169.99993, "Ue": 2879.98958329019, "total_p": 30747008.371839035, "total_T": 3449.77, "pitot_p": 30747008.371839035, "composition_massf": {"e-": 0.0, "N-": 0.0, "O2+": 0.0, "N": 4.1931e-06, "N2": 0.73392, "O+": 0.0, "N2O": 0.00010356, "N2+": 0.0, "O": 0.0056729, "O2": 0.18914, "NO": 0.070398, "O-": 0.0, "N+": 0.0, "NO2": 0.00075633, "NO+": 0.0}, "composition_moles": {"e-": 0.0, "N-": 0.0, "O2+": 0.0, "N": 8.595036239799523e-06, "N2": 0.7521963460343978, "O+": 0.0, "N2O": 6.755560109786244e-05, "N2+": 0.0, "O": 0.010180046245484204, "O2": 0.16970631836193856, "NO": 0.0673595361609806, "O-": 0.0, "N+": 0.0, "NO2": 0.00047200857788742655, "NO+": 0.0}}, "s5d": {"state_name": "s5d", "gmodel_type": "CEAGas", "rho": 15.959, "p": 20583949.701082088, "T": 4166.300134853942, "a": 1235.9, "h": 2873270.0, "u": 1583460.0, "s": 7715.6, "gamma": 1.0815228965076864, "R": 309.58446587481853, "Cp": 4107.1, "molecular_mass": 0.026857, "v": 0.0, "M": 0.0, "Ht": 6475240.0, "Ue": 3598.677534873054, "total_p": 20587136.30356608, "total_T": 4166.33, "pitot_p": 20587136.30356608, "composition_massf": {"H2O": 0.16803, "OH": 0.052005, "Ar": 0.73158, "HO2": 0.00027904, "O": 0.012698, "O2": 0.027147, "H2": 0.0065801, "H": 0.0016324, "H2O2": 4.2915e-05}, "composition_moles": {"H2O": 0.2504974504975776, "OH": 0.08212326471982098, "Ar": 0.49184049414238507, "HO2": 0.0002270499079884896, "O": 0.021315185944472917, "O2": 0.022784822524594673, "H2": 0.08766481422505307, "H": 0.043496008492568995, "H2O2": 3.388443327998382e-05}}, "s6": {"state_name": "s6", "gmodel_type": "CEAGas", "rho": 19.107, "p": 17140110.55160484, "T": 3105.18, "a": 1050.4, "h": 3593550.0, "u": 2696480.0, "s": 8171.900000000001, "gamma": 1.218349818862702, "R": 288.89888811674774, "Cp": 1612.0, "molecular_mass": 0.02878, "v": 1052.2547220136387, "M": 1.0017657292589857, "Ht": 4147169.99993, "Ue": 2879.98958329019, "total_p": 30746943.327366002, "total_T": 3449.77, "pitot_p": 30745788.183903243, "composition_massf": {"e-": 0.0, "N-": 0.0, "O2+": 0.0, "N": 0.0, "N2": 0.74281, "O+": 0.0, "N2O": 5.5701e-05, "N2+": 0.0, "O": 0.0029033, "O2": 0.20213, "NO": 0.051566, "O-": 0.0, "N+": 0.0, "NO2": 0.00052311, "NO+": 0.0}, "composition_moles": {"e-": 0.0, "N-": 0.0, "O2+": 0.0, "N": 0.0, "N2": 0.7631373485546203, "O+": 0.0, "N2O": 3.642292196815472e-05, "N2+": 0.0, "O": 0.005222506719001963, "O2": 0.18179748615573085, "NO": 0.049458926018376266, "O-": 0.0, "N+": 0.0, "NO2": 0.00032724578148264887, "NO+": 0.0}}, "s8": {"state_name": "s8", "gmodel_type": "CEAGas", "rho": 0.040675, "p": 5397.724302638124, "T": 460.47, "a": 429.3, "h": 165330.0, "u": 32622.999999999996, "s": 8171.900000000001, "gamma": 1.3889824690263521, "R": 288.19792027729636, "Cp": 1029.1, "molecular_mass": 0.02885, "v": 2821.9992912826892, "M": 6.5734900798571845, "Ht": 4147169.99993, "Ue": 2879.98958329019, "total_p": 30747004.07513849, "total_T": 3449.77, "pitot_p": 308403.36693798925, "unit_Re": 4493963.713605958, "k": 0.03663, "mu": 2.5542e-05, "composition_massf": {"e-": 0.0, "N-": 0.0, "O2+": 0.0, "N": 0.0, "N2": 0.76708, "O+": 0.0, "N2O": 0.0, "N2+": 0.0, "O": 0.0, "O2": 0.23292, "NO": 0.0, "O-": 0.0, "N+": 0.0, "NO2": 0.0, "NO+": 0.0}, "composition_moles": {"e-": 0.0, "N-": 0.0, "O2+": 0.0, "N": 0.0, "N2": 0.7899882913177266, "O+": 0.0, "N2O": 0.0, "N2+": 0.0, "O": 0.0, "O2": 0.20999981249296848, "NO": 0.0, "O-": 0.0, "N+": 0.0, "NO2": 0.0, "NO+": 0.0}}, "s10f": {"state_name": "s10f", "gmodel_type": "IdealGas", "rho": 0.22323812638203297, "p": 270295.93632067094, "T": 4201.267215917152, "a": 1296.8327093971338, "h": 4323524.091900339, "u": 3112727.6177438297, "s": 2439.754854516659, "gamma": 1.3889824690263524, "R": 288.19792027729636, "Cp": 1029.1, "molecular_mass": 0.02885, "v": 514.170370790968, "M": 0.3964816487625404, "Ht": null, "Ue": null, "total_p": 300983.1254359953, "total_T": 4329.714971334179, "pitot_p": 300983.1254359953}, "s10e": {"state_name": "s10e", "gmodel_type": "CEAGas", "rho": 0.3049556047132495,