{"states_dict": {"s4": {"state_name": "s4", "gmodel_type": "CEAGas", "rho": 62.773, "p": 81802830.61981751, "T": 4334.939524942775, "a": 1249.3, "h": 2542110.0, "u": 1238950.0, "s": 7216.9, "gamma": 1.1042048489029002, "R": 300.6186275218743, "Cp": 3185.5, "molecular_mass": 0.027658000000000002, "v": 0.0, "M": 0.0, "Ht": 6144070.0, "Ue": 3505.4443370277613, "total_p": 81812857.87756427, "total_T": 4334.96, "pitot_p": 81812857.87756427, "composition_massf": {"H2O": 0.1887, "OH": 0.043704, "Ar": 0.73158, "HO2": 0.00041376, "O": 0.0074816, "O2": 0.021634, "H2": 0.0054332, "H": 0.00095126, "H2O2": 9.898e-05}, "composition_moles": {"H2O": 0.2897021084323974, "OH": 0.07107315029863577, "Ar": 0.5065094532892761, "HO2": 0.0003467102197914729, "O": 0.012933365801217546, "O2": 0.018699237846419244, "H2": 0.07454384467329404, "H": 0.026102693692084844, "H2O2": 8.048256929067098e-05}}, "s1": {"state_name": "s1", "gmodel_type": "CEAGas", "rho": 1.2264, "p": 105376.3440860215, "T": 298.15, "a": 346.7, "h": 7.000000000000001e-05, "u": -85925.0, "s": 6873.1, "gamma": 1.398557725608831, "R": 288.19792027729636, "Cp": 1011.3000000000001, "molecular_mass": 0.02885, "v": 0.0, "M": 0.0, "Ht": -10.11307, "Ue": null, "total_p": 105360.24382965946, "total_T": 298.14, "pitot_p": 105360.24382965946, "composition_massf": {"e-": 0.0, "N-": 0.0, "O2+": 0.0, "N": 0.0, "N2": 0.76708, "O+": 0.0, "N2O": 0.0, "N2+": 0.0, "O": 0.0, "O2": 0.23292, "NO": 0.0, "O-": 0.0, "N+": 0.0, "NO2": 0.0, "NO+": 0.0}, "composition_moles": {"e-": 0.0, "N-": 0.0, "O2+": 0.0, "N": 0.0, "N2": 0.7899882913177266, "O+": 0.0, "N2O": 0.0, "N2+": 0.0, "O": 0.0, "O2": 0.20999981249296848, "NO": 0.0, "O-": 0.0, "N+": 0.0, "NO2": 0.0, "NO+": 0.0}}, "s2": {"state_name": "s2", "gmodel_type": "CEAGas", "rho": 8.65086737951015, "p": 7495300.0, "T": 2998.340131667255, "a": 1032.0, "h": 3439970.0, "u": 2573540.0, "s": 8360.6, "gamma": 1.2163378777641645, "R": 288.9691724880965, "Cp": 1624.7, "molecular_mass": 0.028773, "v": 2274.0837473043707, "M": 2.2035695225817546, "Ht": 6025699.99993, "Ue": 3471.5126385856643, "total_p": 81709364.76020466, "total_T": 4507.79, "pitot_p": 46410770.54330206, "unit_Re": 213881244.92095655, "k": 0.21508, "mu": 9.198e-05, "composition_massf": {"e-": 0.0, "N-": 0.0, "O2+": 0.0, "N": 0.0, "N2": 0.74553, "O+": 0.0, "N2O": 3.2638e-05, "N2+": 0.0, "O": 0.0031033, "O2": 0.20509, "NO": 0.045905, "O-": 0.0, "N+": 0.0, "NO2": 0.00033351, "NO+": 0.0}, "composition_moles": {"e-": 0.0, "N-": 0.0, "O2+": 0.0, "N": 0.0, "N2": 0.7657454893015486, "O+": 0.0, "N2O": 2.1336819607023415e-05, "N2+": 0.0, "O": 0.005580912465467455, "O2": 0.18441487087015762, "NO": 0.04401853506453688, "O-": 0.0, "N+": 0.0, "NO2": 0.00020858556542152572, "NO+": 0.0}}, "s3": {"state_name": "s3", "gmodel_type": "CEAGas", "rho": 8.4385, "p": 7495300.000000003, "T": 3130.72, "a": 1029.8, "h": -43336.0, "u": -931560.0, "s": 7216.9, "gamma": 1.1372794490952036, "R": 283.71357401214766, "Cp": 2350.4, "molecular_mass": 0.029306000000000002, "v": 2274.1024959805122, "M": 2.208295296155091, "Ht": 6144400.0, "Ue": 3505.53847504203, "total_p": 81833332.96395561, "total_T": 4335.11, "pitot_p": 45667425.89778957, "composition_massf": {"H2O": 0.24097, "OH": 0.013562, "Ar": 0.73158, "HO2": 3.5225e-05, "O": 0.0010717, "O2": 0.010428, "H2": 0.0021743, "H": 0.00016414, "H2O2": 8.1209e-06}, "composition_moles": {"H2O": 0.39199317579299353, "OH": 0.02336920247375545, "Ar": 0.5366897837188345, "HO2": 3.127554705493484e-05, "O": 0.0019630261259797246, "O2": 0.009550450891908447, "H2": 0.03160904210568089, "H": 0.004772394031390757, "H2O2": 6.996717164471341e-06}}, "s5": {"state_name": "s5", "gmodel_type": "CEAGas", "rho": 41.377, "p": 64051344.45144499, "T": 5115.760916284549, "a": 1375.4, "h": 7392200.0, "u": 5844220.0, "s": 8717.1, "gamma": 1.1541368354455663, "R": 302.58788849261225, "Cp": 2265.7, "molecular_mass": 0.027478000000000002, "v": 0.0, "M": 0.0, "Ht": 7392199.99993, "Ue": 3845.048764301956, "total_p": 64060432.94903251, "total_T": 5115.78, "pitot_p": 64060432.94903251, "composition_massf": {"e-": 0.0, "N-": 0.0, "O2+": 0.0, "N": 0.00072184, "N2": 0.70067, "O+": 0.0, "N2O": 0.00032844, "N2+": 0.0, "O": 0.055014, "O2": 0.10267, "NO": 0.13966, "O-": 2.1919e-06, "N+": 0.0, "NO2": 0.00091339, "NO+": 8.6962e-06}, "composition_moles": {"e-": 0.0, "N-": 0.0, "O2+": 0.0, "N": 0.0014160879807520687, "N2": 0.687278597385537, "O+": 0.0, "N2O": 0.00020505112876254182, "N2+": 0.0, "O": 0.0944832113704264, "O2": 0.08816475180319262, "NO": 0.12789324437364405, "O-": 3.7643263553984173e-06, "N+": 0.0, "NO2": 0.000545546302507309, "NO+": 7.963665803521944e-06}}, "s5d": {"state_name": "s5d", "gmodel_type": "CEAGas", "rho": 42.381, "p": 61974934.74854475, "T": 4640.788908752804, "a": 1324.3, "h": 3827440.0, "u": 2365120.0, "s": 7588.4, "gamma": 1.0879402223057186, "R": 315.0987228559518, "Cp": 3898.2000000000003, "molecular_mass": 0.026387, "v": 0.0, "M": 0.0, "Ht": 7429420.0, "Ue": 3854.7165913981275, "total_p": 61972396.2539564, "total_T": 4640.78, "pitot_p": 61972396.2539564, "composition_massf": {"H2O": 0.15385, "OH": 0.060802, "Ar": 0.73158, "HO2": 0.00053525, "O": 0.015996, "O2": 0.027871, "H2": 0.0072868, "H": 0.0019805, "H2O2": 9.6055e-05}, "composition_moles": {"H2O": 0.22534426053883147, "OH": 0.09433470336925118, "Ar": 0.4832332397116251, "HO2": 0.000427901748248994, "O": 0.02638139255222071, "O2": 0.02298311427303524, "H2": 0.09538107010337918, "H": 0.05184778211004624, "H2O2": 7.451498250167282e-05}}, "s6": {"state_name": "s6", "gmodel_type": "CEAGas", "rho": 25.984, "p": 36343370.26922879, "T": 4667.33, "a": 1303.1, "h": 6558010.0, "u": 5159320.0, "s": 8717.1, "gamma": 1.1512045740778951, "R": 299.67597765363126, "Cp": 2281.6, "molecular_mass": 0.027745000000000002, "v": 1303.1008494320006, "M": 1.0000006518548084, "Ht": 7407039.99993, "Ue": 3848.906338151138, "total_p": 64677464.749230355, "total_T": 5123.85, "pitot_p": 64679251.31602498, "composition_massf": {"e-": 0.0, "N-": 0.0, "O2+": 0.0, "N": 0.00031807, "N2": 0.70799, "O+": 0.0, "N2O": 0.00021475, "N2+": 0.0, "O": 0.044166, "O2": 0.12143, "NO": 0.12513, "O-": 0.0, "N+": 0.0, "NO2": 0.00074198, "NO+": 3.3773e-06}, "composition_moles": {"e-": 0.0, "N-": 0.0, "O2+": 0.0, "N": 0.0006300450605781518, "N2": 0.7012066564572669, "O+": 0.0, "N2O": 0.0001353751351879453, "N2+": 0.0, "O": 0.07658947648036801, "O2": 0.1052875529707364, "NO": 0.11570086915660482, "O-": 0.0, "N+": 0.0, "NO2": 0.00044747334775189926, "NO+": 3.122861741510939e-06}}, "s8": {"state_name": "s8", "gmodel_type": "CEAGas", "rho": 0.05302, "p": 15395.439375669717, "T": 1007.55, "a": 622.3, "h": 761770.0, "u": 471400.0, "s": 8717.1, "gamma": 1.3341417105567475, "R": 288.19792027729636, "Cp": 1150.7, "molecular_mass": 0.02885, "v": 3645.6209105981384, "M": 5.858301318653606, "Ht": 7407039.99993, "Ue": 3848.906338151138, "total_p": 64677235.54175212, "total_T": 5123.85, "pitot_p": 680810.8228285087, "unit_Re": 4415350.998924395, "k": 0.06680000000000001, "mu": 4.3777000000000005e-05, "composition_massf": {"e-": 0.0, "N-": 0.0, "O2+": 0.0, "N": 0.0, "N2": 0.76706, "O+": 0.0, "N2O": 0.0, "N2+": 0.0, "O": 0.0, "O2": 0.2329, "NO": 3.5368e-05, "O-": 0.0, "N+": 0.0, "NO2": 1.0919e-06, "NO+": 0.0}, "composition_moles": {"e-": 0.0, "N-": 0.0, "O2+": 0.0, "N": 0.0, "N2": 0.7899676940321418, "O+": 0.0, "N2O": 0.0, "N2+": 0.0, "O": 0.0, "O2": 0.20998178056677128, "NO": 3.4005312253175184e-05, "O-": 0.0, "N+": 0.0, "NO2": 6.847293258414755e-07, "NO+": 0.0}}, "s10f": {"state_name": "s10f", "gmodel_type": "IdealGas", "rho": 0.3156749666979802, "p": 601701.1875187112, "T": 6613.782106228883, "a": 1594.3944322803416, "h": 7618415.608165051, "u": 5712337.35998269, "s": 3056.696282836767, "gamma": 1.3336774647686667, "R": 288.19792027729636, "Cp": 1151.9, "molecular_mass": 0.02885, "v": 612.3024558666228, "M": 0.3840344920114234, "Ht": null, "Ue": null, "total_p": 663094.5096645984, "total_T": 6776.519452118416,