{"states_dict": {"s4": {"state_name": "s4", "gmodel_type": "CEAGas", "rho": 33.429, "p": 37310000.0, "T": 3861.0, "a": 1256.6, "h": 3288120.0, "u": 2172010.0, "s": 6232.3, "gamma": 1.4148350213656617, "R": 289.06963807669575, "Cp": 985.9, "molecular_mass": 0.028763, "v": 0.0, "M": 0.0, "Ht": 3287120.0, "Ue": 2564.028080969473, "total_p": 37307663.26738406, "total_T": 3861.0, "pitot_p": 37307663.26738406, "composition_massf": {"Ar": 0.83332, "O2": 0.14796, "H2": 0.018713}, "composition_moles": {"Ar": 0.5999995784519876, "O2": 0.1329979086715752, "H2": 0.26700102139016213}}, "s1": {"state_name": "s1", "gmodel_type": "CEAGas", "rho": 1.8967, "p": 162975.08346206436, "T": 298.15, "a": 346.7, "h": 7.000000000000001e-05, "u": -85925.0, "s": 6747.4, "gamma": 1.398557725608831, "R": 288.19792027729636, "Cp": 1011.3000000000001, "molecular_mass": 0.02885, "v": 0.0, "M": 0.0, "Ht": null, "Ue": null, "total_p": 162978.2022075143, "total_T": 298.15, "pitot_p": 162978.2022075143, "composition_massf": {"e-": 0.0, "N-": 0.0, "O2+": 0.0, "N": 0.0, "N2": 0.76708, "O+": 0.0, "N2O": 0.0, "N2+": 0.0, "O": 0.0, "O2": 0.23292, "NO": 0.0, "O-": 0.0, "N+": 0.0, "NO2": 0.0, "NO+": 0.0}, "composition_moles": {"e-": 0.0, "N-": 0.0, "O2+": 0.0, "N": 0.0, "N2": 0.7899882913177266, "O+": 0.0, "N2O": 0.0, "N2+": 0.0, "O": 0.0, "O2": 0.20999981249296848, "NO": 0.0, "O-": 0.0, "N+": 0.0, "NO2": 0.0, "NO+": 0.0}}, "s2": {"state_name": "s2", "gmodel_type": "CEAGas", "rho": 10.879220103673225, "p": 5299800.0, "T": 1690.4139921221206, "a": 793.6, "h": 1590240.0, "u": 1103090.0, "s": 7658.8, "gamma": 1.2929596374829597, "R": 288.18793109424286, "Cp": 1271.9, "molecular_mass": 0.028850999999999998, "v": 1495.3718876758626, "M": 1.8842891729786575, "Ht": 2708309.99993, "Ue": 2327.3633149682496, "total_p": 34052343.175994046, "total_T": 2520.68, "pitot_p": 25584387.991291616, "unit_Re": 262895186.04555482, "k": 0.1041, "mu": 6.1882e-05, "composition_massf": {"e-": 0.0, "N-": 0.0, "O2+": 0.0, "N": 0.0, "N2": 0.76569, "O+": 0.0, "N2O": 1.8178e-06, "N2+": 0.0, "O": 1.4035e-06, "O2": 0.2313, "NO": 0.0028991, "O-": 0.0, "N+": 0.0, "NO2": 0.00010408, "NO+": 0.0}, "composition_moles": {"e-": 0.0, "N-": 0.0, "O2+": 0.0, "N": 0.0, "N2": 0.7885841129602261, "O+": 0.0, "N2O": 1.191593077468373e-06, "N2+": 0.0, "O": 2.5308685638211436e-06, "O2": 0.20854645486705753, "NO": 0.0027874976788053096, "O-": 0.0, "N+": 0.0, "NO2": 6.527071937051005e-05, "NO+": 0.0}}, "s3": {"state_name": "s3", "gmodel_type": "CEAGas", "rho": 8.5513, "p": 5299799.999999995, "T": 2144.0, "a": 947.7, "h": 1637070.0, "u": 1017300.0, "s": 6232.3, "gamma": 1.4491934727256068, "R": 289.06963807669575, "Cp": 932.6, "molecular_mass": 0.028763, "v": 1495.365543220525, "M": 1.5778891455318402, "Ht": 2754130.0, "Ue": 2346.968257135149, "total_p": 22299023.988978866, "total_T": 3316.58, "pitot_p": 20156639.654853348, "composition_massf": {"Ar": 0.83332, "O2": 0.14796, "H2": 0.018713}, "composition_moles": {"Ar": 0.5999995784519876, "O2": 0.1329979086715752, "H2": 0.26700102139016213}}, "s5": {"state_name": "s5", "gmodel_type": "CEAGas", "rho": 43.259, "p": 37794783.774679765, "T": 3028.2304613568335, "a": 1039.3, "h": 3459270.0, "u": 2585570.0, "s": 7899.8, "gamma": 1.229898059432662, "R": 288.5179401762787, "Cp": 1543.5, "molecular_mass": 0.028818, "v": 0.0, "M": 0.0, "Ht": 3459259.99993, "Ue": 2630.307966733173, "total_p": 37799966.87250355, "total_T": 3028.23, "pitot_p": 37799966.87250355, "composition_massf": {"e-": 0.0, "N-": 0.0, "O2+": 0.0, "N": 0.0, "N2": 0.74458, "O+": 0.0, "N2O": 7.6134e-05, "N2+": 0.0, "O": 0.0015299, "O2": 0.20545, "NO": 0.047598, "O-": 0.0, "N+": 0.0, "NO2": 0.00076175, "NO+": 0.0}, "composition_moles": {"e-": 0.0, "N-": 0.0, "O2+": 0.0, "N": 0.0, "N2": 0.765965803508321, "O+": 0.0, "N2O": 4.984980760142504e-05, "N2+": 0.0, "O": 0.0027556444741677817, "O2": 0.18502750415640587, "NO": 0.0457133437534368, "O-": 0.0, "N+": 0.0, "NO2": 0.0004771627631478845, "NO+": 0.0}}, "s5d": {"state_name": "s5d", "gmodel_type": "CEAGas", "rho": 26.383, "p": 33591121.4323867, "T": 4404.465840689498, "a": 1338.6, "h": 3827440.0, "u": 2554240.0, "s": 6393.3, "gamma": 1.40740982146715, "R": 289.06963807669575, "Cp": 998.6, "molecular_mass": 0.028763, "v": 0.0, "M": 0.0, "Ht": 3826440.0, "Ue": 2766.38392129509, "total_p": 33591648.358207434, "total_T": 4404.46, "pitot_p": 33591648.358207434, "composition_massf": {"Ar": 0.83332, "O2": 0.14796, "H2": 0.018713}, "composition_moles": {"Ar": 0.5999995784519876, "O2": 0.1329979086715752, "H2": 0.26700102139016213}}, "s6": {"state_name": "s6", "gmodel_type": "CEAGas", "rho": 26.826, "p": 20884279.678820066, "T": 2700.29, "a": 985.2, "h": 2969520.0, "u": 2191010.0, "s": 7899.8, "gamma": 1.2436695056545282, "R": 288.30784701272586, "Cp": 1471.5, "molecular_mass": 0.028839, "v": 989.6969233053117, "M": 1.004564477573398, "Ht": 3459279.99993, "Ue": 2630.3155703945486, "total_p": 37800221.65474365, "total_T": 3028.24, "pitot_p": 37800338.11221245, "composition_massf": {"e-": 0.0, "N-": 0.0, "O2+": 0.0, "N": 0.0, "N2": 0.75217, "O+": 0.0, "N2O": 3.714e-05, "N2+": 0.0, "O": 0.0006108, "O2": 0.21512, "NO": 0.031558, "O-": 0.0, "N+": 0.0, "NO2": 0.00049685, "NO+": 0.0}, "composition_moles": {"e-": 0.0, "N-": 0.0, "O2+": 0.0, "N": 0.0, "N2": 0.7743376609051383, "O+": 0.0, "N2O": 2.4335658263050747e-05, "N2+": 0.0, "O": 0.0011009701113791767, "O2": 0.19387744790429642, "NO": 0.03033053819056792, "O-": 0.0, "N+": 0.0, "NO2": 0.00031145530751757936, "NO+": 0.0}}, "s8": {"state_name": "s8", "gmodel_type": "CEAGas", "rho": 0.05821, "p": 6137.219540769181, "T": 365.84, "a": 383.6, "h": 68605.0, "u": -36828.0, "s": 7899.8, "gamma": 1.3958207623676284, "R": 288.19792027729636, "Cp": 1016.3, "molecular_mass": 0.02885, "v": 2604.0986924461986, "M": 6.788578447461414, "Ht": 3459279.99993, "Ue": 2630.3155703945486, "total_p": 37800234.7798168, "total_T": 3028.24, "pitot_p": 373836.50761889864, "unit_Re": 7000304.095654068, "k": 0.03081, "mu": 2.1654000000000003e-05, "composition_massf": {"e-": 0.0, "N-": 0.0, "O2+": 0.0, "N": 0.0, "N2": 0.76708, "O+": 0.0, "N2O": 0.0, "N2+": 0.0, "O": 0.0, "O2": 0.23292, "NO": 0.0, "O-": 0.0, "N+": 0.0, "NO2": 0.0, "NO+": 0.0}, "composition_moles": {"e-": 0.0, "N-": 0.0, "O2+": 0.0, "N": 0.0, "N2": 0.7899882913177266, "O+": 0.0, "N2O": 0.0, "N2+": 0.0, "O": 0.0, "O2": 0.20999981249296848, "NO": 0.0, "O-": 0.0, "N+": 0.0, "NO2": 0.0, "NO+": 0.0}}, "s10f": {"state_name": "s10f", "gmodel_type": "IdealGas", "rho": 0.3175100144975535, "p": 328504.8373004181, "T": 3589.992148200629, "a": 1201.7302617006799, "h": 3648509.020216299, "u": 2613880.7492930545, "s": 2189.8843146162826, "gamma": 1.3958207623676286, "R": 288.19792027729636, "Cp": 1016.3000000000002, "molecular_mass": 0.02885, "v": 477.4079425055703, "M": 0.39726713865884183, "Ht": null, "Ue": null, "total_p": 366138.41430783336, "total_T": 3702.123577683755, "pitot_p": 366138.41430783336}, "s10e": {"state_name": "s10e", "gmodel_type": "CEAGas", "rho": 0.4101642288000813, "p": 344860.0, "T": 2891.8130532378636, "a": 1005.5, "h": 3390980.0, "u": 2550190.0, "s": 9236.0, "gamma": 1.287882517787384, "R": 290.74763087037104, "Cp": 1300.7, "molecular_mass": 0.028597, "v": 369.5704653005644, "M": 0.36754894609703076, "Ht": 3459269.99993, "Ue": 2630.3117685666084, "total_p": 373836.50761889864, "total_T": 2928.78, "pitot_p": 373836.50761889864, "unit_Re": 1686071.6418323235, "k": 0.28249, "mu": 8.9904e-05, "composition_massf": {"e-": 0.0, "N-": 0.0, "O2+": 0.0, "N": 1.5556e-06, "N2": 0.74844, "O+": 0.0, "N2O": 6.0409e-06, "N2+": 0.0, "O": 0.0098507, "O2": 0.20175, "NO": 0.039882, "O-": 0.0, "N+": 0.0, "NO2": 6.6458e-05, "NO+": 0.0}, "composition_moles": {"e-": 0.0, "N-": 0.0, "O2+": 0.0, "N": 3.1760152784024786e-06, "N2": 0.7640321660348262, "O+": 0.0, "N2O": 3.92503129316926e-06, "N2+": 0.0, "O": 0.0176069395039814, "O2": 0.18030190975911597, "NO": 0.038009123278266756, "O-": 0.0, "N+": 0.0, "NO2": 4.1310265642151494e-05,