{"states_dict": {"s4": {"state_name": "s4", "gmodel_type": "CEAGas", "rho": 33.429, "p": 37310000.0, "T": 3861.0, "a": 1256.6, "h": 3288120.0, "u": 2172010.0, "s": 6232.3, "gamma": 1.4148350213656617, "R": 289.06963807669575, "Cp": 985.9, "molecular_mass": 0.028763, "v": 0.0, "M": 0.0, "Ht": 3287120.0, "Ue": 2564.028080969473, "total_p": 37307663.26738406, "total_T": 3861.0, "pitot_p": 37307663.26738406, "composition_massf": {"Ar": 0.83332, "O2": 0.14796, "H2": 0.018713}, "composition_moles": {"Ar": 0.5999995784519876, "O2": 0.1329979086715752, "H2": 0.26700102139016213}}, "s1": {"state_name": "s1", "gmodel_type": "CEAGas", "rho": 1.4198, "p": 122000.0, "T": 298.15, "a": 346.7, "h": 7.000000000000001e-05, "u": -85925.0, "s": 6830.9, "gamma": 1.398557725608831, "R": 288.19792027729636, "Cp": 1011.3000000000001, "molecular_mass": 0.02885, "v": 0.0, "M": 0.0, "Ht": -10.11307, "Ue": null, "total_p": 121972.12126766708, "total_T": 298.14, "pitot_p": 121972.12126766708, "composition_massf": {"e-": 0.0, "N-": 0.0, "O2+": 0.0, "N": 0.0, "N2": 0.76708, "O+": 0.0, "N2O": 0.0, "N2+": 0.0, "O": 0.0, "O2": 0.23292, "NO": 0.0, "O-": 0.0, "N+": 0.0, "NO2": 0.0, "NO+": 0.0}, "composition_moles": {"e-": 0.0, "N-": 0.0, "O2+": 0.0, "N": 0.0, "N2": 0.7899882913177266, "O+": 0.0, "N2O": 0.0, "N2+": 0.0, "O": 0.0, "O2": 0.20999981249296848, "NO": 0.0, "O-": 0.0, "N+": 0.0, "NO2": 0.0, "NO+": 0.0}}, "s2": {"state_name": "s2", "gmodel_type": "CEAGas", "rho": 7.834630247179731, "p": 3438300.0000000005, "T": 1522.8366326927298, "a": 755.8, "h": 1379510.0, "u": 940650.0, "s": 7652.3, "gamma": 1.3017952547447433, "R": 288.18793109424286, "Cp": 1243.1000000000001, "molecular_mass": 0.028850999999999998, "v": 1382.9176292508207, "M": 1.8297401815967462, "Ht": 2335749.99993, "Ue": 2161.365309210824, "total_p": 20258105.69092389, "total_T": 2254.14, "pitot_p": 15817511.54298817, "unit_Re": 187817849.55859315, "k": 0.09456, "mu": 5.7687000000000005e-05, "composition_massf": {"e-": 0.0, "N-": 0.0, "O2+": 0.0, "N": 0.0, "N2": 0.7664, "O+": 0.0, "N2O": 0.0, "N2+": 0.0, "O": 0.0, "O2": 0.23212, "NO": 0.0014193, "O-": 0.0, "N+": 0.0, "NO2": 6.4081e-05, "NO+": 0.0}, "composition_moles": {"e-": 0.0, "N-": 0.0, "O2+": 0.0, "N": 0.0, "N2": 0.7893153419434984, "O+": 0.0, "N2O": 0.0, "N2+": 0.0, "O": 0.0, "O2": 0.20928578946710502, "NO": 0.0013646633284565472, "O-": 0.0, "N+": 0.0, "NO2": 4.018651967699514e-05, "NO+": 0.0}}, "s3": {"state_name": "s3", "gmodel_type": "CEAGas", "rho": 6.3494, "p": 3438299.9999999986, "T": 1873.3, "a": 888.4, "h": 1386180.0, "u": 844660.0, "s": 6232.3, "gamma": 1.457583892590856, "R": 289.06963807669575, "Cp": 920.8, "molecular_mass": 0.028763, "v": 1768.5952968949825, "M": 1.9907646295531096, "Ht": 2949150.0, "Ue": 2428.641595625011, "total_p": 27168176.07732033, "total_T": 3516.7, "pitot_p": 19824170.561623346, "composition_massf": {"Ar": 0.83332, "O2": 0.14796, "H2": 0.018713}, "composition_moles": {"Ar": 0.5999995784519876, "O2": 0.1329979086715752, "H2": 0.26700102139016213}}, "s5": {"state_name": "s5", "gmodel_type": "CEAGas", "rho": 30.128, "p": 23682158.526395913, "T": 2726.4215855694392, "a": 989.6, "h": 3007430.0, "u": 2221380.0, "s": 7877.5, "gamma": 1.2428280573465698, "R": 288.30784701272586, "Cp": 1475.6, "molecular_mass": 0.028839, "v": 0.0, "M": 0.0, "Ht": 3007419.99993, "Ue": 2452.5170743258855, "total_p": 23684264.318835612, "total_T": 2726.42, "pitot_p": 23684264.318835612, "composition_massf": {"e-": 0.0, "N-": 0.0, "O2+": 0.0, "N": 0.0, "N2": 0.75161, "O+": 0.0, "N2O": 4.1061e-05, "N2+": 0.0, "O": 0.00063891, "O2": 0.21443, "NO": 0.032745, "O-": 0.0, "N+": 0.0, "NO2": 0.00053567, "NO+": 0.0}, "composition_moles": {"e-": 0.0, "N-": 0.0, "O2+": 0.0, "N": 0.0, "N2": 0.7737611568035297, "O+": 0.0, "N2O": 2.6904859018285586e-05, "N2+": 0.0, "O": 0.0011516385295698589, "O2": 0.19325558364688677, "NO": 0.03147136932157128, "O-": 0.0, "N+": 0.0, "NO2": 0.0003357900061949115, "NO+": 0.0}}, "s5d": {"state_name": "s5d", "gmodel_type": "CEAGas", "rho": 22.626, "p": 31042689.052188564, "T": 4746.186025587938, "a": 1387.5, "h": 4169970.0000000005, "u": 2797980.0, "s": 6491.0, "gamma": 1.4032046254830255, "R": 289.06963807669575, "Cp": 1006.0, "molecular_mass": 0.028763, "v": 0.0, "M": 0.0, "Ht": 4168970.0000000005, "Ue": 2887.5491337811036, "total_p": 31043592.861305617, "total_T": 4746.19, "pitot_p": 31043592.861305617, "composition_massf": {"Ar": 0.83332, "O2": 0.14796, "H2": 0.018713}, "composition_moles": {"Ar": 0.5999995784519876, "O2": 0.1329979086715752, "H2": 0.26700102139016213}}, "s6": {"state_name": "s6", "gmodel_type": "CEAGas", "rho": 18.692, "p": 13028068.517048625, "T": 2418.28, "a": 936.4, "h": 2564590.0, "u": 1867600.0, "s": 7877.5, "gamma": 1.2568141298040743, "R": 288.21790072102056, "Cp": 1410.5, "molecular_mass": 0.028848, "v": 941.1057326358182, "M": 1.0050253445491437, "Ht": 3007439.99993, "Ue": 2452.5252291994875, "total_p": 23684398.911905717, "total_T": 2726.43, "pitot_p": 23685328.028182235, "composition_massf": {"e-": 0.0, "N-": 0.0, "O2+": 0.0, "N": 0.0, "N2": 0.75762, "O+": 0.0, "N2O": 1.857e-05, "N2+": 0.0, "O": 0.00020752, "O2": 0.22179, "NO": 0.02002, "O-": 0.0, "N+": 0.0, "NO2": 0.00033502, "NO+": 0.0}, "composition_moles": {"e-": 0.0, "N-": 0.0, "O2+": 0.0, "N": 0.0, "N2": 0.7801916854076976, "O+": 0.0, "N2O": 1.2171626435945906e-05, "N2+": 0.0, "O": 0.0003741725914721802, "O2": 0.19995118316936883, "NO": 0.01924731837859635, "O-": 0.0, "N+": 0.0, "NO2": 0.0002100761204638576, "NO+": 0.0}}, "s8": {"state_name": "s8", "gmodel_type": "CEAGas", "rho": 0.041028, "p": 3650.695752052478, "T": 308.75, "a": 352.7, "h": 10723.0, "u": -78257.0, "s": 7877.5, "gamma": 1.398227293180812, "R": 288.19792027729636, "Cp": 1011.9, "molecular_mass": 0.02885, "v": 2448.145012044834, "M": 6.941153989353087, "Ht": 3007419.99993, "Ue": 2452.5170743258855, "total_p": 23684190.78793868, "total_T": 2726.42, "pitot_p": 232119.1747396836, "unit_Re": 5256567.592326536, "k": 0.02707, "mu": 1.9108e-05, "composition_massf": {"e-": 0.0, "N-": 0.0, "O2+": 0.0, "N": 0.0, "N2": 0.76708, "O+": 0.0, "N2O": 0.0, "N2+": 0.0, "O": 0.0, "O2": 0.23292, "NO": 0.0, "O-": 0.0, "N+": 0.0, "NO2": 0.0, "NO+": 0.0}, "composition_moles": {"e-": 0.0, "N-": 0.0, "O2+": 0.0, "N": 0.0, "N2": 0.7899882913177266, "O+": 0.0, "N2O": 0.0, "N2+": 0.0, "O": 0.0, "O2": 0.20999981249296848, "NO": 0.0, "O-": 0.0, "N+": 0.0, "NO2": 0.0, "NO+": 0.0}}, "s10f": {"state_name": "s10f", "gmodel_type": "IdealGas", "rho": 0.2237522735588873, "p": 204458.9041959714, "T": 3170.6458054017876, "a": 1130.3375979375453, "h": 3208376.490486068, "u": 2294602.9634333397, "s": 2189.9018831102917, "gamma": 1.398227293180812, "R": 288.19792027729636, "Cp": 1011.8999999999997, "molecular_mass": 0.02885, "v": 448.8978380743933, "M": 0.3971360758887154, "Ht": null, "Ue": null, "total_p": 227905.99628894654, "total_T": 3270.215559837929, "pitot_p": 227905.99628894654}, "s10e": {"state_name": "s10e", "gmodel_type": "CEAGas", "rho": 0.27965936610773534, "p": 213470.0, "T": 2637.7345649078216, "a": 965.1, "h": 2942940.0, "u": 2179620.0, "s": 9213.1, "gamma": 1.2887697745149944, "R": 289.38152582486424, "Cp": 1291.5, "molecular_mass": 0.028732, "v": 359.16012737968236, "M": 0.372148095927554, "Ht": 3007449.99993, "Ue": 2452.5293066261206, "total_p": 232119.1747396836, "total_T": 2676.31, "pitot_p": 232119.1747396836, "unit_Re": 1194052.3966544473, "k": 0.21846000000000002, "mu": 8.4119e-05, "composition_massf": {"e-": 0.0, "N-": 0.0, "O2+": 0.0, "N": 0.0, "N2": 0.75374, "O+": 0.0, "N2O": 3.3876e-06, "N2+": 0.0, "O": 0.0045949, "O2": 0.21306, "NO": 0.028553, "O-": 0.0, "N+": 0.0, "NO2": 4.7789e-05, "NO+": 0.0}, "composition_moles": {"e-": 0.0, "N-": 0.0, "O2+": 0.0, "N": 0.0, "N2": 0.7730749455617668, "O+": 0.0, "N2O": 2.211459466337066e-06, "N2+": 0.0, "O": 0.008251601110041626, "O2": 0.1913084215658087, "NO": 0.027340600611209052, "O-": 0.0, "N+": 0.0, "NO2": 2.984585643020943e-05, "NO+": 0.0}}},