{"states_dict": {"s4": {"state_name": "s4", "gmodel_type": "CEAGas", "rho": 33.429, "p": 37310000.0, "T": 3861.0, "a": 1256.6, "h": 3288120.0, "u": 2172010.0, "s": 6232.3, "gamma": 1.4148350213656617, "R": 289.06963807669575, "Cp": 985.9, "molecular_mass": 0.028763, "v": 0.0, "M": 0.0, "Ht": 3287120.0, "Ue": 2564.028080969473, "total_p": 37307663.26738406, "total_T": 3861.0, "pitot_p": 37307663.26738406, "composition_massf": {"Ar": 0.83332, "O2": 0.14796, "H2": 0.018713}, "composition_moles": {"Ar": 0.5999995784519876, "O2": 0.1329979086715752, "H2": 0.26700102139016213}}, "s1": {"state_name": "s1", "gmodel_type": "CEAGas", "rho": 0.32384, "p": 27825.59402207126, "T": 298.15, "a": 346.7, "h": 7.000000000000001e-05, "u": -85925.0, "s": 7256.8, "gamma": 1.398557725608831, "R": 288.19792027729636, "Cp": 1011.3000000000001, "molecular_mass": 0.02885, "v": 0.0, "M": 0.0, "Ht": null, "Ue": null, "total_p": 27828.380499967334, "total_T": 298.15, "pitot_p": 27828.380499967334, "composition_massf": {"e-": 0.0, "N-": 0.0, "O2+": 0.0, "N": 0.0, "N2": 0.76708, "O+": 0.0, "N2O": 0.0, "N2+": 0.0, "O": 0.0, "O2": 0.23292, "NO": 0.0, "O-": 0.0, "N+": 0.0, "NO2": 0.0, "NO+": 0.0}, "composition_moles": {"e-": 0.0, "N-": 0.0, "O2+": 0.0, "N": 0.0, "N2": 0.7899882913177266, "O+": 0.0, "N2O": 0.0, "N2+": 0.0, "O": 0.0, "O2": 0.20999981249296848, "NO": 0.0, "O-": 0.0, "N+": 0.0, "NO2": 0.0, "NO+": 0.0}}, "s2": {"state_name": "s2", "gmodel_type": "CEAGas", "rho": 2.2260459808382613, "p": 1778500.0, "T": 2765.545265485597, "a": 992.0, "h": 3096220.0, "u": 2297290.0, "s": 8656.9, "gamma": 1.2189694601953294, "R": 288.888850283173, "Cp": 1608.2, "molecular_mass": 0.028780999999999998, "v": 2149.3098121833586, "M": 2.1666429558299987, "Ht": 5405989.99993, "Ue": 3288.157538783688, "total_p": 18318760.986969925, "total_T": 4077.36, "pitot_p": 10709745.807405269, "unit_Re": 55065343.13518713, "k": 0.20088, "mu": 8.688700000000001e-05, "composition_massf": {"e-": 0.0, "N-": 0.0, "O2+": 0.0, "N": 0.0, "N2": 0.75096, "O+": 0.0, "N2O": 1.1832e-05, "N2+": 0.0, "O": 0.0027215, "O2": 0.21173, "NO": 0.034427, "O-": 0.0, "N+": 0.0, "NO2": 0.00014817, "NO+": 0.0}, "composition_moles": {"e-": 0.0, "N-": 0.0, "O2+": 0.0, "N": 0.0, "N2": 0.7715371843474907, "O+": 0.0, "N2O": 7.737221717318598e-06, "N2+": 0.0, "O": 0.004895651805692713, "O2": 0.19043842675350325, "NO": 0.0330214018816174, "O-": 0.0, "N+": 0.0, "NO2": 9.269502059536361e-05, "NO+": 0.0}}, "s3": {"state_name": "s3", "gmodel_type": "CEAGas", "rho": 4.0474, "p": 1778499.999999999, "T": 1520.09, "a": 803.8, "h": 1063920.0, "u": 624500.0, "s": 6232.3, "gamma": 1.4703911409226236, "R": 289.06963807669575, "Cp": 903.5999999999999, "molecular_mass": 0.028763, "v": 2149.2941436655, "M": 2.673916575846604, "Ht": 3372660.0, "Ue": 2597.1753887637237, "total_p": 40245319.49841016, "total_T": 3947.67, "pitot_p": 17924941.191297777, "composition_massf": {"Ar": 0.83332, "O2": 0.14796, "H2": 0.018713}, "composition_moles": {"Ar": 0.5999995784519876, "O2": 0.1329979086715752, "H2": 0.26700102139016213}}, "s5": {"state_name": "s5", "gmodel_type": "CEAGas", "rho": 10.659, "p": 14774339.927357007, "T": 4568.643125803229, "a": 1294.3, "h": 6624880.0, "u": 5238800.0, "s": 9003.0, "gamma": 1.1364611792185437, "R": 303.3828358753558, "Cp": 2526.6000000000004, "molecular_mass": 0.027406, "v": 0.0, "M": 0.0, "Ht": 6624879.99993, "Ue": 3640.021977936397, "total_p": 14772105.493690008, "total_T": 4568.62, "pitot_p": 14772105.493690008, "composition_massf": {"e-": 0.0, "N-": 0.0, "O2+": 0.0, "N": 0.00038396, "N2": 0.7127, "O+": 0.0, "N2O": 0.00012459, "N2+": 0.0, "O": 0.058228, "O2": 0.1129, "NO": 0.11523, "O-": 0.0, "N+": 0.0, "NO2": 0.00042801, "NO+": 3.5546e-06}, "composition_moles": {"e-": 0.0, "N-": 0.0, "O2+": 0.0, "N": 0.0007512695895535707, "N2": 0.6972468961282814, "O+": 0.0, "N2O": 7.758001172386214e-05, "N2+": 0.0, "O": 0.09974102578846708, "O2": 0.09669541982824356, "NO": 0.10524504617394462, "O-": 0.0, "N+": 0.0, "NO2": 0.00025497042875308385, "NO+": 3.24664480586749e-06}}, "s5d": {"state_name": "s5d", "gmodel_type": "CEAGas", "rho": 16.9, "p": 26363508.166219123, "T": 5396.610535479042, "a": 1476.0, "h": 4828430.0, "u": 3268430.0, "s": 6668.2, "gamma": 1.396403733539414, "R": 289.06963807669575, "Cp": 1018.3, "molecular_mass": 0.028763, "v": 0.0, "M": 0.0, "Ht": 4827430.0, "Ue": 3107.227059614408, "total_p": 26366883.617664434, "total_T": 5396.61, "pitot_p": 26366883.617664434, "composition_massf": {"Ar": 0.83332, "O2": 0.14796, "H2": 0.018713}, "composition_moles": {"Ar": 0.5999995784519876, "O2": 0.1329979086715752, "H2": 0.26700102139016213}}, "s6": {"state_name": "s6", "gmodel_type": "CEAGas", "rho": 6.694, "p": 8436120.953509748, "T": 4199.52, "a": 1230.3, "h": 5884370.0, "u": 4624130.0, "s": 9003.0, "gamma": 1.1350822521171926, "R": 300.08698162919114, "Cp": 2521.6, "molecular_mass": 0.027707000000000002, "v": 1230.3006512718086, "M": 1.000000529360163, "Ht": 6641189.99993, "Ue": 3644.4999656825353, "total_p": 14946719.859212596, "total_T": 4576.83, "pitot_p": 14946945.280511444, "composition_massf": {"e-": 0.0, "N-": 0.0, "O2+": 0.0, "N": 0.0001647, "N2": 0.71912, "O+": 0.0, "N2O": 8.1436e-05, "N2+": 0.0, "O": 0.045751, "O2": 0.13248, "NO": 0.10205, "O-": 0.0, "N+": 0.0, "NO2": 0.00034719, "NO+": 1.3672e-06}, "composition_moles": {"e-": 0.0, "N-": 0.0, "O2+": 0.0, "N": 0.0003257971470796119, "N2": 0.711254536757409, "O+": 0.0, "N2O": 5.126570570379526e-05, "N2+": 0.0, "O": 0.07922940591522183, "O2": 0.11471128167306274, "NO": 0.09423081806699304, "O-": 0.0, "N+": 0.0, "NO2": 0.00020909659345078307, "NO+": 1.2624667314062424e-06}}, "s8": {"state_name": "s8", "gmodel_type": "CEAGas", "rho": 0.013554, "p": 3469.879942829597, "T": 888.31, "a": 586.5, "h": 625900.0, "u": 369900.0, "s": 9003.0, "gamma": 1.343869711399177, "R": 288.19792027729636, "Cp": 1126.3000000000002, "molecular_mass": 0.02885, "v": 3468.512605212764, "M": 5.913917485443758, "Ht": 6641189.99993, "Ue": 3644.4999656825353, "total_p": 14946695.170256194, "total_T": 4576.83, "pitot_p": 157640.09971090723, "unit_Re": 1169225.523553865, "k": 0.060480000000000006, "mu": 4.0208e-05, "composition_massf": {"e-": 0.0, "N-": 0.0, "O2+": 0.0, "N": 0.0, "N2": 0.76708, "O+": 0.0, "N2O": 0.0, "N2+": 0.0, "O": 0.0, "O2": 0.23291, "NO": 8.1757e-06, "O-": 0.0, "N+": 0.0, "NO2": 0.0, "NO+": 0.0}, "composition_moles": {"e-": 0.0, "N-": 0.0, "O2+": 0.0, "N": 0.0, "N2": 0.7899882913177266, "O+": 0.0, "N2O": 0.0, "N2+": 0.0, "O": 0.0, "O2": 0.20999079652986988, "NO": 7.860699824369046e-06, "O-": 0.0, "N+": 0.0, "NO2": 0.0, "NO+": 0.0}}, "s10f": {"state_name": "s10f", "gmodel_type": "IdealGas", "rho": 0.07923794427455243, "p": 138637.7194416442, "T": 6070.959888124742, "a": 1533.2966190829698, "h": 6840150.505950147, "u": 5090512.492105708, "s": 3305.14896311386, "gamma": 1.3437056713951203, "R": 288.19792027729636, "Cp": 1126.7, "molecular_mass": 0.02885, "v": 593.2928742362747, "M": 0.38693940027801654, "Ht": null, "Ue": null, "total_p": 153114.0513309576, "total_T": 6227.166702103415, "pitot_p": 153114.0513309576}, "s10e": {"state_name": "s10e", "gmodel_type": "CEAGas", "rho": 0.1208556942639452, "p": 148240.0, "T": 3816.830970224599, "a": 1203.9, "h": 6565530.0, "u": 5338940.0, "s": 10426.4, "gamma": 1.3190165182061486, "R": 321.35855911568046, "Cp": 1328.7, "molecular_mass": 0.025873, "v": 388.9946612559316, "M": 0.32311210337730006, "Ht": 6641179.99993, "Ue": 3644.4972218208645, "total_p": 157640.09971090723, "total_T": 3846.43, "pitot_p": 157640.09971090723, "unit_Re": 410479.5237147804, "k": 0.6563, "mu": 0.00011453, "composition_massf": {"e-": 0.0, "N-": 0.0, "O2+": 0.0, "N": 0.00032356, "N2": 0.73889, "O+": 0.0, "N2O": 5.9813e-06, "N2+": 0.0, "O": 0.1273, "O2": 0.073778, "NO": 0.059685, "O-": 0.0, "N+": 0.0, "NO2": 2.2305e-05, "NO+": 1.7733e-06}, "composition_moles": {"e-": 0.0, "N-": 0.0, "O2+": 0.0, "N": 0.0005976759607901934, "N2": 0.6824341554398967, "O+": 0.0,