{"states_dict": {"s4": {"state_name": "s4", "gmodel_type": "CEAGas", "rho": 33.429, "p": 37310000.0, "T": 3861.0, "a": 1256.6, "h": 3288120.0, "u": 2172010.0, "s": 6232.3, "gamma": 1.4148350213656617, "R": 289.06963807669575, "Cp": 985.9, "molecular_mass": 0.028763, "v": 0.0, "M": 0.0, "Ht": 3287120.0, "Ue": 2564.028080969473, "total_p": 37307663.26738406, "total_T": 3861.0, "pitot_p": 37307663.26738406, "composition_massf": {"Ar": 0.83332, "O2": 0.14796, "H2": 0.018713}, "composition_moles": {"Ar": 0.5999995784519876, "O2": 0.1329979086715752, "H2": 0.26700102139016213}}, "s1": {"state_name": "s1", "gmodel_type": "CEAGas", "rho": 0.86014, "p": 73907.22033525775, "T": 298.15, "a": 346.7, "h": 7.000000000000001e-05, "u": -85925.0, "s": 6975.3, "gamma": 1.398557725608831, "R": 288.19792027729636, "Cp": 1011.3000000000001, "molecular_mass": 0.02885, "v": 0.0, "M": 0.0, "Ht": null, "Ue": null, "total_p": 73908.65421630096, "total_T": 298.15, "pitot_p": 73908.65421630096, "composition_massf": {"e-": 0.0, "N-": 0.0, "O2+": 0.0, "N": 0.0, "N2": 0.76708, "O+": 0.0, "N2O": 0.0, "N2+": 0.0, "O": 0.0, "O2": 0.23292, "NO": 0.0, "O-": 0.0, "N+": 0.0, "NO2": 0.0, "NO+": 0.0}, "composition_moles": {"e-": 0.0, "N-": 0.0, "O2+": 0.0, "N": 0.0, "N2": 0.7899882913177266, "O+": 0.0, "N2O": 0.0, "N2+": 0.0, "O": 0.0, "O2": 0.20999981249296848, "NO": 0.0, "O-": 0.0, "N+": 0.0, "NO2": 0.0, "NO+": 0.0}}, "s2": {"state_name": "s2", "gmodel_type": "CEAGas", "rho": 5.3756349301289905, "p": 3340600.0, "T": 2156.253668608087, "a": 888.1, "h": 2202800.0, "u": 1581360.0, "s": 8111.4, "gamma": 1.2686271181232482, "R": 288.20791015286494, "Cp": 1361.1, "molecular_mass": 0.028849, "v": 1786.117902365525, "M": 2.0111675513630503, "Ht": 3797909.99993, "Ue": 2756.0515234407358, "total_p": 26411915.22592928, "total_T": 3237.62, "pitot_p": 17916908.17869637, "unit_Re": 131464609.91695538, "k": 0.13329, "mu": 7.303500000000001e-05, "composition_massf": {"e-": 0.0, "N-": 0.0, "O2+": 0.0, "N": 0.0, "N2": 0.76158, "O+": 0.0, "N2O": 5.5217e-06, "N2+": 0.0, "O": 8.826e-05, "O2": 0.2265, "NO": 0.011676, "O-": 0.0, "N+": 0.0, "NO2": 0.00013937, "NO+": 0.0}, "composition_moles": {"e-": 0.0, "N-": 0.0, "O2+": 0.0, "N": 0.0, "N2": 0.784296851506779, "O+": 0.0, "N2O": 3.61929991502472e-06, "N2+": 0.0, "O": 0.000159144264159906, "O2": 0.20420448579321726, "NO": 0.01122574823119299, "O-": 0.0, "N+": 0.0, "NO2": 8.739574898653422e-05, "NO+": 0.0}}, "s3": {"state_name": "s3", "gmodel_type": "CEAGas", "rho": 6.2251, "p": 3340600.0, "T": 1856.41, "a": 884.6, "h": 1370630.0, "u": 834000.0, "s": 6232.3, "gamma": 1.458091488966785, "R": 289.06963807669575, "Cp": 920.1, "molecular_mass": 0.028763, "v": 1786.1197217002164, "M": 2.0191269745650198, "Ht": 2964750.0, "Ue": 2435.056467517745, "total_p": 27587383.46048574, "total_T": 3532.66, "pitot_p": 19770910.355386637, "composition_massf": {"Ar": 0.83332, "O2": 0.14796, "H2": 0.018713}, "composition_moles": {"Ar": 0.5999995784519876, "O2": 0.1329979086715752, "H2": 0.26700102139016213}}, "s5": {"state_name": "s5", "gmodel_type": "CEAGas", "rho": 23.263, "p": 25641265.239477996, "T": 3781.037914809756, "a": 1156.4, "h": 4756350.0, "u": 3654120.0, "s": 8393.1, "gamma": 1.180795314817419, "R": 291.51216604726176, "Cp": 1903.8999999999999, "molecular_mass": 0.028522, "v": 0.0, "M": 0.0, "Ht": 4756359.99993, "Ue": 3084.2697676856997, "total_p": 25641265.239477996, "total_T": 3781.04, "pitot_p": 25641265.239477996, "composition_massf": {"e-": 0.0, "N-": 0.0, "O2+": 0.0, "N": 2.0096e-05, "N2": 0.72568, "O+": 0.0, "N2O": 0.00012036, "N2+": 0.0, "O": 0.013051, "O2": 0.1724, "NO": 0.088025, "O-": 0.0, "N+": 0.0, "NO2": 0.0007047, "NO+": 0.0}, "composition_moles": {"e-": 0.0, "N-": 0.0, "O2+": 0.0, "N": 4.092170975318954e-05, "N2": 0.7388551536050604, "O+": 0.0, "N2O": 7.799794423440454e-05, "N2+": 0.0, "O": 0.023265911346675498, "O2": 0.15366803755140818, "NO": 0.08367128850467072, "O-": 0.0, "N+": 0.0, "NO2": 0.0004368924019954136, "NO+": 0.0}}, "s5d": {"state_name": "s5d", "gmodel_type": "CEAGas", "rho": 22.369, "p": 30854596.542958517, "T": 4771.611359489446, "a": 1391.1, "h": 4195550.0, "u": 2816220.0, "s": 6498.1, "gamma": 1.4029236193764523, "R": 289.06963807669575, "Cp": 1006.5, "molecular_mass": 0.028763, "v": 0.0, "M": 0.0, "Ht": 4194540.0, "Ue": 2896.3908576019226, "total_p": 30858841.105780404, "total_T": 4771.6, "pitot_p": 30858841.105780404, "composition_massf": {"Ar": 0.83332, "O2": 0.14796, "H2": 0.018713}, "composition_moles": {"Ar": 0.5999995784519876, "O2": 0.1329979086715752, "H2": 0.26700102139016213}}, "s6": {"state_name": "s6", "gmodel_type": "CEAGas", "rho": 14.478, "p": 14412703.257738177, "T": 3430.56, "a": 1100.7, "h": 4152550.0, "u": 3157050.0, "s": 8393.1, "gamma": 1.1928668705743375, "R": 290.1895155661036, "Cp": 1794.8, "molecular_mass": 0.028652, "v": 1100.7005494252498, "M": 1.0000004991598526, "Ht": 4758329.99993, "Ue": 3084.9084264950234, "total_p": 25687290.004719812, "total_T": 3782.17, "pitot_p": 25688211.812331405, "composition_massf": {"e-": 0.0, "N-": 0.0, "O2+": 0.0, "N": 5.5808e-06, "N2": 0.73468, "O+": 0.0, "N2O": 6.9339e-05, "N2+": 0.0, "O": 0.0078618, "O2": 0.1879, "NO": 0.068974, "O-": 0.0, "N+": 0.0, "NO2": 0.00051027, "NO+": 0.0}, "composition_moles": {"e-": 0.0, "N-": 0.0, "O2+": 0.0, "N": 1.14160424368338e-05, "N2": 0.7514279366303268, "O+": 0.0, "N2O": 4.513916469754253e-05, "N2+": 0.0, "O": 0.014079046314236785, "O2": 0.1682472717726915, "NO": 0.06586137645345445, "O-": 0.0, "N+": 0.0, "NO2": 0.0003177936559759159, "NO+": 0.0}}, "s8": {"state_name": "s8", "gmodel_type": "CEAGas", "rho": 0.030334, "p": 4830.846095335952, "T": 552.6, "a": 468.7, "h": 260940.0, "u": 101690.0, "s": 8393.1, "gamma": 1.3796563439564988, "R": 288.19792027729636, "Cp": 1047.3, "molecular_mass": 0.02885, "v": 2999.12682284445, "M": 6.398819762842864, "Ht": 4758329.99993, "Ue": 3084.9084264950234, "total_p": 25687274.64945059, "total_T": 3782.17, "pitot_p": 260959.03772738547, "unit_Re": 3133413.000074518, "k": 0.04202, "mu": 2.9034e-05, "composition_massf": {"e-": 0.0, "N-": 0.0, "O2+": 0.0, "N": 0.0, "N2": 0.76708, "O+": 0.0, "N2O": 0.0, "N2+": 0.0, "O": 0.0, "O2": 0.23292, "NO": 0.0, "O-": 0.0, "N+": 0.0, "NO2": 0.0, "NO+": 0.0}, "composition_moles": {"e-": 0.0, "N-": 0.0, "O2+": 0.0, "N": 0.0, "N2": 0.7899882913177266, "O+": 0.0, "N2O": 0.0, "N2+": 0.0, "O": 0.0, "O2": 0.20999981249296848, "NO": 0.0, "O-": 0.0, "N+": 0.0, "NO2": 0.0, "NO+": 0.0}}, "s10f": {"state_name": "s10f", "gmodel_type": "IdealGas", "rho": 0.16845074915429645, "p": 228541.333153747, "T": 4707.6153163843965, "a": 1368.1426005747126, "h": 4930285.520849379, "u": 3573560.577201849, "s": 2655.4412735075225, "gamma": 1.3796563439564988, "R": 288.19792027729636, "Cp": 1047.3, "molecular_mass": 0.02885, "v": 540.0616796314027, "M": 0.3947407817025362, "Ht": null, "Ue": null, "total_p": 254079.51213626037, "total_T": 4846.862245538551, "pitot_p": 254079.51213626037}, "s10e": {"state_name": "s10e", "gmodel_type": "CEAGas", "rho": 0.2399021176237902, "p": 243180.0, "T": 3372.297654438997, "a": 1089.6, "h": 4686420.0, "u": 3672750.0, "s": 9750.6, "gamma": 1.2960522859362509, "R": 300.58602364339686, "Cp": 1315.9, "molecular_mass": 0.027661, "v": 379.2192997096823, "M": 0.34803533380110346, "Ht": 4758339.99993, "Ue": 3084.9116680806274, "total_p": 260959.03772738547, "total_T": 3401.96, "pitot_p": 260959.03772738547, "unit_Re": 894108.2363062756, "k": 0.55097, "mu": 0.00010175, "composition_massf": {"e-": 0.0, "N-": 0.0, "O2+": 0.0, "N": 3.273e-05, "N2": 0.73938, "O+": 0.0, "N2O": 7.5909e-06, "N2+": 0.0, "O": 0.047669, "O2": 0.15363, "NO": 0.059231, "O-": 0.0, "N+": 0.0, "NO2": 5.2163e-05, "NO+": 0.0}, "composition_moles": {"e-": 0.0, "N-": 0.0, "O2+": 0.0, "N": 6.463653323052539e-05, "N2": 0.7300788258476302, "O+": 0.0, "N2O": 4.770700453050022e-06, "N2+": 0.0, "O": 0.08241385358200934, "O2": 0.13280371232671226, "NO": 0.05460185398968877, "O-": 0.0, "N+": 0.0,