{"states_dict": {"s4": {"state_name": "s4", "gmodel_type": "CEAGas", "rho": 33.429, "p": 37310000.0, "T": 3861.0, "a": 1256.6, "h": 3288120.0, "u": 2172010.0, "s": 6232.3, "gamma": 1.4148350213656617, "R": 289.06963807669575, "Cp": 985.9, "molecular_mass": 0.028763, "v": 0.0, "M": 0.0, "Ht": 3287120.0, "Ue": 2564.028080969473, "total_p": 37307663.26738406, "total_T": 3861.0, "pitot_p": 37307663.26738406, "composition_massf": {"Ar": 0.83332, "O2": 0.14796, "H2": 0.018713}, "composition_moles": {"Ar": 0.5999995784519876, "O2": 0.1329979086715752, "H2": 0.26700102139016213}}, "s1": {"state_name": "s1", "gmodel_type": "CEAGas", "rho": 0.7481, "p": 64280.73117284319, "T": 298.15, "a": 346.7, "h": 7.000000000000001e-05, "u": -85925.0, "s": 7015.5, "gamma": 1.398557725608831, "R": 288.19792027729636, "Cp": 1011.3000000000001, "molecular_mass": 0.02885, "v": 0.0, "M": 0.0, "Ht": null, "Ue": null, "total_p": 64285.94779355454, "total_T": 298.15, "pitot_p": 64285.94779355454, "composition_massf": {"e-": 0.0, "N-": 0.0, "O2+": 0.0, "N": 0.0, "N2": 0.76708, "O+": 0.0, "N2O": 0.0, "N2+": 0.0, "O": 0.0, "O2": 0.23292, "NO": 0.0, "O-": 0.0, "N+": 0.0, "NO2": 0.0, "NO+": 0.0}, "composition_moles": {"e-": 0.0, "N-": 0.0, "O2+": 0.0, "N": 0.0, "N2": 0.7899882913177266, "O+": 0.0, "N2O": 0.0, "N2+": 0.0, "O": 0.0, "O2": 0.20999981249296848, "NO": 0.0, "O-": 0.0, "N+": 0.0, "NO2": 0.0, "NO+": 0.0}}, "s2": {"state_name": "s2", "gmodel_type": "CEAGas", "rho": 4.740765111364198, "p": 3065000.0, "T": 2243.167252711302, "a": 904.3, "h": 2322050.0, "u": 1675520.0, "s": 8190.5, "gamma": 1.2636262872236732, "R": 288.21790072102056, "Cp": 1381.5, "molecular_mass": 0.028848, "v": 1837.9785583263001, "M": 2.0324876239370786, "Ht": 4011139.99993, "Ue": 2832.362971064973, "total_p": 25119529.99659707, "total_T": 3364.9, "pitot_p": 16723774.22638281, "unit_Re": 116101593.93402788, "k": 0.13965000000000002, "mu": 7.505e-05, "composition_massf": {"e-": 0.0, "N-": 0.0, "O2+": 0.0, "N": 0.0, "N2": 0.76042, "O+": 0.0, "N2O": 6.397e-06, "N2+": 0.0, "O": 0.00015961, "O2": 0.2251, "NO": 0.014172, "O-": 0.0, "N+": 0.0, "NO2": 0.00014337, "NO+": 0.0}, "composition_moles": {"e-": 0.0, "N-": 0.0, "O2+": 0.0, "N": 0.0, "N2": 0.783075105485232, "O+": 0.0, "N2O": 4.192886069507052e-06, "N2+": 0.0, "O": 0.00028778762203582635, "O2": 0.2029352600722527, "NO": 0.01362502477829508, "O-": 0.0, "N+": 0.0, "NO2": 8.990094140917935e-05, "NO+": 0.0}}, "s3": {"state_name": "s3", "gmodel_type": "CEAGas", "rho": 5.8683, "p": 3065000.0000000005, "T": 1806.81, "a": 873.2, "h": 1325050.0, "u": 802760.0, "s": 6232.3, "gamma": 1.4598404015871627, "R": 289.06963807669575, "Cp": 917.6999999999999, "molecular_mass": 0.028763, "v": 1837.976680730695, "M": 2.10487480615059, "Ht": 3013120.0, "Ue": 2454.8401169933654, "total_p": 28916236.280034408, "total_T": 3582.11, "pitot_p": 19593999.068890374, "composition_massf": {"Ar": 0.83332, "O2": 0.14796, "H2": 0.018713}, "composition_moles": {"Ar": 0.5999995784519876, "O2": 0.1329979086715752, "H2": 0.26700102139016213}}, "s5": {"state_name": "s5", "gmodel_type": "CEAGas", "rho": 20.826, "p": 23797215.8073645, "T": 3905.0968213801084, "a": 1176.2, "h": 5006390.0, "u": 3863730.0, "s": 8480.0, "gamma": 1.1721143410425265, "R": 292.60988914305824, "Cp": 1992.6999999999998, "molecular_mass": 0.028415, "v": 0.0, "M": 0.0, "Ht": 5006389.99993, "Ue": 3164.2977103711337, "total_p": 23793265.881385356, "total_T": 3905.09, "pitot_p": 23793265.881385356, "composition_massf": {"e-": 0.0, "N-": 0.0, "O2+": 0.0, "N": 3.4041e-05, "N2": 0.72283, "O+": 0.0, "N2O": 0.0001248, "N2+": 0.0, "O": 0.01722, "O2": 0.165, "NO": 0.094115, "O-": 0.0, "N+": 0.0, "NO2": 0.00067438, "NO+": 0.0}, "composition_moles": {"e-": 0.0, "N-": 0.0, "O2+": 0.0, "N": 6.90580233031335e-05, "N2": 0.7331924882377718, "O+": 0.0, "N2O": 8.05718336483932e-05, "N2+": 0.0, "O": 0.03058279060464767, "O2": 0.14652033826268485, "NO": 0.08912446885799888, "O-": 0.0, "N+": 0.0, "NO2": 0.000416526452272011, "NO+": 0.0}}, "s5d": {"state_name": "s5d", "gmodel_type": "CEAGas", "rho": 21.601, "p": 30281042.300701145, "T": 4849.408847983692, "a": 1401.9, "h": 4273920.0, "u": 2872100.0, "s": 6519.9, "gamma": 1.4020270260959153, "R": 289.06963807669575, "Cp": 1008.1, "molecular_mass": 0.028763, "v": 0.0, "M": 0.0, "Ht": 4272920.0, "Ue": 2923.3268719046796, "total_p": 30276512.857680675, "total_T": 4849.41, "pitot_p": 30276512.857680675, "composition_massf": {"Ar": 0.83332, "O2": 0.14796, "H2": 0.018713}, "composition_moles": {"Ar": 0.5999995784519876, "O2": 0.1329979086715752, "H2": 0.26700102139016213}}, "s6": {"state_name": "s6", "gmodel_type": "CEAGas", "rho": 12.976, "p": 13417120.57469769, "T": 3553.33, "a": 1119.7, "h": 4383400.0, "u": 3349420.0, "s": 8480.0, "gamma": 1.1825764566566581, "R": 290.9918454485003, "Cp": 1884.8, "molecular_mass": 0.028573, "v": 1119.7007423368514, "M": 1.0000006629783436, "Ht": 5010259.99993, "Ue": 3165.520494304215, "total_p": 23874134.896214474, "total_T": 3907.25, "pitot_p": 23872647.18472978, "composition_massf": {"e-": 0.0, "N-": 0.0, "O2+": 0.0, "N": 1.0386e-05, "N2": 0.73165, "O+": 0.0, "N2O": 7.3619e-05, "N2+": 0.0, "O": 0.010945, "O2": 0.18137, "NO": 0.075446, "O-": 0.0, "N+": 0.0, "NO2": 0.00049678, "NO+": 0.0}, "composition_moles": {"e-": 0.0, "N-": 0.0, "O2+": 0.0, "N": 2.118694467647626e-05, "N2": 0.7462655532709347, "O+": 0.0, "N2O": 4.779327120746692e-05, "N2+": 0.0, "O": 0.019546450804405164, "O2": 0.16195247978049176, "NO": 0.0718426772556247, "O-": 0.0, "N+": 0.0, "NO2": 0.000308539086413581, "NO+": 0.0}}, "s8": {"state_name": "s8", "gmodel_type": "CEAGas", "rho": 0.027033, "p": 4618.746023819654, "T": 592.86, "a": 484.7, "h": 303290.0, "u": 132430.0, "s": 8480.0, "gamma": 1.3751589951192615, "R": 288.19792027729636, "Cp": 1056.4, "molecular_mass": 0.02885, "v": 3068.216053733781, "M": 6.330134214429092, "Ht": 5010259.99993, "Ue": 3165.520494304215, "total_p": 23874105.095899608, "total_T": 3907.25, "pitot_p": 243788.17078937625, "unit_Re": 2720515.762942315, "k": 0.04431, "mu": 3.0488e-05, "composition_massf": {"e-": 0.0, "N-": 0.0, "O2+": 0.0, "N": 0.0, "N2": 0.76708, "O+": 0.0, "N2O": 0.0, "N2+": 0.0, "O": 0.0, "O2": 0.23292, "NO": 0.0, "O-": 0.0, "N+": 0.0, "NO2": 0.0, "NO+": 0.0}, "composition_moles": {"e-": 0.0, "N-": 0.0, "O2+": 0.0, "N": 0.0, "N2": 0.7899882913177266, "O+": 0.0, "N2O": 0.0, "N2+": 0.0, "O": 0.0, "O2": 0.20999981249296848, "NO": 0.0, "O-": 0.0, "N+": 0.0, "NO2": 0.0, "NO+": 0.0}}, "s10f": {"state_name": "s10f", "gmodel_type": "IdealGas", "rho": 0.1510450665241507, "p": 213554.72526619144, "T": 4905.822131390384, "a": 1394.3691875630568, "h": 5182510.499600803, "u": 3768662.7640837603, "s": 2743.6652084208486, "gamma": 1.3751589951192615, "R": 288.19792027729636, "Cp": 1056.4, "molecular_mass": 0.02885, "v": 549.1114287538451, "M": 0.39380634171465645, "Ht": null, "Ue": null, "total_p": 237223.74369586818, "total_T": 5048.534816541885, "pitot_p": 237223.74369586818}, "s10e": {"state_name": "s10e", "gmodel_type": "CEAGas", "rho": 0.21819582937183488, "p": 227579.99999999997, "T": 3441.044327437468, "a": 1104.7, "h": 4938020.0, "u": 3895020.0, "s": 9844.5, "gamma": 1.2986876557804952, "R": 303.106339542853, "Cp": 1317.9, "molecular_mass": 0.027431, "v": 380.1313930672763, "M": 0.34410373229589597, "Ht": 5010279.99993, "Ue": 3165.5268123742057, "total_p": 243788.17078937625, "total_T": 3470.03, "pitot_p": 243788.17078937625, "unit_Re": 800531.6531279346, "k": 0.59218, "mu": 0.00010361, "composition_massf": {"e-": 0.0, "N-": 0.0, "O2+": 0.0, "N": 4.7923e-05, "N2": 0.73857, "O+": 0.0, "N2O": 7.5566e-06, "N2+": 0.0, "O": 0.057345, "O2": 0.14305, "NO": 0.060927, "O-": 0.0, "N+": 0.0, "NO2": 4.8091e-05, "NO+": 0.0}, "composition_moles": {"e-": 0.0, "N-": 0.0, "O2+": 0.0, "N": 9.385335682209228e-05, "N2": 0.7232150924200561, "O+": 0.0, "N2O": 4.709654795877563e-06, "N2+": 0.0, "O": 0.09831810536645125, "O2": 0.12262974080278012, "NO": 0.05569829258050863, "O-": 0.0,