{"states_dict": {"s4": {"state_name": "s4", "gmodel_type": "CEAGas", "rho": 33.429, "p": 37310000.0, "T": 3861.0, "a": 1256.6, "h": 3288120.0, "u": 2172010.0, "s": 6232.3, "gamma": 1.4148350213656617, "R": 289.06963807669575, "Cp": 985.9, "molecular_mass": 0.028763, "v": 0.0, "M": 0.0, "Ht": 3287120.0, "Ue": 2564.028080969473, "total_p": 37307663.26738406, "total_T": 3861.0, "pitot_p": 37307663.26738406, "composition_massf": {"Ar": 0.83332, "O2": 0.14796, "H2": 0.018713}, "composition_moles": {"Ar": 0.5999995784519876, "O2": 0.1329979086715752, "H2": 0.26700102139016213}}, "s1": {"state_name": "s1", "gmodel_type": "CEAGas", "rho": 2.1808, "p": 187381.74228603867, "T": 298.15, "a": 346.7, "h": 7.000000000000001e-05, "u": -85925.0, "s": 6707.200000000001, "gamma": 1.398557725608831, "R": 288.19792027729636, "Cp": 1011.3000000000001, "molecular_mass": 0.02885, "v": 0.0, "M": 0.0, "Ht": -10.11307, "Ue": null, "total_p": 187358.90477130422, "total_T": 298.14, "pitot_p": 187358.90477130422, "composition_massf": {"e-": 0.0, "N-": 0.0, "O2+": 0.0, "N": 0.0, "N2": 0.76708, "O+": 0.0, "N2O": 0.0, "N2+": 0.0, "O": 0.0, "O2": 0.23292, "NO": 0.0, "O-": 0.0, "N+": 0.0, "NO2": 0.0, "NO+": 0.0}, "composition_moles": {"e-": 0.0, "N-": 0.0, "O2+": 0.0, "N": 0.0, "N2": 0.7899882913177266, "O+": 0.0, "N2O": 0.0, "N2+": 0.0, "O": 0.0, "O2": 0.20999981249296848, "NO": 0.0, "O-": 0.0, "N+": 0.0, "NO2": 0.0, "NO+": 0.0}}, "s2": {"state_name": "s2", "gmodel_type": "CEAGas", "rho": 12.299707951451788, "p": 5721900.0, "T": 1614.2731537191517, "a": 776.7, "h": 1493900.0, "u": 1028690.0, "s": 7578.400000000001, "gamma": 1.29694420123922, "R": 288.18793109424286, "Cp": 1258.6999999999998, "molecular_mass": 0.028850999999999998, "v": 1444.9462574360887, "M": 1.8603659809914879, "Ht": 2537829.99993, "Ue": 2252.922546351738, "total_p": 35389725.35946405, "total_T": 2400.0, "pitot_p": 27054185.766015586, "unit_Re": 296256325.5877173, "k": 0.09973, "mu": 5.999e-05, "composition_massf": {"e-": 0.0, "N-": 0.0, "O2+": 0.0, "N": 0.0, "N2": 0.76605, "O+": 0.0, "N2O": 1.4136e-06, "N2+": 0.0, "O": 0.0, "O2": 0.23171, "NO": 0.0021349, "O-": 0.0, "N+": 0.0, "NO2": 9.6374e-05, "NO+": 0.0}, "composition_moles": {"e-": 0.0, "N-": 0.0, "O2+": 0.0, "N": 0.0, "N2": 0.7889548769517445, "O+": 0.0, "N2O": 9.266343790897192e-07, "N2+": 0.0, "O": 0.0, "O2": 0.20891612216708128, "NO": 0.0020527159444246336, "O-": 0.0, "N+": 0.0, "NO2": 6.0438127484757254e-05, "NO+": 0.0}}, "s3": {"state_name": "s3", "gmodel_type": "CEAGas", "rho": 9.0158, "p": 5721899.999999998, "T": 2195.48, "a": 958.5, "h": 1685130.0, "u": 1050480.0, "s": 6232.3, "gamma": 1.4477324102533995, "R": 289.06963807669575, "Cp": 934.6999999999999, "molecular_mass": 0.028763, "v": 1444.9493039778947, "M": 1.5075110109315542, "Ht": 2728070.0, "Ue": 2335.8381793266417, "total_p": 21698629.733354513, "total_T": 3289.75, "pitot_p": 20129485.012314737, "composition_massf": {"Ar": 0.83332, "O2": 0.14796, "H2": 0.018713}, "composition_moles": {"Ar": 0.5999995784519876, "O2": 0.1329979086715752, "H2": 0.26700102139016213}}, "s5": {"state_name": "s5", "gmodel_type": "CEAGas", "rho": 48.179, "p": 40197701.941485375, "T": 2893.3656006924843, "a": 1017.6, "h": 3253170.0, "u": 2418830.0, "s": 7812.400000000001, "gamma": 1.23693332183144, "R": 288.35784143719223, "Cp": 1505.4, "molecular_mass": 0.028834, "v": 0.0, "M": 0.0, "Ht": 3253159.99993, "Ue": 2550.748909606745, "total_p": 40203956.04124201, "total_T": 2893.36, "pitot_p": 40203956.04124201, "composition_massf": {"e-": 0.0, "N-": 0.0, "O2+": 0.0, "N": 0.0, "N2": 0.7478, "O+": 0.0, "N2O": 6.6854e-05, "N2+": 0.0, "O": 0.00093175, "O2": 0.20972, "NO": 0.040727, "O-": 0.0, "N+": 0.0, "NO2": 0.00074924, "NO+": 0.0}, "composition_moles": {"e-": 0.0, "N-": 0.0, "O2+": 0.0, "N": 0.0, "N2": 0.7697053981308946, "O+": 0.0, "N2O": 4.379790051984877e-05, "N2+": 0.0, "O": 0.0016791929384851931, "O2": 0.18897791417178145, "NO": 0.039136119589016895, "O-": 0.0, "N+": 0.0, "NO2": 0.0004695870311158448, "NO+": 0.0}}, "s5d": {"state_name": "s5d", "gmodel_type": "CEAGas", "rho": 27.007, "p": 33977031.66940736, "T": 4352.133489174819, "a": 1331.0, "h": 3775210.0, "u": 2517140.0, "s": 6378.099999999999, "gamma": 1.4080424183005174, "R": 289.06963807669575, "Cp": 997.5, "molecular_mass": 0.028763, "v": 0.0, "M": 0.0, "Ht": 3774220.0, "Ue": 2747.4424470769172, "total_p": 33974065.16420707, "total_T": 4352.14, "pitot_p": 33974065.16420707, "composition_massf": {"Ar": 0.83332, "O2": 0.14796, "H2": 0.018713}, "composition_moles": {"Ar": 0.5999995784519876, "O2": 0.1329979086715752, "H2": 0.26700102139016213}}, "s6": {"state_name": "s6", "gmodel_type": "CEAGas", "rho": 29.878, "p": 22158384.678734753, "T": 2573.03, "a": 963.6, "h": 2784100.0, "u": 2042460.0, "s": 7812.400000000001, "gamma": 1.2502799040749277, "R": 288.237883935381, "Cp": 1439.8999999999999, "molecular_mass": 0.028846, "v": 968.5762747455669, "M": 1.0051642535757233, "Ht": 3253159.99993, "Ue": 2550.748909606745, "total_p": 40204104.630218886, "total_T": 2893.36, "pitot_p": 40205166.08925122, "composition_massf": {"e-": 0.0, "N-": 0.0, "O2+": 0.0, "N": 0.0, "N2": 0.75475, "O+": 0.0, "N2O": 3.1521e-05, "N2+": 0.0, "O": 0.00033964, "O2": 0.21834, "NO": 0.026051, "O-": 0.0, "N+": 0.0, "NO2": 0.0004794, "NO+": 0.0}, "composition_moles": {"e-": 0.0, "N-": 0.0, "O2+": 0.0, "N": 0.0, "N2": 0.7771822949017256, "O+": 0.0, "N2O": 2.0658871192016867e-05, "N2+": 0.0, "O": 0.0006123514281785566, "O2": 0.19682724477167896, "NO": 0.025043812624766296, "O-": 0.0, "N+": 0.0, "NO2": 0.0003005895469020009, "NO+": 0.0}}, "s8": {"state_name": "s8", "gmodel_type": "CEAGas", "rho": 0.065198, "p": 6375.316881571202, "T": 339.3, "a": 369.6, "h": 41665.0, "u": -56119.0, "s": 7812.400000000001, "gamma": 1.3971297979295016, "R": 288.19792027729636, "Cp": 1013.9, "molecular_mass": 0.02885, "v": 2534.3657983803364, "M": 6.8570503202931175, "Ht": 3253159.99993, "Ue": 2550.748909606745, "total_p": 40203983.644996814, "total_T": 2893.36, "pitot_p": 395928.24199044966, "unit_Re": 8063025.487864206, "k": 0.0291, "mu": 2.0493000000000002e-05, "composition_massf": {"e-": 0.0, "N-": 0.0, "O2+": 0.0, "N": 0.0, "N2": 0.76708, "O+": 0.0, "N2O": 0.0, "N2+": 0.0, "O": 0.0, "O2": 0.23292, "NO": 0.0, "O-": 0.0, "N+": 0.0, "NO2": 0.0, "NO+": 0.0}, "composition_moles": {"e-": 0.0, "N-": 0.0, "O2+": 0.0, "N": 0.0, "N2": 0.7899882913177266, "O+": 0.0, "N2O": 0.0, "N2+": 0.0, "O": 0.0, "O2": 0.20999981249296848, "NO": 0.0, "O-": 0.0, "N+": 0.0, "NO2": 0.0, "NO+": 0.0}}, "s10f": {"state_name": "s10f", "gmodel_type": "IdealGas", "rho": 0.355460601167735, "p": 348328.6970236449, "T": 3400.2194062291173, "a": 1170.0846170714033, "h": 3447482.455975702, "u": 2467546.2946139667, "s": 2111.9604518475107, "gamma": 1.3971297979295016, "R": 288.19792027729636, "Cp": 1013.9, "molecular_mass": 0.02885, "v": 464.84150852585833, "M": 0.39727170304085097, "Ht": null, "Ue": null, "total_p": 388271.6228546627, "total_T": 3506.777068744455, "pitot_p": 388271.6228546627}, "s10e": {"state_name": "s10e", "gmodel_type": "CEAGas", "rho": 0.45141467560109905, "p": 364660.0, "T": 2786.745242918086, "a": 989.8, "h": 3186180.0, "u": 2378370.0, "s": 9147.7, "gamma": 1.2878253834439106, "R": 289.87588467036227, "Cp": 1297.0, "molecular_mass": 0.028683, "v": 366.0394538630699, "M": 0.36981153148420887, "Ht": 3253179.99993, "Ue": 2550.756750429174, "total_p": 395928.24199044966, "total_T": 2825.27, "pitot_p": 395928.24199044966, "unit_Re": 1888795.1958437297, "k": 0.24467, "mu": 8.748200000000001e-05, "composition_massf": {"e-": 0.0, "N-": 0.0, "O2+": 0.0, "N": 0.0, "N2": 0.75066, "O+": 0.0, "N2O": 5.4613e-06, "N2+": 0.0, "O": 0.0064901, "O2": 0.20765, "NO": 0.03513, "O-": 0.0, "N+": 0.0, "NO2": 6.6494e-05, "NO+": 0.0}, "composition_moles": {"e-": 0.0, "N-": 0.0, "O2+": 0.0, "N": 0.0, "N2": 0.7686029107498553, "O+": 0.0, "N2O": 3.5591116198015124e-06, "N2+": 0.0, "O": 0.011635157462154832, "O2": 0.18613275966598747,