{"states_dict": {"s4": {"state_name": "s4", "gmodel_type": "CEAGas", "rho": 33.429, "p": 37310000.0, "T": 3861.0, "a": 1256.6, "h": 3288120.0, "u": 2172010.0, "s": 6232.3, "gamma": 1.4148350213656617, "R": 289.06963807669575, "Cp": 985.9, "molecular_mass": 0.028763, "v": 0.0, "M": 0.0, "Ht": 3287120.0, "Ue": 2564.028080969473, "total_p": 37307663.26738406, "total_T": 3861.0, "pitot_p": 37307663.26738406, "composition_massf": {"Ar": 0.83332, "O2": 0.14796, "H2": 0.018713}, "composition_moles": {"Ar": 0.5999995784519876, "O2": 0.1329979086715752, "H2": 0.26700102139016213}}, "s1": {"state_name": "s1", "gmodel_type": "CEAGas", "rho": 0.98895, "p": 84975.34359086439, "T": 298.15, "a": 346.7, "h": 7.000000000000001e-05, "u": -85925.0, "s": 6935.1, "gamma": 1.398557725608831, "R": 288.19792027729636, "Cp": 1011.3000000000001, "molecular_mass": 0.02885, "v": 0.0, "M": 0.0, "Ht": -10.11307, "Ue": null, "total_p": 84964.84654958626, "total_T": 298.14, "pitot_p": 84964.84654958626, "composition_massf": {"e-": 0.0, "N-": 0.0, "O2+": 0.0, "N": 0.0, "N2": 0.76708, "O+": 0.0, "N2O": 0.0, "N2+": 0.0, "O": 0.0, "O2": 0.23292, "NO": 0.0, "O-": 0.0, "N+": 0.0, "NO2": 0.0, "NO+": 0.0}, "composition_moles": {"e-": 0.0, "N-": 0.0, "O2+": 0.0, "N": 0.0, "N2": 0.7899882913177266, "O+": 0.0, "N2O": 0.0, "N2+": 0.0, "O": 0.0, "O2": 0.20999981249296848, "NO": 0.0, "O-": 0.0, "N+": 0.0, "NO2": 0.0, "NO+": 0.0}}, "s2": {"state_name": "s2", "gmodel_type": "CEAGas", "rho": 6.093800081215974, "p": 3636099.9999999995, "T": 2070.423942504693, "a": 871.7, "h": 2086730.0, "u": 1490050.0, "s": 8032.099999999999, "gamma": 1.2732764573658673, "R": 288.19792027729636, "Cp": 1342.8, "molecular_mass": 0.02885, "v": 1734.3603308426514, "M": 1.9896298392137792, "Ht": 3590739.99993, "Ue": 2679.8283526860446, "total_p": 27725045.76579813, "total_T": 3109.47, "pitot_p": 19167460.426679146, "unit_Re": 148800387.52793604, "k": 0.12743000000000002, "mu": 7.1027e-05, "composition_massf": {"e-": 0.0, "N-": 0.0, "O2+": 0.0, "N": 0.0, "N2": 0.76261, "O+": 0.0, "N2O": 4.7013e-06, "N2+": 0.0, "O": 4.6983e-05, "O2": 0.22772, "NO": 0.0094823, "O-": 0.0, "N+": 0.0, "NO2": 0.00013459, "NO+": 0.0}, "composition_moles": {"e-": 0.0, "N-": 0.0, "O2+": 0.0, "N": 0.0, "N2": 0.7853847979895336, "O+": 0.0, "N2O": 3.081660448778538e-06, "N2+": 0.0, "O": 8.471939885245698e-05, "O2": 0.20531151168168807, "NO": 0.00911695805186279, "O-": 0.0, "N+": 0.0, "NO2": 8.440124550325505e-05, "NO+": 0.0}}, "s3": {"state_name": "s3", "gmodel_type": "CEAGas", "rho": 6.5979, "p": 3636100.0000000005, "T": 1906.45, "a": 895.9, "h": 1416730.0, "u": 865630.0, "s": 6232.3, "gamma": 1.4564999650343795, "R": 289.06963807669575, "Cp": 922.3, "molecular_mass": 0.028763, "v": 1734.3465238238261, "M": 1.9358706594751938, "Ht": 2919710.0, "Ue": 2416.4891888853963, "total_p": 26389378.143316917, "total_T": 3486.56, "pitot_p": 19912945.157583136, "composition_massf": {"Ar": 0.83332, "O2": 0.14796, "H2": 0.018713}, "composition_moles": {"Ar": 0.5999995784519876, "O2": 0.1329979086715752, "H2": 0.26700102139016213}}, "s5": {"state_name": "s5", "gmodel_type": "CEAGas", "rho": 25.977, "p": 27580761.816827577, "T": 3653.292219939012, "a": 1136.4, "h": 4512290.0, "u": 3450560.0, "s": 8306.2, "gamma": 1.189855338512198, "R": 290.6256772344367, "Cp": 1821.3999999999999, "molecular_mass": 0.028609000000000002, "v": 0.0, "M": 0.0, "Ht": 4512299.99993, "Ue": 3004.097202132448, "total_p": 27583095.95762437, "total_T": 3653.3, "pitot_p": 27583095.95762437, "composition_massf": {"e-": 0.0, "N-": 0.0, "O2+": 0.0, "N": 1.1312e-05, "N2": 0.72878, "O+": 0.0, "N2O": 0.00011464, "N2+": 0.0, "O": 0.0096264, "O2": 0.17934, "NO": 0.081398, "O-": 0.0, "N+": 0.0, "NO2": 0.00072974, "NO+": 0.0}, "composition_moles": {"e-": 0.0, "N-": 0.0, "O2+": 0.0, "N": 2.310501460015564e-05, "N2": 0.7442747763570291, "O+": 0.0, "N2O": 7.451777119383453e-05, "N2+": 0.0, "O": 0.01721325034688801, "O2": 0.16034157718414443, "NO": 0.07760806575996215, "O-": 0.0, "N+": 0.0, "NO2": 0.0004537964299920662, "NO+": 0.0}}, "s5d": {"state_name": "s5d", "gmodel_type": "CEAGas", "rho": 23.124, "p": 31401606.93620521, "T": 4697.688336053007, "a": 1380.7, "h": 4121200.0, "u": 2763240.0, "s": 6477.400000000001, "gamma": 1.4037678152105846, "R": 289.06963807669575, "Cp": 1004.9999999999999, "molecular_mass": 0.028763, "v": 0.0, "M": 0.0, "Ht": 4120210.0, "Ue": 2870.6131749157703, "total_p": 31396989.07578917, "total_T": 4697.69, "pitot_p": 31396989.07578917, "composition_massf": {"Ar": 0.83332, "O2": 0.14796, "H2": 0.018713}, "composition_moles": {"Ar": 0.5999995784519876, "O2": 0.1329979086715752, "H2": 0.26700102139016213}}, "s6": {"state_name": "s6", "gmodel_type": "CEAGas", "rho": 16.15, "p": 15453690.205833875, "T": 3304.53, "a": 1081.2, "h": 3927970.0, "u": 2971110.0, "s": 8306.2, "gamma": 1.20316825689386, "R": 289.56293097443756, "Cp": 1714.8000000000002, "molecular_mass": 0.028714, "v": 1081.2005396229638, "M": 1.000000499096341, "Ht": 4512469.99993, "Ue": 3004.1537909800822, "total_p": 27587672.541549426, "total_T": 3653.4, "pitot_p": 27589368.880680032, "composition_massf": {"e-": 0.0, "N-": 0.0, "O2+": 0.0, "N": 2.8267e-06, "N2": 0.73784, "O+": 0.0, "N2O": 6.4376e-05, "N2+": 0.0, "O": 0.0054639, "O2": 0.1939, "NO": 0.062214, "O-": 0.0, "N+": 0.0, "NO2": 0.00051914, "NO+": 0.0}, "composition_moles": {"e-": 0.0, "N-": 0.0, "O2+": 0.0, "N": 5.794788479798952e-06, "N2": 0.7562929797882442, "O+": 0.0, "N2O": 4.199897448015123e-05, "N2+": 0.0, "O": 0.00980601926322237, "O2": 0.17399541857819667, "NO": 0.05953498775249032, "O-": 0.0, "N+": 0.0, "NO2": 0.000324017475301866, "NO+": 0.0}}, "s8": {"state_name": "s8", "gmodel_type": "CEAGas", "rho": 0.034027, "p": 5046.426157126286, "T": 514.6, "a": 453.0, "h": 221300.0, "u": 72996.0, "s": 8306.2, "gamma": 1.3837511613599116, "R": 288.19792027729636, "Cp": 1039.1999999999998, "molecular_mass": 0.02885, "v": 2929.562186894313, "M": 6.467024695130934, "Ht": 4512469.99993, "Ue": 3004.1537909800822, "total_p": 27587524.808910646, "total_T": 3653.4, "pitot_p": 278829.1472320613, "unit_Re": 3608739.5479655648, "k": 0.03982, "mu": 2.7623e-05, "composition_massf": {"e-": 0.0, "N-": 0.0, "O2+": 0.0, "N": 0.0, "N2": 0.76708, "O+": 0.0, "N2O": 0.0, "N2+": 0.0, "O": 0.0, "O2": 0.23292, "NO": 0.0, "O-": 0.0, "N+": 0.0, "NO2": 0.0, "NO+": 0.0}, "composition_moles": {"e-": 0.0, "N-": 0.0, "O2+": 0.0, "N": 0.0, "N2": 0.7899882913177266, "O+": 0.0, "N2O": 0.0, "N2+": 0.0, "O": 0.0, "O2": 0.20999981249296848, "NO": 0.0, "O-": 0.0, "N+": 0.0, "NO2": 0.0, "NO+": 0.0}}, "s10f": {"state_name": "s10f", "gmodel_type": "IdealGas", "rho": 0.1879438313895143, "p": 244205.49806876073, "T": 4508.5461437663325, "a": 1340.888542574927, "h": 4685281.152601972, "u": 3385927.5304942904, "s": 2569.0846734895586, "gamma": 1.3837511613599116, "R": 288.19792027729636, "Cp": 1039.1999999999998, "molecular_mass": 0.02885, "v": 530.3931953532652, "M": 0.395553529255119, "Ht": null, "Ue": null, "total_p": 271692.1397172955, "total_T": 4643.898790839585, "pitot_p": 271692.1397172955}, "s10e": {"state_name": "s10e", "gmodel_type": "CEAGas", "rho": 0.2635473063705784, "p": 259380.0, "T": 3299.5836658029407, "a": 1074.7, "h": 4440930.0, "u": 3456760.0, "s": 9657.7, "gamma": 1.2937346795000806, "R": 298.26768546419856, "Cp": 1313.7, "molecular_mass": 0.027876, "v": 378.2403011673552, "M": 0.3519496614565508, "Ht": 4512469.99993, "Ue": 3004.1537909800822, "total_p": 278829.1472320613, "total_T": 3330.11, "pitot_p": 278829.1472320613, "unit_Re": 998489.6332293564, "k": 0.5048199999999999, "mu": 9.9835e-05, "composition_massf": {"e-": 0.0, "N-": 0.0, "O2+": 0.0, "N": 2.1606e-05, "N2": 0.74044, "O+": 0.0, "N2O": 7.5373e-06, "N2+": 0.0, "O": 0.038784, "O2": 0.16371, "NO": 0.056985, "O-": 0.0, "N+": 0.0, "NO2": 5.5929e-05, "NO+": 0.0}, "composition_moles": {"e-": 0.0, "N-": 0.0, "O2+": 0.0, "N": 4.30000539741695e-05, "N2": 0.736808293173981, "O+": 0.0, "N2O": 4.773833403010033e-06, "N2+": 0.0,