{"states_dict": {"s4": {"state_name": "s4", "gmodel_type": "CEAGas", "rho": 33.429, "p": 37310000.0, "T": 3861.0, "a": 1256.6, "h": 3288120.0, "u": 2172010.0, "s": 6232.3, "gamma": 1.4148350213656617, "R": 289.06963807669575, "Cp": 985.9, "molecular_mass": 0.028763, "v": 0.0, "M": 0.0, "Ht": 3287120.0, "Ue": 2564.028080969473, "total_p": 37307663.26738406, "total_T": 3861.0, "pitot_p": 37307663.26738406, "composition_massf": {"Ar": 0.83332, "O2": 0.14796, "H2": 0.018713}, "composition_moles": {"Ar": 0.5999995784519876, "O2": 0.1329979086715752, "H2": 0.26700102139016213}}, "s1": {"state_name": "s1", "gmodel_type": "CEAGas", "rho": 0.944, "p": 81113.08307896872, "T": 298.15, "a": 346.7, "h": 7.000000000000001e-05, "u": -85925.0, "s": 6948.5, "gamma": 1.398557725608831, "R": 288.19792027729636, "Cp": 1011.3000000000001, "molecular_mass": 0.02885, "v": 0.0, "M": 0.0, "Ht": -10.11307, "Ue": null, "total_p": 81104.81167018975, "total_T": 298.14, "pitot_p": 81104.81167018975, "composition_massf": {"e-": 0.0, "N-": 0.0, "O2+": 0.0, "N": 0.0, "N2": 0.76708, "O+": 0.0, "N2O": 0.0, "N2+": 0.0, "O": 0.0, "O2": 0.23292, "NO": 0.0, "O-": 0.0, "N+": 0.0, "NO2": 0.0, "NO+": 0.0}, "composition_moles": {"e-": 0.0, "N-": 0.0, "O2+": 0.0, "N": 0.0, "N2": 0.7899882913177266, "O+": 0.0, "N2O": 0.0, "N2+": 0.0, "O": 0.0, "O2": 0.20999981249296848, "NO": 0.0, "O-": 0.0, "N+": 0.0, "NO2": 0.0, "NO+": 0.0}}, "s2": {"state_name": "s2", "gmodel_type": "CEAGas", "rho": 5.844501405328599, "p": 3535300.0, "T": 2098.8849556880136, "a": 877.2, "h": 2125040.0, "u": 1520150.0, "s": 8058.6, "gamma": 1.2717561104195603, "R": 288.19792027729636, "Cp": 1348.7, "molecular_mass": 0.02885, "v": 1751.5891950425964, "M": 1.996795707982896, "Ht": 3659069.99993, "Ue": 2705.2060919382834, "total_p": 27280115.067201354, "total_T": 3152.21, "pitot_p": 18745051.637223475, "unit_Re": 142787718.97600734, "k": 0.12933, "mu": 7.1695e-05, "composition_massf": {"e-": 0.0, "N-": 0.0, "O2+": 0.0, "N": 0.0, "N2": 0.76228, "O+": 0.0, "N2O": 4.9677e-06, "N2+": 0.0, "O": 5.8219e-05, "O2": 0.22733, "NO": 0.01018, "O-": 0.0, "N+": 0.0, "NO2": 0.00013627, "NO+": 0.0}, "composition_moles": {"e-": 0.0, "N-": 0.0, "O2+": 0.0, "N": 0.0, "N2": 0.7850449427773851, "O+": 0.0, "N2O": 3.2562832857714123e-06, "N2+": 0.0, "O": 0.00010498007112766729, "O2": 0.20495988912084204, "NO": 0.00978777648544796, "O-": 0.0, "N+": 0.0, "NO2": 8.54547717120779e-05, "NO+": 0.0}}, "s3": {"state_name": "s3", "gmodel_type": "CEAGas", "rho": 6.4718, "p": 3535300.0, "T": 1889.72, "a": 892.1, "h": 1401300.0, "u": 855040.0, "s": 6232.3, "gamma": 1.4570051581361814, "R": 289.06963807669575, "Cp": 921.6, "molecular_mass": 0.028763, "v": 1751.5983674764398, "M": 1.9634551815675818, "Ht": 2934350.0, "Ue": 2422.539989350021, "total_p": 26774787.137509268, "total_T": 3501.55, "pitot_p": 19871059.25099051, "composition_massf": {"Ar": 0.83332, "O2": 0.14796, "H2": 0.018713}, "composition_moles": {"Ar": 0.5999995784519876, "O2": 0.1329979086715752, "H2": 0.26700102139016213}}, "s5": {"state_name": "s5", "gmodel_type": "CEAGas", "rho": 25.04, "p": 26923532.813670244, "T": 3696.237006057212, "a": 1143.1, "h": 4592930.0, "u": 3517700.0, "s": 8335.2, "gamma": 1.1868098236851259, "R": 290.9002169197397, "Cp": 1848.1000000000001, "molecular_mass": 0.028582, "v": 0.0, "M": 0.0, "Ht": 4592929.99993, "Ue": 3030.818371308317, "total_p": 26922032.98171543, "total_T": 3696.23, "pitot_p": 26922032.98171543, "composition_massf": {"e-": 0.0, "N-": 0.0, "O2+": 0.0, "N": 1.3776e-05, "N2": 0.72772, "O+": 0.0, "N2O": 0.00011668, "N2+": 0.0, "O": 0.010687, "O2": 0.17708, "NO": 0.083658, "O-": 0.0, "N+": 0.0, "NO2": 0.00072202, "NO+": 0.0}, "composition_moles": {"e-": 0.0, "N-": 0.0, "O2+": 0.0, "N": 2.8111234766219027e-05, "N2": 0.7424908450955615, "O+": 0.0, "N2O": 7.577222444379817e-05, "N2+": 0.0, "O": 0.01909170556395865, "O2": 0.1581715739340225, "NO": 0.07968756206238065, "O-": 0.0, "N+": 0.0, "NO2": 0.00044857192379172057, "NO+": 0.0}}, "s5d": {"state_name": "s5d", "gmodel_type": "CEAGas", "rho": 22.874, "p": 31222316.6782757, "T": 4721.910590684611, "a": 1384.1, "h": 4145550.0, "u": 2780590.0, "s": 6484.200000000001, "gamma": 1.4034860238204718, "R": 289.06963807669575, "Cp": 1005.5000000000001, "molecular_mass": 0.028763, "v": 0.0, "M": 0.0, "Ht": 4144540.0, "Ue": 2879.0762407411166, "total_p": 31220260.93981293, "total_T": 4721.9, "pitot_p": 31220260.93981293, "composition_massf": {"Ar": 0.83332, "O2": 0.14796, "H2": 0.018713}, "composition_moles": {"Ar": 0.5999995784519876, "O2": 0.1329979086715752, "H2": 0.26700102139016213}}, "s6": {"state_name": "s6", "gmodel_type": "CEAGas", "rho": 15.572, "p": 15101542.715464273, "T": 3346.9, "a": 1087.8, "h": 4002200.0, "u": 3032430.0, "s": 8335.2, "gamma": 1.1997556734825485, "R": 289.75466109078235, "Cp": 1740.3, "molecular_mass": 0.028695000000000002, "v": 1087.8008608491361, "M": 1.0000007913671045, "Ht": 4593849.99993, "Ue": 3031.1219044868517, "total_p": 26945152.770317864, "total_T": 3696.77, "pitot_p": 26944120.098748643, "composition_massf": {"e-": 0.0, "N-": 0.0, "O2+": 0.0, "N": 3.5714e-06, "N2": 0.73677, "O+": 0.0, "N2O": 6.61e-05, "N2+": 0.0, "O": 0.0061927, "O2": 0.19195, "NO": 0.064492, "O-": 0.0, "N+": 0.0, "NO2": 0.00051671, "NO+": 0.0}, "composition_moles": {"e-": 0.0, "N-": 0.0, "O2+": 0.0, "N": 7.316592987641629e-06, "N2": 0.7546965077427232, "O+": 0.0, "N2O": 4.309517912970772e-05, "N2+": 0.0, "O": 0.011106636905133943, "O2": 0.17213161899821244, "NO": 0.06167405760828631, "O-": 0.0, "N+": 0.0, "NO2": 0.00032228741020095424, "NO+": 0.0}}, "s8": {"state_name": "s8", "gmodel_type": "CEAGas", "rho": 0.032749, "p": 4974.291456652457, "T": 527.04, "a": 458.2, "h": 234240.0, "u": 82355.0, "s": 8335.2, "gamma": 1.3824271827691108, "R": 288.19792027729636, "Cp": 1041.8, "molecular_mass": 0.02885, "v": 2952.8343524255, "M": 6.444422419086644, "Ht": 4593849.99993, "Ue": 3031.1219044868517, "total_p": 26945114.82140376, "total_T": 3696.77, "pitot_p": 272793.508506621, "unit_Re": 3442713.2403283385, "k": 0.04054, "mu": 2.8088999999999998e-05, "composition_massf": {"e-": 0.0, "N-": 0.0, "O2+": 0.0, "N": 0.0, "N2": 0.76708, "O+": 0.0, "N2O": 0.0, "N2+": 0.0, "O": 0.0, "O2": 0.23292, "NO": 0.0, "O-": 0.0, "N+": 0.0, "NO2": 0.0, "NO+": 0.0}, "composition_moles": {"e-": 0.0, "N-": 0.0, "O2+": 0.0, "N": 0.0, "N2": 0.7899882913177266, "O+": 0.0, "N2O": 0.0, "N2+": 0.0, "O": 0.0, "O2": 0.20999981249296848, "NO": 0.0, "O-": 0.0, "N+": 0.0, "NO2": 0.0, "NO+": 0.0}}, "s10f": {"state_name": "s10f", "gmodel_type": "IdealGas", "rho": 0.18119685030793964, "p": 238911.07730853301, "T": 4575.038993536152, "a": 1350.0938333994327, "h": 4766275.623465963, "u": 3447758.9003413087, "s": 2597.71598612603, "gamma": 1.3824271827691108, "R": 288.19792027729636, "Cp": 1041.8, "molecular_mass": 0.02885, "v": 533.6853098336109, "M": 0.3952949762683029, "Ht": null, "Ue": null, "total_p": 265739.6392422946, "total_T": 4711.735101201824, "pitot_p": 265739.6392422946}, "s10e": {"state_name": "s10e", "gmodel_type": "CEAGas", "rho": 0.2554313177315523, "p": 253910.0, "T": 3324.350267982354, "a": 1079.7, "h": 4522190.0, "u": 3528150.0, "s": 9688.599999999999, "gamma": 1.2944598931375184, "R": 299.0185571459397, "Cp": 1314.5, "molecular_mass": 0.027806, "v": 378.5846350650427, "M": 0.35063872841070914, "Ht": 4593839.99993, "Ue": 3031.1186053765696, "total_p": 272793.508506621, "total_T": 3354.56, "pitot_p": 272793.508506621, "unit_Re": 962404.1820022163, "k": 0.52066, "mu": 0.00010048, "composition_massf": {"e-": 0.0, "N-": 0.0, "O2+": 0.0, "N": 2.4925e-05, "N2": 0.74006, "O+": 0.0, "N2O": 7.5656e-06, "N2+": 0.0, "O": 0.041657, "O2": 0.1604, "NO": 0.057796, "O-": 0.0, "N+": 0.0, "NO2": 5.4713e-05, "NO+": 0.0}, "composition_moles": {"e-": 0.0, "N-": 0.0, "O2+": 0.0, "N": 4.9480930554663125e-05, "N2": 0.734580892001685, "O+": 0.0, "N2O": 4.779724843681838e-06, "N2+": 0.0, "O": 0.07239737377651663, "O2": 0.13938280185506957,