{"states_dict": {"s4": {"state_name": "s4", "gmodel_type": "CEAGas", "rho": 33.429, "p": 37310000.0, "T": 3861.0, "a": 1256.6, "h": 3288120.0, "u": 2172010.0, "s": 6232.3, "gamma": 1.4148350213656617, "R": 289.06963807669575, "Cp": 985.9, "molecular_mass": 0.028763, "v": 0.0, "M": 0.0, "Ht": 3287120.0, "Ue": 2564.028080969473, "total_p": 37307663.26738406, "total_T": 3861.0, "pitot_p": 37307663.26738406, "composition_massf": {"Ar": 0.83332, "O2": 0.14796, "H2": 0.018713}, "composition_moles": {"Ar": 0.5999995784519876, "O2": 0.1329979086715752, "H2": 0.26700102139016213}}, "s1": {"state_name": "s1", "gmodel_type": "CEAGas", "rho": 4.8089, "p": 413201.24001153343, "T": 298.15, "a": 346.7, "h": 7.000000000000001e-05, "u": -85925.0, "s": 6479.3, "gamma": 1.398557725608831, "R": 288.19792027729636, "Cp": 1011.3000000000001, "molecular_mass": 0.02885, "v": 0.0, "M": 0.0, "Ht": -10.11307, "Ue": null, "total_p": 413156.4324503724, "total_T": 298.14, "pitot_p": 413156.4324503724, "composition_massf": {"e-": 0.0, "N-": 0.0, "O2+": 0.0, "N": 0.0, "N2": 0.76708, "O+": 0.0, "N2O": 0.0, "N2+": 0.0, "O": 0.0, "O2": 0.23292, "NO": 0.0, "O-": 0.0, "N+": 0.0, "NO2": 0.0, "NO+": 0.0}, "composition_moles": {"e-": 0.0, "N-": 0.0, "O2+": 0.0, "N": 0.0, "N2": 0.7899882913177266, "O+": 0.0, "N2O": 0.0, "N2+": 0.0, "O": 0.0, "O2": 0.20999981249296848, "NO": 0.0, "O-": 0.0, "N+": 0.0, "NO2": 0.0, "NO+": 0.0}}, "s2": {"state_name": "s2", "gmodel_type": "CEAGas", "rho": 24.3010795950368, "p": 8584400.0, "T": 1225.764686324142, "a": 682.5, "h": 1017710.0, "u": 664460.0, "s": 7124.5, "gamma": 1.318646710943298, "R": 288.18793109424286, "Cp": 1192.6000000000001, "molecular_mass": 0.028850999999999998, "v": 1167.4460948428475, "M": 1.710543728707469, "Ht": 1699169.99993, "Ue": 1843.4587057647914, "total_p": 42097005.95868489, "total_T": 1775.45, "pitot_p": 35379422.83598601, "unit_Re": 568461347.5803177, "k": 0.07836, "mu": 4.9907e-05, "composition_massf": {"e-": 0.0, "N-": 0.0, "O2+": 0.0, "N": 0.0, "N2": 0.76695, "O+": 0.0, "N2O": 0.0, "N2+": 0.0, "O": 0.0, "O2": 0.23275, "NO": 0.0002468, "O-": 0.0, "N+": 0.0, "NO2": 5.2725e-05, "NO+": 0.0}, "composition_moles": {"e-": 0.0, "N-": 0.0, "O2+": 0.0, "N": 0.0, "N2": 0.7898817869305405, "O+": 0.0, "N2O": 0.0, "N2+": 0.0, "O": 0.0, "O2": 0.20985381483055618, "NO": 0.00023729930914047473, "O-": 0.0, "N+": 0.0, "NO2": 3.3064937344447944e-05, "NO+": 0.0}}, "s3": {"state_name": "s3", "gmodel_type": "CEAGas", "rho": 11.94, "p": 8584399.999999996, "T": 2487.09, "a": 1017.5, "h": 1959340.0, "u": 1240400.0, "s": 6232.3, "gamma": 1.4401648756273806, "R": 289.06963807669575, "Cp": 945.8, "molecular_mass": 0.028763, "v": 1167.449120282987, "M": 1.1473701427842624, "Ht": 2639810.0, "Ue": 2297.7423702408414, "total_p": 19749426.517335206, "total_T": 3198.74, "pitot_p": 19688144.345830325, "composition_massf": {"Ar": 0.83332, "O2": 0.14796, "H2": 0.018713}, "composition_moles": {"Ar": 0.5999995784519876, "O2": 0.1329979086715752, "H2": 0.26700102139016213}}, "s5": {"state_name": "s5", "gmodel_type": "CEAGas", "rho": 87.012, "p": 54518657.667861365, "T": 2174.460857214171, "a": 891.8, "h": 2226770.0, "u": 1600210.0, "s": 7317.8, "gamma": 1.2693847870563526, "R": 288.14798128573904, "Cp": 1357.8, "molecular_mass": 0.028855, "v": 0.0, "M": 0.0, "Ht": 2226769.99993, "Ue": 2110.341204606497, "total_p": 54520395.16409978, "total_T": 2174.46, "pitot_p": 54520395.16409978, "composition_massf": {"e-": 0.0, "N-": 0.0, "O2+": 0.0, "N": 0.0, "N2": 0.76121, "O+": 0.0, "N2O": 2.3228e-05, "N2+": 0.0, "O": 2.4588e-05, "O2": 0.226, "NO": 0.012169, "O-": 0.0, "N+": 0.0, "NO2": 0.00057127, "NO+": 0.0}, "composition_moles": {"e-": 0.0, "N-": 0.0, "O2+": 0.0, "N": 0.0, "N2": 0.7840788533344758, "O+": 0.0, "N2O": 1.522838674203868e-05, "N2+": 0.0, "O": 4.4344584171906446e-05, "O2": 0.2037960798529945, "NO": 0.011702170392020289, "O-": 0.0, "N+": 0.0, "NO2": 0.00035830489506689424, "NO+": 0.0}}, "s5d": {"state_name": "s5d", "gmodel_type": "CEAGas", "rho": 29.927, "p": 35644980.81039838, "T": 4120.3567058168965, "a": 1296.5, "h": 3544640.0, "u": 2353560.0, "s": 6309.8, "gamma": 1.4111766059233601, "R": 289.06963807669575, "Cp": 992.1, "molecular_mass": 0.028763, "v": 0.0, "M": 0.0, "Ht": 3543640.0, "Ue": 2662.1945834217304, "total_p": 35642590.091270976, "total_T": 4120.36, "pitot_p": 35642590.091270976, "composition_massf": {"Ar": 0.83332, "O2": 0.14796, "H2": 0.018713}, "composition_moles": {"Ar": 0.5999995784519876, "O2": 0.1329979086715752, "H2": 0.26700102139016213}}, "s6": {"state_name": "s6", "gmodel_type": "CEAGas", "rho": 54.077, "p": 29721689.967010546, "T": 1907.31, "a": 839.3, "h": 1870350.0, "u": 1320730.0, "s": 7317.8, "gamma": 1.2819558898963115, "R": 288.16795480539287, "Cp": 1310.2, "molecular_mass": 0.028853, "v": 844.2985254043738, "M": 1.0059555884717906, "Ht": 2226769.99993, "Ue": 2110.341204606497, "total_p": 54520291.74960983, "total_T": 2174.46, "pitot_p": 54519446.59866678, "composition_massf": {"e-": 0.0, "N-": 0.0, "O2+": 0.0, "N": 0.0, "N2": 0.76415, "O+": 0.0, "N2O": 8.6958e-06, "N2+": 0.0, "O": 4.6411e-06, "O2": 0.22946, "NO": 0.0060483, "O-": 0.0, "N+": 0.0, "NO2": 0.000325, "NO+": 0.0}, "composition_moles": {"e-": 0.0, "N-": 0.0, "O2+": 0.0, "N": 0.0, "N2": 0.7870526230304069, "O+": 0.0, "N2O": 5.700612490002909e-06, "N2+": 0.0, "O": 8.369667506281486e-06, "O2": 0.20690180194257285, "NO": 0.00581587076961018, "O-": 0.0, "N+": 0.0, "NO2": 0.00020382834661073136, "NO+": 0.0}}, "s8": {"state_name": "s8", "gmodel_type": "CEAGas", "rho": 0.1214, "p": 7671.537672692824, "T": 219.27, "a": 297.4, "h": -79672.0, "u": -142860.0, "s": 7317.8, "gamma": 1.39971857000487, "R": 288.19792027729636, "Cp": 1009.2, "molecular_mass": 0.02885, "v": 2147.7625567087252, "M": 7.2217974334523385, "Ht": 2226759.99993, "Ue": 2110.3364660309503, "total_p": 54519600.92814917, "total_T": 2174.45, "pitot_p": 525890.6552574545, "unit_Re": 17784487.714646973, "k": 0.02051, "mu": 1.4660999999999999e-05, "composition_massf": {"e-": 0.0, "N-": 0.0, "O2+": 0.0, "N": 0.0, "N2": 0.76708, "O+": 0.0, "N2O": 0.0, "N2+": 0.0, "O": 0.0, "O2": 0.23292, "NO": 0.0, "O-": 0.0, "N+": 0.0, "NO2": 0.0, "NO+": 0.0}, "composition_moles": {"e-": 0.0, "N-": 0.0, "O2+": 0.0, "N": 0.0, "N2": 0.7899882913177266, "O+": 0.0, "N2O": 0.0, "N2+": 0.0, "O": 0.0, "O2": 0.20999981249296848, "NO": 0.0, "O-": 0.0, "N+": 0.0, "NO2": 0.0, "NO+": 0.0}}, "s10f": {"state_name": "s10f", "gmodel_type": "IdealGas", "rho": 0.6650132956757172, "p": 465440.191522776, "T": 2428.525745073603, "a": 989.7765025250941, "h": 2450868.18192828, "u": 1750972.112858196, "s": 1677.3383383529103, "gamma": 1.3997185700048702, "R": 288.19792027729636, "Cp": 1009.2, "molecular_mass": 0.02885, "v": 392.07423295014, "M": 0.39612400572239254, "Ht": null, "Ue": null, "total_p": 518590.5625506982, "total_T": 2504.686171224733, "pitot_p": 518590.5625506982}, "s10e": {"state_name": "s10e", "gmodel_type": "CEAGas", "rho": 0.7825098012212031, "p": 480800.0, "T": 2131.6502788322946, "a": 882.8, "h": 2171260.0, "u": 1556830.0, "s": 8655.4, "gamma": 1.2942818095849302, "R": 288.237883935381, "Cp": 1267.7, "molecular_mass": 0.028846, "v": 333.20780644220025, "M": 0.3774442755348893, "Ht": 2226769.99993, "Ue": 2110.341204606497, "total_p": 525890.6552574545, "total_T": 2172.16, "pitot_p": 525890.6552574545, "unit_Re": 3598128.3983224896, "k": 0.13363, "mu": 7.2465e-05, "composition_massf": {"e-": 0.0, "N-": 0.0, "O2+": 0.0, "N": 0.0, "N2": 0.76192, "O+": 0.0, "N2O": 1.9791e-06, "N2+": 0.0, "O": 0.0001975, "O2": 0.22681, "NO": 0.011018, "O-": 0.0, "N+": 0.0, "NO2": 5.1737e-05, "NO+": 0.0}, "composition_moles": {"e-": 0.0, "N-": 0.0, "O2+": 0.0, "N": 0.0, "N2": 0.7845653979881058, "O+": 0.0, "N2O": 1.2971026292351316e-06, "N2+": 0.0, "O": 0.0003560811655437079, "O2": 0.20446270672650224, "NO": 0.010592020555820316, "O-": 0.0, "N+": 0.0, "NO2": 3.2439719207486066e-05, "NO+": 0.0}}},