{"states_dict": {"s4": {"state_name": "s4", "gmodel_type": "CEAGas", "rho": 33.429, "p": 37310000.0, "T": 3861.0, "a": 1256.6, "h": 3288120.0, "u": 2172010.0, "s": 6232.3, "gamma": 1.4148350213656617, "R": 289.06963807669575, "Cp": 985.9, "molecular_mass": 0.028763, "v": 0.0, "M": 0.0, "Ht": 3287120.0, "Ue": 2564.028080969473, "total_p": 37307663.26738406, "total_T": 3861.0, "pitot_p": 37307663.26738406, "composition_massf": {"Ar": 0.83332, "O2": 0.14796, "H2": 0.018713}, "composition_moles": {"Ar": 0.5999995784519876, "O2": 0.1329979086715752, "H2": 0.26700102139016213}}, "s1": {"state_name": "s1", "gmodel_type": "CEAGas", "rho": 0.62109, "p": 53366.99231206313, "T": 298.15, "a": 346.7, "h": 7.000000000000001e-05, "u": -85925.0, "s": 7069.099999999999, "gamma": 1.398557725608831, "R": 288.19792027729636, "Cp": 1011.3000000000001, "molecular_mass": 0.02885, "v": 0.0, "M": 0.0, "Ht": -10.11307, "Ue": null, "total_p": 53371.55914023025, "total_T": 298.14, "pitot_p": 53371.55914023025, "composition_massf": {"e-": 0.0, "N-": 0.0, "O2+": 0.0, "N": 0.0, "N2": 0.76708, "O+": 0.0, "N2O": 0.0, "N2+": 0.0, "O": 0.0, "O2": 0.23292, "NO": 0.0, "O-": 0.0, "N+": 0.0, "NO2": 0.0, "NO+": 0.0}, "composition_moles": {"e-": 0.0, "N-": 0.0, "O2+": 0.0, "N": 0.0, "N2": 0.7899882913177266, "O+": 0.0, "N2O": 0.0, "N2+": 0.0, "O": 0.0, "O2": 0.20999981249296848, "NO": 0.0, "O-": 0.0, "N+": 0.0, "NO2": 0.0, "NO+": 0.0}}, "s2": {"state_name": "s2", "gmodel_type": "CEAGas", "rho": 4.007965749717216, "p": 2726900.0, "T": 2360.2387266843157, "a": 925.3, "h": 2485810.0, "u": 1805430.0, "s": 8295.3, "gamma": 1.2562080085686183, "R": 288.2678639531255, "Cp": 1413.4, "molecular_mass": 0.028843, "v": 1907.2282605478617, "M": 2.0611998925190336, "Ht": 4304579.99993, "Ue": 2934.137011092018, "total_p": 23467647.266068954, "total_T": 3532.03, "pitot_p": 15211599.356657572, "unit_Re": 98330381.7282004, "k": 0.14919000000000002, "mu": 7.773900000000001e-05, "composition_massf": {"e-": 0.0, "N-": 0.0, "O2+": 0.0, "N": 0.0, "N2": 0.75865, "O+": 0.0, "N2O": 7.6261e-06, "N2+": 0.0, "O": 0.00033252, "O2": 0.2229, "NO": 0.017961, "O-": 0.0, "N+": 0.0, "NO2": 0.00014737, "NO+": 0.0}, "composition_moles": {"e-": 0.0, "N-": 0.0, "O2+": 0.0, "N": 0.0, "N2": 0.7811169636673877, "O+": 0.0, "N2O": 4.997628015031991e-06, "N2+": 0.0, "O": 0.0005994521269547608, "O2": 0.20091705626460993, "NO": 0.017264793591969634, "O-": 0.0, "N+": 0.0, "NO2": 9.239314668898284e-05, "NO+": 0.0}}, "s3": {"state_name": "s3", "gmodel_type": "CEAGas", "rho": 5.4171, "p": 2726899.999999999, "T": 1741.39, "a": 857.9, "h": 1265110.0, "u": 761730.0, "s": 6232.3, "gamma": 1.4621192761737412, "R": 289.06963807669575, "Cp": 914.6, "molecular_mass": 0.028763, "v": 1907.2169011113813, "M": 2.2231226263100377, "Ht": 3082850.0, "Ue": 2483.082761407682, "total_p": 30909895.211264048, "total_T": 3653.27, "pitot_p": 19316359.283332787, "composition_massf": {"Ar": 0.83332, "O2": 0.14796, "H2": 0.018713}, "composition_moles": {"Ar": 0.5999995784519876, "O2": 0.1329979086715752, "H2": 0.26700102139016213}}, "s5": {"state_name": "s5", "gmodel_type": "CEAGas", "rho": 17.962, "p": 21491089.556873105, "T": 4064.405761189907, "a": 1202.4, "h": 5349000.0, "u": 4152529.9999999995, "s": 8595.800000000001, "gamma": 1.1614802347536992, "R": 294.38146154935566, "Cp": 2117.4, "molecular_mass": 0.028244, "v": 0.0, "M": 0.0, "Ht": 5349009.99993, "Ue": 3270.7827809042897, "total_p": 21493958.85266886, "total_T": 4064.42, "pitot_p": 21493958.85266886, "composition_massf": {"e-": 0.0, "N-": 0.0, "O2+": 0.0, "N": 6.4386e-05, "N2": 0.71949, "O+": 0.0, "N2O": 0.00012866, "N2+": 0.0, "O": 0.023993, "O2": 0.15446, "NO": 0.10123, "O-": 0.0, "N+": 0.0, "NO2": 0.00062712, "NO+": 0.0}, "composition_moles": {"e-": 0.0, "N-": 0.0, "O2+": 0.0, "N": 0.0001298320221037075, "N2": 0.7254126796461693, "O+": 0.0, "N2O": 8.256400501672241e-05, "N2+": 0.0, "O": 0.04235523157118392, "O2": 0.13633537007637786, "NO": 0.0952852959898154, "O-": 0.0, "N+": 0.0, "NO2": 0.00038500564671615356, "NO+": 0.0}}, "s5d": {"state_name": "s5d", "gmodel_type": "CEAGas", "rho": 20.563, "p": 29478073.56075191, "T": 4959.196223874466, "a": 1417.1, "h": 4384720.0, "u": 2951160.0, "s": 6550.2, "gamma": 1.4008007057631824, "R": 289.06963807669575, "Cp": 1010.3, "molecular_mass": 0.028763, "v": 0.0, "M": 0.0, "Ht": 4383720.0, "Ue": 2960.9863221568585, "total_p": 29479921.716237683, "total_T": 4959.2, "pitot_p": 29479921.716237683, "composition_massf": {"Ar": 0.83332, "O2": 0.14796, "H2": 0.018713}, "composition_moles": {"Ar": 0.5999995784519876, "O2": 0.1329979086715752, "H2": 0.26700102139016213}}, "s6": {"state_name": "s6", "gmodel_type": "CEAGas", "rho": 11.211, "p": 12162530.30727464, "T": 3710.6, "a": 1144.7, "h": 4700020.0, "u": 3615170.0, "s": 8595.800000000001, "gamma": 1.1694232009394852, "R": 292.3629522838356, "Cp": 2017.9999999999998, "molecular_mass": 0.028439, "v": 1144.7004746855393, "M": 1.0000004146811734, "Ht": 5355179.99993, "Ue": 3272.6686358169536, "total_p": 21605273.782678213, "total_T": 4067.76, "pitot_p": 21605346.02624013, "composition_massf": {"e-": 0.0, "N-": 0.0, "O2+": 0.0, "N": 2.1844e-05, "N2": 0.72795, "O+": 0.0, "N2O": 7.8062e-05, "N2+": 0.0, "O": 0.016223, "O2": 0.17188, "NO": 0.083374, "O-": 0.0, "N+": 0.0, "NO2": 0.00047231, "NO+": 0.0}, "composition_moles": {"e-": 0.0, "N-": 0.0, "O2+": 0.0, "N": 4.435173995302248e-05, "N2": 0.7390095472166892, "O+": 0.0, "N2O": 5.0439990593645485e-05, "N2+": 0.0, "O": 0.028836449929372357, "O2": 0.15275870720152007, "NO": 0.07901970552654293, "O-": 0.0, "N+": 0.0, "NO2": 0.0002919656147634522, "NO+": 0.0}}, "s8": {"state_name": "s8", "gmodel_type": "CEAGas", "rho": 0.023188, "p": 4345.217297050327, "T": 650.23, "a": 506.4, "h": 364280.0, "u": 176890.0, "s": 8595.800000000001, "gamma": 1.3685856934662506, "R": 288.19792027729636, "Cp": 1070.1000000000001, "molecular_mass": 0.02885, "v": 3159.4017118349007, "M": 6.238944928583927, "Ht": 5355179.99993, "Ue": 3272.6686358169536, "total_p": 21605265.042547777, "total_T": 4067.76, "pitot_p": 222258.92719006923, "unit_Re": 2254368.3076600204, "k": 0.04754, "mu": 3.2497e-05, "composition_massf": {"e-": 0.0, "N-": 0.0, "O2+": 0.0, "N": 0.0, "N2": 0.76708, "O+": 0.0, "N2O": 0.0, "N2+": 0.0, "O": 0.0, "O2": 0.23292, "NO": 0.0, "O-": 0.0, "N+": 0.0, "NO2": 0.0, "NO+": 0.0}, "composition_moles": {"e-": 0.0, "N-": 0.0, "O2+": 0.0, "N": 0.0, "N2": 0.7899882913177266, "O+": 0.0, "N2O": 0.0, "N2+": 0.0, "O": 0.0, "O2": 0.20999981249296848, "NO": 0.0, "O-": 0.0, "N+": 0.0, "NO2": 0.0, "NO+": 0.0}}, "s10f": {"state_name": "s10f", "gmodel_type": "IdealGas", "rho": 0.1307742038983754, "p": 194759.67875073082, "T": 5167.567070953503, "a": 1427.6589760781983, "h": 5529813.522627344, "u": 4040531.4398851055, "s": 2864.2069582385075, "gamma": 1.3685856934662504, "R": 288.19792027729636, "Cp": 1070.1000000000001, "molecular_mass": 0.02885, "v": 560.191375773147, "M": 0.3923845856466378, "Ht": null, "Ue": null, "total_p": 216081.77454426055, "total_T": 5314.195599824921, "pitot_p": 216081.77454426055}, "s10e": {"state_name": "s10e", "gmodel_type": "CEAGas", "rho": 0.19207789487107907, "p": 207859.99999999997, "T": 3527.8968904188487, "a": 1125.1, "h": 5282460.0, "u": 4200290.0, "s": 9970.9, "gamma": 1.3025772843029046, "R": 306.7405740426474, "Cp": 1320.5, "molecular_mass": 0.027106, "v": 381.40883907124896, "M": 0.3389999458459239, "Ht": 5355209.99993, "Ue": 3272.6778026350225, "total_p": 222258.92719006923, "total_T": 3556.34, "pitot_p": 222258.92719006923, "unit_Re": 690873.3203887936, "k": 0.63645, "mu": 0.00010604000000000001, "composition_massf": {"e-": 0.0, "N-": 0.0, "O2+": 0.0, "N": 7.6454e-05, "N2": 0.73789, "O+": 0.0, "N2O": 7.3911e-06, "N2+": 0.0, "O": 0.071324, "O2": 0.12832, "NO": 0.062341, "O-": 0.0, "N+": 0.0, "NO2": 4.2378e-05, "NO+": 0.0}, "composition_moles": {"e-": 0.0, "N-": 0.0, "O2+": 0.0, "N": 0.0001479550589360806, "N2": 0.7139885319168684, "O+": 0.0,