{"states_dict": {"s4": {"state_name": "s4", "gmodel_type": "CEAGas", "rho": 33.429, "p": 37310000.0, "T": 3861.0, "a": 1256.6, "h": 3288120.0, "u": 2172010.0, "s": 6232.3, "gamma": 1.4148350213656617, "R": 289.06963807669575, "Cp": 985.9, "molecular_mass": 0.028763, "v": 0.0, "M": 0.0, "Ht": 3287120.0, "Ue": 2564.028080969473, "total_p": 37307663.26738406, "total_T": 3861.0, "pitot_p": 37307663.26738406, "composition_massf": {"Ar": 0.83332, "O2": 0.14796, "H2": 0.018713}, "composition_moles": {"Ar": 0.5999995784519876, "O2": 0.1329979086715752, "H2": 0.26700102139016213}}, "s1": {"state_name": "s1", "gmodel_type": "CEAGas", "rho": 0.7141, "p": 61359.072734131754, "T": 298.15, "a": 346.7, "h": 7.000000000000001e-05, "u": -85925.0, "s": 7028.900000000001, "gamma": 1.398557725608831, "R": 288.19792027729636, "Cp": 1011.3000000000001, "molecular_mass": 0.02885, "v": 0.0, "M": 0.0, "Ht": null, "Ue": null, "total_p": 61362.37278385345, "total_T": 298.15, "pitot_p": 61362.37278385345, "composition_massf": {"e-": 0.0, "N-": 0.0, "O2+": 0.0, "N": 0.0, "N2": 0.76708, "O+": 0.0, "N2O": 0.0, "N2+": 0.0, "O": 0.0, "O2": 0.23292, "NO": 0.0, "O-": 0.0, "N+": 0.0, "NO2": 0.0, "NO+": 0.0}, "composition_moles": {"e-": 0.0, "N-": 0.0, "O2+": 0.0, "N": 0.0, "N2": 0.7899882913177266, "O+": 0.0, "N2O": 0.0, "N2+": 0.0, "O": 0.0, "O2": 0.20999981249296848, "NO": 0.0, "O-": 0.0, "N+": 0.0, "NO2": 0.0, "NO+": 0.0}}, "s2": {"state_name": "s2", "gmodel_type": "CEAGas", "rho": 4.545973279293218, "p": 2977400.0, "T": 2272.349058007602, "a": 909.6, "h": 2362510.0, "u": 1707550.0, "s": 8216.8, "gamma": 1.2618653547065977, "R": 288.22789198183517, "Cp": 1388.9, "molecular_mass": 0.028847, "v": 1855.289078606266, "M": 2.039675768036792, "Ht": 4083559.99993, "Ue": 2857.817348932573, "total_p": 24696968.452097386, "total_T": 3407.02, "pitot_p": 16333387.835999712, "unit_Re": 111380882.64739406, "k": 0.1419, "mu": 7.572299999999999e-05, "composition_massf": {"e-": 0.0, "N-": 0.0, "O2+": 0.0, "N": 0.0, "N2": 0.76, "O+": 0.0, "N2O": 6.699e-06, "N2+": 0.0, "O": 0.00019291, "O2": 0.22459, "NO": 0.015071, "O-": 0.0, "N+": 0.0, "NO2": 0.00014452, "NO+": 0.0}, "composition_moles": {"e-": 0.0, "N-": 0.0, "O2+": 0.0, "N": 0.0, "N2": 0.7826154626000413, "O+": 0.0, "N2O": 4.390678461720227e-06, "N2+": 0.0, "O": 0.0003478177162893609, "O2": 0.2024684591297174, "NO": 0.014488825172214984, "O-": 0.0, "N+": 0.0, "NO2": 9.061891382552087e-05, "NO+": 0.0}}, "s3": {"state_name": "s3", "gmodel_type": "CEAGas", "rho": 5.7529, "p": 2977400.000000001, "T": 1790.37, "a": 869.4, "h": 1309970.0, "u": 792430.0, "s": 6232.3, "gamma": 1.4603530193878458, "R": 289.06963807669575, "Cp": 917.0, "molecular_mass": 0.028763, "v": 1855.284228528306, "M": 2.133982319448247, "Ht": 3030010.0, "Ue": 2461.710787237201, "total_p": 29390450.09503165, "total_T": 3599.36, "pitot_p": 19533482.96816542, "composition_massf": {"Ar": 0.83332, "O2": 0.14796, "H2": 0.018713}, "composition_moles": {"Ar": 0.5999995784519876, "O2": 0.1329979086715752, "H2": 0.26700102139016213}}, "s5": {"state_name": "s5", "gmodel_type": "CEAGas", "rho": 20.071, "p": 23204740.300371155, "T": 3945.6385815523968, "a": 1182.8, "h": 5091160.0, "u": 3935030.0, "s": 8508.900000000001, "gamma": 1.169342942515235, "R": 293.01205243868054, "Cp": 2023.3, "molecular_mass": 0.028376000000000002, "v": 0.0, "M": 0.0, "Ht": 5091169.99993, "Ue": 3190.9779065139264, "total_p": 23206944.527128182, "total_T": 3945.65, "pitot_p": 23206944.527128182, "composition_massf": {"e-": 0.0, "N-": 0.0, "O2+": 0.0, "N": 4.0194e-05, "N2": 0.72194, "O+": 0.0, "N2O": 0.00012599, "N2+": 0.0, "O": 0.018784, "O2": 0.16243, "NO": 0.09601, "O-": 0.0, "N+": 0.0, "NO2": 0.00066324, "NO+": 0.0}, "composition_moles": {"e-": 0.0, "N-": 0.0, "O2+": 0.0, "N": 8.142852663368246e-05, "N2": 0.7312846509170612, "O+": 0.0, "N2O": 8.122846626435947e-05, "N2+": 0.0, "O": 0.03331467330024876, "O2": 0.14404020400765027, "NO": 0.09079419717990675, "O-": 0.0, "N+": 0.0, "NO2": 0.00040908365825825175, "NO+": 0.0}}, "s5d": {"state_name": "s5d", "gmodel_type": "CEAGas", "rho": 21.343, "p": 30084922.66913472, "T": 4876.272256038869, "a": 1405.6, "h": 4301010.0, "u": 2891420.0, "s": 6527.3, "gamma": 1.4016918314898779, "R": 289.06963807669575, "Cp": 1008.6999999999999, "molecular_mass": 0.028763, "v": 0.0, "M": 0.0, "Ht": 4300010.0, "Ue": 2932.5790696927506, "total_p": 30085348.94066283, "total_T": 4876.27, "pitot_p": 30085348.94066283, "composition_massf": {"Ar": 0.83332, "O2": 0.14796, "H2": 0.018713}, "composition_moles": {"Ar": 0.5999995784519876, "O2": 0.1329979086715752, "H2": 0.26700102139016213}}, "s6": {"state_name": "s6", "gmodel_type": "CEAGas", "rho": 12.511, "p": 13095877.284022495, "T": 3593.28, "a": 1126.0, "h": 4461450.0, "u": 3414730.0, "s": 8508.900000000001, "gamma": 1.1792047231346505, "R": 291.29769120274676, "Cp": 1916.8, "molecular_mass": 0.028543, "v": 1126.0008337603545, "M": 1.0000007404621265, "Ht": 5095389.99993, "Ue": 3192.3001111831577, "total_p": 23292031.13810546, "total_T": 3947.99, "pitot_p": 23292179.660412032, "composition_massf": {"e-": 0.0, "N-": 0.0, "O2+": 0.0, "N": 1.2611e-05, "N2": 0.73069, "O+": 0.0, "N2O": 7.4867e-05, "N2+": 0.0, "O": 0.012134, "O2": 0.17909, "NO": 0.077508, "O-": 0.0, "N+": 0.0, "NO2": 0.00049132, "NO+": 0.0}, "composition_moles": {"e-": 0.0, "N-": 0.0, "O2+": 0.0, "N": 2.5698827918067782e-05, "N2": 0.7445038685057864, "O+": 0.0, "N2O": 4.855243885869565e-05, "N2+": 0.0, "O": 0.021647109391602186, "O2": 0.15974867401277548, "NO": 0.07372870329699627, "O-": 0.0, "N+": 0.0, "NO2": 0.00030482761322015844, "NO+": 0.0}}, "s8": {"state_name": "s8", "gmodel_type": "CEAGas", "rho": 0.026017, "p": 4549.557698892436, "T": 606.78, "a": 490.1, "h": 318010.0, "u": 143140.0, "s": 8508.900000000001, "gamma": 1.3736027265844226, "R": 288.19792027729636, "Cp": 1059.6000000000001, "molecular_mass": 0.02885, "v": 3091.0771387380505, "M": 6.307033541599776, "Ht": 5095389.99993, "Ue": 3192.3001111831577, "total_p": 23291895.003096834, "total_T": 3947.99, "pitot_p": 238275.11936338272, "unit_Re": 2595718.608177259, "k": 0.0451, "mu": 3.0982e-05, "composition_massf": {"e-": 0.0, "N-": 0.0, "O2+": 0.0, "N": 0.0, "N2": 0.76708, "O+": 0.0, "N2O": 0.0, "N2+": 0.0, "O": 0.0, "O2": 0.23292, "NO": 0.0, "O-": 0.0, "N+": 0.0, "NO2": 0.0, "NO+": 0.0}, "composition_moles": {"e-": 0.0, "N-": 0.0, "O2+": 0.0, "N": 0.0, "N2": 0.7899882913177266, "O+": 0.0, "N2O": 0.0, "N2+": 0.0, "O": 0.0, "O2": 0.20999981249296848, "NO": 0.0, "O-": 0.0, "N+": 0.0, "NO2": 0.0, "NO+": 0.0}}, "s10f": {"state_name": "s10f", "gmodel_type": "IdealGas", "rho": 0.14568324065391686, "p": 208737.93704500637, "T": 4971.654623588971, "a": 1402.8992041127622, "h": 5267965.239154875, "u": 3835144.716299529, "s": 2773.326371866303, "gamma": 1.3736027265844226, "R": 288.19792027729636, "Cp": 1059.6000000000004, "molecular_mass": 0.02885, "v": 552.0104847910628, "M": 0.39347836478399867, "Ht": null, "Ue": null, "total_p": 231806.99196030403, "total_T": 5115.442645162802, "pitot_p": 231806.99196030403}, "s10e": {"state_name": "s10e", "gmodel_type": "CEAGas", "rho": 0.21138881781196764, "p": 222540.0, "T": 3463.1713141260084, "a": 1109.7, "h": 5023020.0, "u": 3970270.0, "s": 9875.9, "gamma": 1.2996021467003993, "R": 303.98179292190696, "Cp": 1318.6, "molecular_mass": 0.027352, "v": 380.4390163631205, "M": 0.34283050947384025, "Ht": 5095379.99993, "Ue": 3192.296978644061, "total_p": 238275.11936338272, "total_T": 3491.98, "pitot_p": 238275.11936338272, "unit_Re": 771642.2367928214, "k": 0.6044800000000001, "mu": 0.00010422, "composition_massf": {"e-": 0.0, "N-": 0.0, "O2+": 0.0, "N": 5.4061e-05, "N2": 0.73836, "O+": 0.0, "N2O": 7.5274e-06, "N2+": 0.0, "O": 0.060724, "O2": 0.13944, "NO": 0.06137, "O-": 0.0, "N+": 0.0, "NO2": 4.6689e-05, "NO+": 0.0}, "composition_moles": {"e-": 0.0, "N-": 0.0, "O2+": 0.0, "N": 0.00010556922558489867, "N2": 0.720927224828118, "O+": 0.0, "N2O": 4.677944706994329e-06, "N2+": 0.0,