{"states_dict": {"s4": {"state_name": "s4", "gmodel_type": "CEAGas", "rho": 33.429, "p": 37310000.0, "T": 3861.0, "a": 1256.6, "h": 3288120.0, "u": 2172010.0, "s": 6232.3, "gamma": 1.4148350213656617, "R": 289.06963807669575, "Cp": 985.9, "molecular_mass": 0.028763, "v": 0.0, "M": 0.0, "Ht": 3287120.0, "Ue": 2564.028080969473, "total_p": 37307663.26738406, "total_T": 3861.0, "pitot_p": 37307663.26738406, "composition_massf": {"Ar": 0.83332, "O2": 0.14796, "H2": 0.018713}, "composition_moles": {"Ar": 0.5999995784519876, "O2": 0.1329979086715752, "H2": 0.26700102139016213}}, "s1": {"state_name": "s1", "gmodel_type": "CEAGas", "rho": 0.29507, "p": 25353.644939701113, "T": 298.15, "a": 346.7, "h": 7.000000000000001e-05, "u": -85925.0, "s": 7283.599999999999, "gamma": 1.398557725608831, "R": 288.19792027729636, "Cp": 1011.3000000000001, "molecular_mass": 0.02885, "v": 0.0, "M": 0.0, "Ht": -10.11307, "Ue": null, "total_p": 25355.564328498695, "total_T": 298.14, "pitot_p": 25355.564328498695, "composition_massf": {"e-": 0.0, "N-": 0.0, "O2+": 0.0, "N": 0.0, "N2": 0.76708, "O+": 0.0, "N2O": 0.0, "N2+": 0.0, "O": 0.0, "O2": 0.23292, "NO": 0.0, "O-": 0.0, "N+": 0.0, "NO2": 0.0, "NO+": 0.0}, "composition_moles": {"e-": 0.0, "N-": 0.0, "O2+": 0.0, "N": 0.0, "N2": 0.7899882913177266, "O+": 0.0, "N2O": 0.0, "N2+": 0.0, "O": 0.0, "O2": 0.20999981249296848, "NO": 0.0, "O-": 0.0, "N+": 0.0, "NO2": 0.0, "NO+": 0.0}}, "s2": {"state_name": "s2", "gmodel_type": "CEAGas", "rho": 2.047466779568454, "p": 1669400.0, "T": 2820.486147241521, "a": 1000.4, "h": 3187280.0, "u": 2371920.0, "s": 8707.7, "gamma": 1.2121031479492743, "R": 289.07968847785276, "Cp": 1652.0, "molecular_mass": 0.028762, "v": 2183.725805945811, "M": 2.182852664879859, "Ht": 5571609.99993, "Ue": 3338.146192104234, "total_p": 17677059.008990858, "total_T": 4149.34, "pitot_p": 10164581.729970861, "unit_Re": 50738833.90104851, "k": 0.21181000000000003, "mu": 8.812e-05, "composition_massf": {"e-": 0.0, "N-": 0.0, "O2+": 0.0, "N": 0.0, "N2": 0.74977, "O+": 0.0, "N2O": 1.2326e-05, "N2+": 0.0, "O": 0.0034744, "O2": 0.20962, "NO": 0.036973, "O-": 0.0, "N+": 0.0, "NO2": 0.00014656, "NO+": 0.0}, "composition_moles": {"e-": 0.0, "N-": 0.0, "O2+": 0.0, "N": 0.0, "N2": 0.7698060478199719, "O+": 0.0, "N2O": 8.05493883597499e-06, "N2+": 0.0, "O": 0.00624590252134455, "O2": 0.18841614185531957, "NO": 0.03544004139158371, "O-": 0.0, "N+": 0.0, "NO2": 9.162727760811208e-05, "NO+": 0.0}}, "s3": {"state_name": "s3", "gmodel_type": "CEAGas", "rho": 3.8769, "p": 1669400.000000001, "T": 1489.59, "a": 796.0, "h": 1036380.0000000001, "u": 605780.0, "s": 6232.3, "gamma": 1.4716190550091677, "R": 289.06963807669575, "Cp": 902.0, "molecular_mass": 0.028763, "v": 2183.7174855343364, "M": 2.7433636752943924, "Ht": 3419700.0, "Ue": 2615.2246557418352, "total_p": 41928581.50978063, "total_T": 3995.25, "pitot_p": 17681460.08296697, "composition_massf": {"Ar": 0.83332, "O2": 0.14796, "H2": 0.018713}, "composition_moles": {"Ar": 0.5999995784519876, "O2": 0.1329979086715752, "H2": 0.26700102139016213}}, "s5": {"state_name": "s5", "gmodel_type": "CEAGas", "rho": 9.8894, "p": 13980661.700542988, "T": 4635.228419306086, "a": 1307.8, "h": 6816190.0, "u": 5402480.0, "s": 9061.3, "gamma": 1.1346263721112007, "R": 304.996515168189, "Cp": 2570.5, "molecular_mass": 0.027261, "v": 0.0, "M": 0.0, "Ht": 6816189.99993, "Ue": 3692.205303048572, "total_p": 13981550.272687098, "total_T": 4635.24, "pitot_p": 13981550.272687098, "composition_massf": {"e-": 0.0, "N-": 0.0, "O2+": 0.0, "N": 0.00047571, "N2": 0.71237, "O+": 0.0, "N2O": 0.00012215, "N2+": 0.0, "O": 0.064281, "O2": 0.10659, "NO": 0.11576, "O-": 0.0, "N+": 0.0, "NO2": 0.00039851, "NO+": 4.3909e-06}, "composition_moles": {"e-": 0.0, "N-": 0.0, "O2+": 0.0, "N": 0.0009258662147400887, "N2": 0.6932367570519822, "O+": 0.0, "N2O": 7.565824373818525e-05, "N2+": 0.0, "O": 0.10952687857044639, "O2": 0.09080809249096841, "NO": 0.10516972748874395, "O-": 0.0, "N+": 0.0, "NO2": 0.00023614092032474377, "NO+": 3.98927262839769e-06}}, "s5d": {"state_name": "s5d", "gmodel_type": "CEAGas", "rho": 16.385, "p": 25887557.227594063, "T": 5465.685383242596, "a": 1485.0, "h": 4898800.0, "u": 3318830.0, "s": 6686.5, "gamma": 1.3958066830405889, "R": 289.06963807669575, "Cp": 1019.4000000000001, "molecular_mass": 0.028763, "v": 0.0, "M": 0.0, "Ht": 4897800.0, "Ue": 3129.792325378794, "total_p": 25883957.888910852, "total_T": 5465.68, "pitot_p": 25883957.888910852, "composition_massf": {"Ar": 0.83332, "O2": 0.14796, "H2": 0.018713}, "composition_moles": {"Ar": 0.5999995784519876, "O2": 0.1329979086715752, "H2": 0.26700102139016213}}, "s6": {"state_name": "s6", "gmodel_type": "CEAGas", "rho": 6.2158, "p": 7988179.223231913, "T": 4261.93, "a": 1242.5, "h": 6061600.0, "u": 4776470.0, "s": 9061.3, "gamma": 1.1320165316857935, "R": 301.5344164792921, "Cp": 2585.6, "molecular_mass": 0.027574, "v": 1242.5008741664217, "M": 1.000000703554464, "Ht": 6833509.99993, "Ue": 3696.893290299302, "total_p": 14153637.80978577, "total_T": 4643.91, "pitot_p": 14153607.564396735, "composition_massf": {"e-": 0.0, "N-": 0.0, "O2+": 0.0, "N": 0.00020792, "N2": 0.71846, "O+": 0.0, "N2O": 8.05e-05, "N2+": 0.0, "O": 0.051258, "O2": 0.12627, "NO": 0.10339, "O-": 0.0, "N+": 0.0, "NO2": 0.00032683, "NO+": 1.7313e-06}, "composition_moles": {"e-": 0.0, "N-": 0.0, "O2+": 0.0, "N": 0.0004093174038138891, "N2": 0.7071907030206973, "O+": 0.0, "N2O": 5.043321488294315e-05, "N2+": 0.0, "O": 0.08834006850256886, "O2": 0.1088093609760366, "NO": 0.09500987665841279, "O-": 0.0, "N+": 0.0, "NO2": 0.0001958898483876928, "NO+": 1.59100113054413e-06}}, "s8": {"state_name": "s8", "gmodel_type": "CEAGas", "rho": 0.012557, "p": 3355.983819295542, "T": 927.38, "a": 598.5, "h": 670090.0, "u": 402820.0, "s": 9061.3, "gamma": 1.340497651390123, "R": 288.19792027729636, "Cp": 1134.6000000000001, "molecular_mass": 0.02885, "v": 3510.958333888957, "M": 5.866262880349135, "Ht": 6833509.99993, "Ue": 3696.893290299302, "total_p": 14153664.97818256, "total_T": 4643.91, "pitot_p": 149752.0689680669, "unit_Re": 1065034.516213157, "k": 0.06256, "mu": 4.1395e-05, "composition_massf": {"e-": 0.0, "N-": 0.0, "O2+": 0.0, "N": 0.0, "N2": 0.76707, "O+": 0.0, "N2O": 0.0, "N2+": 0.0, "O": 0.0, "O2": 0.23291, "NO": 1.377e-05, "O-": 0.0, "N+": 0.0, "NO2": 0.0, "NO+": 0.0}, "composition_moles": {"e-": 0.0, "N-": 0.0, "O2+": 0.0, "N": 0.0, "N2": 0.7899779926749343, "O+": 0.0, "N2O": 0.0, "N2+": 0.0, "O": 0.0, "O2": 0.20999079652986988, "NO": 1.3239457976878036e-05, "O-": 0.0, "N+": 0.0, "NO2": 0.0, "NO+": 0.0}}, "s10f": {"state_name": "s10f", "gmodel_type": "IdealGas", "rho": 0.07375719194087259, "p": 131788.22102981506, "T": 6199.852809872278, "a": 1547.5210776584538, "h": 7037452.924486023, "u": 5250668.238655481, "s": 3368.9133470688207, "gamma": 1.3402966259944233, "R": 288.19792027729636, "Cp": 1135.1, "molecular_mass": 0.02885, "v": 597.7128485587994, "M": 0.38623890633088864, "Ht": null, "Ue": null, "total_p": 145462.97326447102, "total_T": 6357.222490663519, "pitot_p": 145462.97326447102}, "s10e": {"state_name": "s10e", "gmodel_type": "CEAGas", "rho": 0.11281704123058897, "p": 140910.0, "T": 3860.008910093814, "a": 1216.7, "h": 6757150.0, "u": 5508120.0, "s": 10492.699999999999, "gamma": 1.3215540480191055, "R": 323.5847441136408, "Cp": 1329.9, "molecular_mass": 0.025695, "v": 390.7840811791291, "M": 0.32118359593912144, "Ht": 6833519.99993, "Ue": 3696.89599527225, "total_p": 149752.0689680669, "total_T": 3890.29, "pitot_p": 149752.0689680669, "unit_Re": 380717.6493837965, "k": 0.64019, "mu": 0.0001158, "composition_massf": {"e-": 0.0, "N-": 0.0, "O2+": 0.0, "N": 0.00039521, "N2": 0.73945, "O+": 0.0, "N2O": 5.7014e-06, "N2+": 0.0, "O": 0.13574, "O2": 0.066062, "NO": 0.058318, "O-": 0.0, "N+": 0.0, "NO2": 1.9693e-05, "NO+": 2.1384e-06}, "composition_moles": {"e-": 0.0, "N-": 0.0, "O2+": 0.0, "N": 0.0007250045299749406, "N2": 0.6782528272184026, "O+": 0.0, "N2O": 3.3285197260796865e-06,