{"states_dict": {"s4": {"state_name": "s4", "gmodel_type": "CEAGas", "rho": 33.429, "p": 37310000.0, "T": 3861.0, "a": 1256.6, "h": 3288120.0, "u": 2172010.0, "s": 6232.3, "gamma": 1.4148350213656617, "R": 289.06963807669575, "Cp": 985.9, "molecular_mass": 0.028763, "v": 0.0, "M": 0.0, "Ht": 3287120.0, "Ue": 2564.028080969473, "total_p": 37307663.26738406, "total_T": 3861.0, "pitot_p": 37307663.26738406, "composition_massf": {"Ar": 0.83332, "O2": 0.14796, "H2": 0.018713}, "composition_moles": {"Ar": 0.5999995784519876, "O2": 0.1329979086715752, "H2": 0.26700102139016213}}, "s1": {"state_name": "s1", "gmodel_type": "CEAGas", "rho": 0.37233, "p": 31992.671377973846, "T": 298.15, "a": 346.7, "h": 7.000000000000001e-05, "u": -85925.0, "s": 7216.599999999999, "gamma": 1.398557725608831, "R": 288.19792027729636, "Cp": 1011.3000000000001, "molecular_mass": 0.02885, "v": 0.0, "M": 0.0, "Ht": null, "Ue": null, "total_p": 31993.994227143572, "total_T": 298.15, "pitot_p": 31993.994227143572, "composition_massf": {"e-": 0.0, "N-": 0.0, "O2+": 0.0, "N": 0.0, "N2": 0.76708, "O+": 0.0, "N2O": 0.0, "N2+": 0.0, "O": 0.0, "O2": 0.23292, "NO": 0.0, "O-": 0.0, "N+": 0.0, "NO2": 0.0, "NO+": 0.0}, "composition_moles": {"e-": 0.0, "N-": 0.0, "O2+": 0.0, "N": 0.0, "N2": 0.7899882913177266, "O+": 0.0, "N2O": 0.0, "N2+": 0.0, "O": 0.0, "O2": 0.20999981249296848, "NO": 0.0, "O-": 0.0, "N+": 0.0, "NO2": 0.0, "NO+": 0.0}}, "s2": {"state_name": "s2", "gmodel_type": "CEAGas", "rho": 2.524359089375876, "p": 1953600.0000000002, "T": 2681.0512948358446, "a": 978.8, "h": 2961160.0, "u": 2187250.0, "s": 8580.1, "gamma": 1.2286325618551184, "R": 288.658172476045, "Cp": 1551.1999999999998, "molecular_mass": 0.028804, "v": 2097.583969319782, "M": 2.1430159065383965, "Ht": 5161089.99993, "Ue": 3212.814965082801, "total_p": 19336505.370887112, "total_T": 3966.6, "pitot_p": 11569644.646873878, "unit_Re": 62300630.16144485, "k": 0.18644000000000002, "mu": 8.4992e-05, "composition_massf": {"e-": 0.0, "N-": 0.0, "O2+": 0.0, "N": 0.0, "N2": 0.75273, "O+": 0.0, "N2O": 1.1015e-05, "N2+": 0.0, "O": 0.001839, "O2": 0.21464, "NO": 0.030629, "O-": 0.0, "N+": 0.0, "NO2": 0.00014978, "NO+": 0.0}, "composition_moles": {"e-": 0.0, "N-": 0.0, "O2+": 0.0, "N": 0.0, "N2": 0.7739737025851914, "O+": 0.0, "N2O": 7.208722462556348e-06, "N2+": 0.0, "O": 0.003310783904396415, "O2": 0.19321007537782667, "NO": 0.029401945471087546, "O-": 0.0, "N+": 0.0, "NO2": 9.377711621436568e-05, "NO+": 0.0}}, "s3": {"state_name": "s3", "gmodel_type": "CEAGas", "rho": 4.3145, "p": 1953599.9999999995, "T": 1566.39, "a": 815.5, "h": 1105810.0, "u": 653010.0, "s": 6232.3, "gamma": 1.4686371746931586, "R": 289.06963807669575, "Cp": 905.9000000000001, "molecular_mass": 0.028763, "v": 2097.564152775909, "M": 2.57212035901399, "Ht": 3304700.0, "Ue": 2570.875337312177, "total_p": 37898565.53159337, "total_T": 3878.83, "pitot_p": 18271360.162516497, "composition_massf": {"Ar": 0.83332, "O2": 0.14796, "H2": 0.018713}, "composition_moles": {"Ar": 0.5999995784519876, "O2": 0.1329979086715752, "H2": 0.26700102139016213}}, "s5": {"state_name": "s5", "gmodel_type": "CEAGas", "rho": 11.926, "p": 16040666.98543138, "T": 4466.717146085512, "a": 1274.4, "h": 6341990.0, "u": 4996990.0, "s": 8915.5, "gamma": 1.1400503062722769, "R": 301.1194408228307, "Cp": 2451.2, "molecular_mass": 0.027611999999999998, "v": 0.0, "M": 0.0, "Ht": 6341989.99993, "Ue": 3561.4575667639224, "total_p": 16039833.591360927, "total_T": 4466.71, "pitot_p": 16039833.591360927, "composition_massf": {"e-": 0.0, "N-": 0.0, "O2+": 0.0, "N": 0.00027415, "N2": 0.71348, "O+": 0.0, "N2O": 0.00012751, "N2+": 0.0, "O": 0.04963, "O2": 0.12226, "NO": 0.11375, "O-": 0.0, "N+": 0.0, "NO2": 0.00047254, "NO+": 2.5406e-06}, "composition_moles": {"e-": 0.0, "N-": 0.0, "O2+": 0.0, "N": 0.0005404434877594295, "N2": 0.7032566471759942, "O+": 0.0, "N2O": 7.999504962192817e-05, "N2+": 0.0, "O": 0.08565218445691714, "O2": 0.10549905371451429, "NO": 0.10467421624269731, "O-": 0.0, "N+": 0.0, "NO2": 0.00028361336101118345, "NO+": 2.337935612807968e-06}}, "s5d": {"state_name": "s5d", "gmodel_type": "CEAGas", "rho": 17.678, "p": 27064072.02297726, "T": 5295.969349499364, "a": 1462.6, "h": 4726030.0, "u": 3195120.0, "s": 6641.5, "gamma": 1.3973299991391555, "R": 289.06963807669575, "Cp": 1016.5999999999999, "molecular_mass": 0.028763, "v": 0.0, "M": 0.0, "Ht": 4725030.0, "Ue": 3074.0949887731185, "total_p": 27064248.559040982, "total_T": 5295.97, "pitot_p": 27064248.559040982, "composition_massf": {"Ar": 0.83332, "O2": 0.14796, "H2": 0.018713}, "composition_moles": {"Ar": 0.5999995784519876, "O2": 0.1329979086715752, "H2": 0.26700102139016213}}, "s6": {"state_name": "s6", "gmodel_type": "CEAGas", "rho": 7.4804, "p": 9147439.929349786, "T": 4102.62, "a": 1212.0, "h": 5621620.0, "u": 4398750.0, "s": 8915.5, "gamma": 1.1405742306281605, "R": 298.064527693135, "Cp": 2418.4, "molecular_mass": 0.027895, "v": 1212.0002937309632, "M": 1.0000002423522798, "Ht": 6356089.99993, "Ue": 3565.4144218954407, "total_p": 16208819.473874776, "total_T": 4473.88, "pitot_p": 16224656.60218433, "composition_massf": {"e-": 0.0, "N-": 0.0, "O2+": 0.0, "N": 0.0001136, "N2": 0.7204, "O+": 0.0, "N2O": 8.2239e-05, "N2+": 0.0, "O": 0.038034, "O2": 0.14159, "NO": 0.099404, "O-": 0.0, "N+": 0.0, "NO2": 0.00037723, "NO+": 0.0}, "composition_moles": {"e-": 0.0, "N-": 0.0, "O2+": 0.0, "N": 0.00022623972813010914, "N2": 0.7173551942998708, "O+": 0.0, "N2O": 5.212249402446561e-05, "N2+": 0.0, "O": 0.0663123885895721, "O2": 0.12343128648574321, "NO": 0.09241036255961288, "O-": 0.0, "N+": 0.0, "NO2": 0.0002287298442577518, "NO+": 0.0}}, "s8": {"state_name": "s8", "gmodel_type": "CEAGas", "rho": 0.015205, "p": 3646.1962924114805, "T": 832.11, "a": 568.8, "h": 562940.0, "u": 323130.0, "s": 8915.5, "gamma": 1.3490760589824264, "R": 288.19792027729636, "Cp": 1113.8, "molecular_mass": 0.02885, "v": 3403.866141904517, "M": 5.9842934984256635, "Ht": 6356089.99993, "Ue": 3565.4144218954407, "total_p": 16208795.025598096, "total_T": 4473.88, "pitot_p": 170098.95119531013, "unit_Re": 1345529.3042417308, "k": 0.05747, "mu": 3.8465e-05, "composition_massf": {"e-": 0.0, "N-": 0.0, "O2+": 0.0, "N": 0.0, "N2": 0.76708, "O+": 0.0, "N2O": 0.0, "N2+": 0.0, "O": 0.0, "O2": 0.23291, "NO": 3.5447e-06, "O-": 0.0, "N+": 0.0, "NO2": 0.0, "NO+": 0.0}, "composition_moles": {"e-": 0.0, "N-": 0.0, "O2+": 0.0, "N": 0.0, "N2": 0.7899882913177266, "O+": 0.0, "N2O": 0.0, "N2+": 0.0, "O": 0.0, "O2": 0.20999079652986988, "NO": 3.408126847541e-06, "O-": 0.0, "N+": 0.0, "NO2": 0.0, "NO+": 0.0}}, "s10f": {"state_name": "s10f", "gmodel_type": "IdealGas", "rho": 0.08822116213404861, "p": 149448.160721862, "T": 5877.964483130372, "a": 1511.6926771977526, "h": 6548052.434207234, "u": 4854035.2947052475, "s": 3209.246724298748, "gamma": 1.3489915166768176, "R": 288.19792027729636, "Cp": 1114.0, "molecular_mass": 0.02885, "v": 586.635256006212, "M": 0.38806515692969196, "Ht": null, "Ue": null, "total_p": 165209.3243181584, "total_T": 6032.426298026901, "pitot_p": 165209.3243181584}, "s10e": {"state_name": "s10e", "gmodel_type": "CEAGas", "rho": 0.13383142749341534, "p": 159800.0, "T": 3754.057116508666, "a": 1185.6, "h": 6281320.0, "u": 5087290.0, "s": 10327.3, "gamma": 1.315246902161197, "R": 318.0639608278184, "Cp": 1327.0, "molecular_mass": 0.026140999999999998, "v": 386.72369903701895, "M": 0.3261839566776476, "Ht": 6356099.99993, "Ue": 3565.417226617384, "total_p": 170098.95119531013, "total_T": 3782.93, "pitot_p": 170098.95119531013, "unit_Re": 459398.0533255652, "k": 0.67183, "mu": 0.00011266000000000001, "composition_massf": {"e-": 0.0, "N-": 0.0, "O2+": 0.0, "N": 0.00024006, "N2": 0.73823, "O+": 0.0, "N2O": 6.3711e-06, "N2+": 0.0, "O": 0.11469, "O2": 0.085539, "NO": 0.061265, "O-": 0.0, "N+": 0.0, "NO2": 2.6409e-05, "NO+": 1.3354e-06}, "composition_moles": {"e-": 0.0, "N-": 0.0, "O2+": 0.0, "N": 0.00044802904752725477, "N2": 0.6888871193785832, "O+": 0.0,