driver_condition,area_ratio,test_gas_gas_model,test_gas_name,p1,vs1,Ht,h,Ue,pitot_p,total_p,p2,T2,rho2,v2,M2,a2,gamma2,R2,Ht2,h2,p3,T3,rho3,v3,M3,a3,p5,T5,rho5,v5,M5,a5,p5d,T5d,rho5d,v5d,M5d,a5d,p8,T8,rho8,v8,M8,a8,gamma8,R8,unit_Re8,p10f,T10f,rho10f,v10f,M10f,a10f,p10e,T10e,rho10e,v10e,M10e,a10e,unit_Re10e,s2 Xe-,s2 XN-,s2 XO2+,s2 XN,s2 XN2,s2 XO+,s2 XN2O,s2 XN2+,s2 XO,s2 XO2,s2 XNO,s2 XO-,s2 XN+,s2 XNO2,s2 XNO+,s8 XN,s8 XN2,s8 XN2O,s8 XO,s8 XO2,s8 XNO,s8 XNO2,s10e Xe-,s10e XN-,s10e XO2+,s10e XN,s10e XN2,s10e XO+,s10e XN2O,s10e XN2+,s10e XO,s10e XO2,s10e XNO,s10e XO-,s10e XN+,s10e XNO2,s10e XNO+
custom_from_dict,175.0,CEAGas,n2-o2-with-ions,70430.8712121212,2310.738395919129,5616335.269703362,409470.0,3351.5176471871255,312390.70955246885,None,3777300.0000000005,2446.227144298977,5.356113966258661,1957.1114827692525,2.0807053824891053,940.6,1.2517771144419982,288.2878540965986,4522369.99993,2607230.0,3777299.9999999995,3388.16,3.3162,1957.1262844026257,1.7080871743782735,1145.8,30115772.386286337,4216.530209668977,24.217,0.0,0.0,1226.9,20675509.05283848,4251.4024313452455,13.353,0.0,0.0,1345.2,6227.737104536876,692.26,0.031216,3227.0312269246365,6.186792996404594,521.6,1.3637934406561707,288.19792027729636,None,274082.2581666914,5362.34595738847,0.17735165754659432,567.9866220446744,0.39123794772196274,1451.7677166845785,292310.0,3643.4088286497517,0.2602732641053926,387.0355532902095,0.3371096187529044,1148.1,926043.4526537915,0.0,0.0,0.0,0.0,0.7795596675162602,0.0,6.887062627235714e-06,0.0,0.0008023686832006201,0.19929878370438894,0.02023169318905156,0.0,0.0,0.00011507437067307172,0.0,0.0,0.7899882913177266,0.0,0.0,0.20999981249296848,0.0,0.0,0.0,0.0,0.0,0.00020973030264087898,0.7085883955535565,0.0,5.758041269812418e-06,0.0,0.12997427453529506,0.10143914209282848,0.05974833087272254,0.0,0.0,2.8736295638564957e-05,0.0