{"states_dict": {"s4": {"state_name": "s4", "gmodel_type": "CEAGas", "rho": 9.673, "p": 13025244.64576867, "T": 3870.153332591959, "a": 1250.4, "h": 1859080.0, "u": 512530.0, "s": 9327.9, "gamma": 1.0716030106649037, "R": 347.9311210612211, "Cp": 5207.099999999999, "molecular_mass": 0.023896999999999998, "v": 676.1375023375128, "M": 0.5407369660408772, "Ht": 7616730.0, "Ue": 3903.0065334303504, "total_p": 15405258.056929173, "total_T": 3942.0, "pitot_p": 15405258.056929173, "composition_massf": {"H2O": 0.29754, "OH": 0.059723, "Ar": 0.588, "HO2": 0.00028322, "O": 0.010771, "O2": 0.034283, "H2": 0.0079134, "H": 0.0014306, "H2O2": 4.9786e-05}, "composition_moles": {"H2O": 0.3946823685227207, "OH": 0.08391674012514595, "Ar": 0.3517431661159507, "HO2": 0.00020505231173996582, "O": 0.0160877649786867, "O2": 0.02560286170106379, "H2": 0.09380842103696646, "H": 0.033917741333809544, "H2O2": 3.497713463716254e-05}}, "s1": {"state_name": "s1", "gmodel_type": "CEAGas", "rho": 0.81968, "p": 70430.8712121212, "T": 298.15, "a": 346.7, "h": 7.000000000000001e-05, "u": -85925.0, "s": 6989.200000000001, "gamma": 1.398557725608831, "R": 288.19792027729636, "Cp": 1011.3000000000001, "molecular_mass": 0.02885, "v": 0.0, "M": 0.0, "Ht": null, "Ue": null, "total_p": 70428.48447221945, "total_T": 298.15, "pitot_p": 70428.48447221945, "composition_massf": {"e-": 0.0, "N-": 0.0, "O2+": 0.0, "N": 0.0, "N2": 0.76708, "O+": 0.0, "N2O": 0.0, "N2+": 0.0, "O": 0.0, "O2": 0.23292, "NO": 0.0, "O-": 0.0, "N+": 0.0, "NO2": 0.0, "NO+": 0.0}, "composition_moles": {"e-": 0.0, "N-": 0.0, "O2+": 0.0, "N": 0.0, "N2": 0.7899882913177266, "O+": 0.0, "N2O": 0.0, "N2+": 0.0, "O": 0.0, "O2": 0.20999981249296848, "NO": 0.0, "O-": 0.0, "N+": 0.0, "NO2": 0.0, "NO+": 0.0}}, "s2": {"state_name": "s2", "gmodel_type": "CEAGas", "rho": 5.356113966258661, "p": 3777300.0000000005, "T": 2446.227144298977, "a": 940.6, "h": 2607230.0, "u": 1902000.0, "s": 8251.9, "gamma": 1.2517771144419982, "R": 288.2878540965986, "Cp": 1433.3, "molecular_mass": 0.028841000000000002, "v": 1957.1114827692525, "M": 2.0807053824891053, "Ht": 4522369.99993, "Ue": 3007.447422626038, "total_p": 33568189.71265067, "total_T": 3666.54, "pitot_p": 21382664.79887239, "unit_Re": 131536171.8894456, "k": 0.15579, "mu": 7.969300000000001e-05, "composition_massf": {"e-": 0.0, "N-": 0.0, "O2+": 0.0, "N": 0.0, "N2": 0.75719, "O+": 0.0, "N2O": 1.051e-05, "N2+": 0.0, "O": 0.00044511, "O2": 0.22112, "NO": 0.021049, "O-": 0.0, "N+": 0.0, "NO2": 0.00018356, "NO+": 0.0}, "composition_moles": {"e-": 0.0, "N-": 0.0, "O2+": 0.0, "N": 0.0, "N2": 0.7795596675162602, "O+": 0.0, "N2O": 6.887062627235714e-06, "N2+": 0.0, "O": 0.0008023686832006201, "O2": 0.19929878370438894, "NO": 0.02023169318905156, "O-": 0.0, "N+": 0.0, "NO2": 0.00011507437067307172, "NO+": 0.0}}, "s3": {"state_name": "s3", "gmodel_type": "CEAGas", "rho": 3.3162, "p": 3777299.9999999995, "T": 3388.16, "a": 1145.8, "h": 325180.0, "u": -813870.0, "s": 9327.9, "gamma": 1.0765444202115089, "R": 336.18429564936116, "Cp": 4728.2, "molecular_mass": 0.024732, "v": 1957.1262844026257, "M": 1.7080871743782735, "Ht": 7769420.0, "Ue": 3941.9335357156897, "total_p": 17195254.148479633, "total_T": 3990.08, "pitot_p": 14253794.50900379, "composition_massf": {"H2O": 0.33177, "OH": 0.040047, "Ar": 0.588, "HO2": 0.00010324, "O": 0.00567, "O2": 0.027703, "H2": 0.0058771, "H": 0.00081057, "H2O2": 1.6536e-05}, "composition_moles": {"H2O": 0.4554653405331474, "OH": 0.05823617355800495, "Ar": 0.36403364373685787, "HO2": 7.73578875102479e-05, "O": 0.008764731177419152, "O2": 0.021411759065964972, "H2": 0.0721037151020894, "H": 0.01988909780344068, "H2O2": 1.2023289709031511e-05}}, "s5": {"state_name": "s5", "gmodel_type": "CEAGas", "rho": 24.217, "p": 30115772.386286337, "T": 4216.530209668977, "a": 1226.9, "h": 5609760.0, "u": 4366160.0, "s": 8559.4, "gamma": 1.1619306912429324, "R": 294.9349083040687, "Cp": 2116.2999999999997, "molecular_mass": 0.028190999999999997, "v": 0.0, "M": 0.0, "Ht": 5609759.99993, "Ue": 3349.5551943295395, "total_p": 30116497.67641788, "total_T": 4216.53, "pitot_p": 30116497.67641788, "composition_massf": {"e-": 0.0, "N-": 0.0, "O2+": 0.0, "N": 9.1203e-05, "N2": 0.71587, "O+": 0.0, "N2O": 0.00016535, "N2+": 0.0, "O": 0.026154, "O2": 0.14817, "NO": 0.1088, "O-": 0.0, "N+": 0.0, "NO2": 0.000742, "NO+": 0.0}, "composition_moles": {"e-": 0.0, "N-": 0.0, "O2+": 0.0, "N": 0.00018356242176958168, "N2": 0.7204084891516203, "O+": 0.0, "N2O": 0.00010590968650029084, "N2+": 0.0, "O": 0.046083441504056404, "O2": 0.13053803486380738, "NO": 0.10221857555630355, "O-": 0.0, "N+": 0.0, "NO2": 0.0004546787231961396, "NO+": 0.0}}, "s5d": {"state_name": "s5d", "gmodel_type": "CEAGas", "rho": 13.353, "p": 20675509.05283848, "T": 4251.4024313452455, "a": 1345.2, "h": 3505760.0, "u": 1957350.0, "s": 9569.1, "gamma": 1.0653922692810347, "R": 364.20824390030225, "Cp": 5933.8, "molecular_mass": 0.022829000000000002, "v": 0.0, "M": 0.0, "Ht": 9034810.0, "Ue": 4250.837564527725, "total_p": 20673643.011808675, "total_T": 4251.38, "pitot_p": 20673643.011808675, "composition_massf": {"H2O": 0.25622, "OH": 0.081358, "Ar": 0.588, "HO2": 0.00049253, "O": 0.019707, "O2": 0.041461, "H2": 0.010167, "H": 0.0025107, "H2O2": 7.9834e-05}, "composition_moles": {"H2O": 0.3246825128446519, "OH": 0.10920707071182209, "Ar": 0.3360231300690898, "HO2": 0.00034065670738764266, "O": 0.02811924840931535, "O2": 0.029579645767966296, "H2": 0.11513703345437229, "H": 0.05686526013453182, "H2O2": 5.35807006269058e-05}}, "s6": {"state_name": "s6", "gmodel_type": "CEAGas", "rho": 15.121, "p": 17040809.279914577, "T": 3848.04, "a": 1167.0, "h": 4935390.0, "u": 3808450.0, "s": 8559.4, "gamma": 1.1681403539061719, "R": 292.85724349265615, "Cp": 2034.6000000000001, "molecular_mass": 0.028391, "v": 1167.0006596170906, "M": 1.000000565224585, "Ht": 5616329.99993, "Ue": 3351.5160748324033, "total_p": 30276065.513869405, "total_T": 4220.11, "pitot_p": 30277779.16661503, "composition_massf": {"e-": 0.0, "N-": 0.0, "O2+": 0.0, "N": 3.2288e-05, "N2": 0.72447, "O+": 0.0, "N2O": 0.00010135, "N2+": 0.0, "O": 0.018155, "O2": 0.16597, "NO": 0.090702, "O-": 0.0, "N+": 0.0, "NO2": 0.00056385, "NO+": 0.0}, "composition_moles": {"e-": 0.0, "N-": 0.0, "O2+": 0.0, "N": 6.544643691947424e-05, "N2": 0.7342353220244596, "O+": 0.0, "N2O": 6.537706871637342e-05, "N2+": 0.0, "O": 0.03221612091703439, "O2": 0.14725721808317813, "NO": 0.08581989935379807, "O-": 0.0, "N+": 0.0, "NO2": 0.0003479641640673397, "NO+": 0.0}}, "s8": {"state_name": "s8", "gmodel_type": "CEAGas", "rho": 0.031216, "p": 6227.737104536876, "T": 692.26, "a": 521.6, "h": 409470.0, "u": 209970.0, "s": 8559.4, "gamma": 1.3637934406561707, "R": 288.19792027729636, "Cp": 1080.4, "molecular_mass": 0.02885, "v": 3227.0312269246365, "M": 6.186792996404594, "Ht": 5616335.269703362, "Ue": 3351.5176471871255, "total_p": null, "total_T": null, "pitot_p": 312390.70955246885, "unit_Re": null, "k": 0.0, "mu": 0.0, "composition_massf": {"N": 0.0, "N2": 0.76708, "N2O": 0.0, "O": 0.0, "O2": 0.23292, "NO": 0.0, "NO2": 0.0}, "composition_moles": {"N": 0.0, "N2": 0.7899882913177266, "N2O": 0.0, "O": 0.0, "O2": 0.20999981249296848, "NO": 0.0, "NO2": 0.0}}, "s10f": {"state_name": "s10f", "gmodel_type": "IdealGas", "rho": 0.17735165754659432, "p": 274082.2581666914, "T": 5362.34595738847, "a": 1451.7677166845785, "h": 5793478.572362502, "u": 4248061.619635778, "s": 2835.0964165000187, "gamma": 1.3637934406561707, "R": 288.19792027729636, "Cp": 1080.3999999999999, "molecular_mass": 0.02885, "v": 567.9866220446744, "M": 0.39123794772196274, "Ht": null, "Ue": null, "total_p": 303802.4422820056, "total_T": 5511.646588090858, "pitot_p": 303802.4422820056}, "s10e": {"state_name": "s10e", "gmodel_type": "CEAGas", "rho": 0.2602732641053926, "p": 292310.0, "T": 3643.4088286497517, "a": 1148.1, "h": 5541440.0, "u": 4418350.0, "s": 9938.3, "gamma": 1.3037434100919838, "R": 308.2530678826975, "Cp": 1323.1,