{"states_dict": {"s4": {"state_name": "s4", "gmodel_type": "CEAGas", "rho": 53.281, "p": 83444659.1752156, "T": 4456.954128309748, "a": 1358.3, "h": 3072160.0, "u": 1506030.0, "s": 8970.4, "gamma": 1.083117016422491, "R": 351.3866114445102, "Cp": 4579.0, "molecular_mass": 0.023662, "v": 0.0, "M": 0.0, "Ht": 8601220.0, "Ue": 4147.582428355101, "total_p": 83456361.47134677, "total_T": 4456.98, "pitot_p": 83456361.47134677, "composition_massf": {"H2O": 0.28535, "OH": 0.069939, "Ar": 0.588, "HO2": 0.00075843, "O": 0.012128, "O2": 0.033551, "H2": 0.0085561, "H": 0.001524, "H2O2": 0.00018997}, "composition_moles": {"H2O": 0.374790272479806, "OH": 0.09730484708367093, "Ar": 0.3482841694202463, "HO2": 0.0005437062448457497, "O": 0.01793646861757316, "O2": 0.02480979792992237, "H2": 0.10042980643689108, "H": 0.03577682004881242, "H2O2": 0.0001321508872051714}}, "s1": {"state_name": "s1", "gmodel_type": "CEAGas", "rho": 0.81968, "p": 70430.8712121212, "T": 298.15, "a": 346.7, "h": 7.000000000000001e-05, "u": -85925.0, "s": 6989.200000000001, "gamma": 1.398557725608831, "R": 288.19792027729636, "Cp": 1011.3000000000001, "molecular_mass": 0.02885, "v": 0.0, "M": 0.0, "Ht": null, "Ue": null, "total_p": 70428.48447221945, "total_T": 298.15, "pitot_p": 70428.48447221945, "composition_massf": {"e-": 0.0, "N-": 0.0, "O2+": 0.0, "N": 0.0, "N2": 0.76708, "O+": 0.0, "N2O": 0.0, "N2+": 0.0, "O": 0.0, "O2": 0.23292, "NO": 0.0, "O-": 0.0, "N+": 0.0, "NO2": 0.0, "NO+": 0.0}, "composition_moles": {"e-": 0.0, "N-": 0.0, "O2+": 0.0, "N": 0.0, "N2": 0.7899882913177266, "O+": 0.0, "N2O": 0.0, "N2+": 0.0, "O": 0.0, "O2": 0.20999981249296848, "NO": 0.0, "O-": 0.0, "N+": 0.0, "NO2": 0.0, "NO+": 0.0}}, "s2": {"state_name": "s2", "gmodel_type": "CEAGas", "rho": 6.356772052827468, "p": 6745099.999999999, "T": 3623.714621463858, "a": 1130.2, "h": 4596500.0, "u": 3535410.0, "s": 8740.1, "gamma": 1.1621814355057658, "R": 292.8159887304103, "Cp": 2098.3, "molecular_mass": 0.028395, "v": 2663.2663150500503, "M": 2.356455773358742, "Ht": 8142999.99993, "Ue": 4035.59165425096, "total_p": 94550358.99250618, "total_T": 5514.29, "pitot_p": 46431082.82546969, "unit_Re": 159865692.9249004, "k": 0.35211000000000003, "mu": 0.0001059, "composition_massf": {"e-": 0.0, "N-": 0.0, "O2+": 0.0, "N": 2.0183e-05, "N2": 0.73045, "O+": 0.0, "N2O": 5.4151e-05, "N2+": 0.0, "O": 0.017913, "O2": 0.17308, "NO": 0.07814, "O-": 0.0, "N+": 0.0, "NO2": 0.00034366, "NO+": 0.0}, "composition_moles": {"e-": 0.0, "N-": 0.0, "O2+": 0.0, "N": 4.0915867763284715e-05, "N2": 0.7404002281051212, "O+": 0.0, "N2O": 3.4935692457648686e-05, "N2+": 0.0, "O": 0.03179116935635086, "O2": 0.1535872157705914, "NO": 0.07394447462349323, "O-": 0.0, "N+": 0.0, "NO2": 0.00021210998032843902, "NO+": 0.0}}, "s3": {"state_name": "s3", "gmodel_type": "CEAGas", "rho": 6.1698, "p": 6745099.999999997, "T": 3322.53, "a": 1126.3, "h": -227970.0, "u": -1321220.0, "s": 8970.4, "gamma": 1.0936246034464567, "R": 329.03993034944006, "Cp": 3843.5, "molecular_mass": 0.025269, "v": 2663.272347552944, "M": 2.3646207471836496, "Ht": 8847610.0, "Ue": 4206.568672920959, "total_p": 97494316.59295149, "total_T": 4542.65, "pitot_p": 45628897.879212916, "composition_massf": {"H2O": 0.35323, "OH": 0.029681, "Ar": 0.588, "HO2": 9.1508e-05, "O": 0.0030538, "O2": 0.021022, "H2": 0.0044565, "H": 0.00044457, "H2O2": 1.9133e-05}, "composition_moles": {"H2O": 0.49545546169695937, "OH": 0.04409914713294377, "Ar": 0.3719378191649143, "HO2": 7.005586289345751e-05, "O": 0.004823085378201682, "O2": 0.01660077621660812, "H2": 0.055862104143103754, "H": 0.011145345288410023, "H2O2": 1.4213621207078827e-05}}, "s5": {"state_name": "s5", "gmodel_type": "CEAGas", "rho": 32.0, "p": 63004626.754623905, "T": 6179.19194169927, "a": 1559.4, "h": 9900720.0, "u": 7931800.0, "s": 9167.3, "gamma": 1.1520168185742727, "R": 318.63685138345977, "Cp": 2414.7, "molecular_mass": 0.026094000000000003, "v": 0.0, "M": 0.0, "Ht": 9900729.99993, "Ue": 4449.883144517393, "total_p": 63013892.327128455, "total_T": 6179.23, "pitot_p": 63013892.327128455, "composition_massf": {"e-": 0.0, "N-": 0.0, "O2+": 0.0, "N": 0.0054576, "N2": 0.69765, "O+": 0.0, "N2O": 0.0003407, "N2+": 0.0, "O": 0.11118, "O2": 0.0486, "NO": 0.13619, "O-": 1.2354e-05, "N+": 0.0, "NO2": 0.0005104, "NO+": 6.2334e-05}, "composition_moles": {"e-": 0.0, "N-": 0.0, "O2+": 0.0, "N": 0.010167320953543661, "N2": 0.6498489687078327, "O+": 0.0, "N2O": 0.00020199182510542387, "N2+": 0.0, "O": 0.18132748228058554, "O2": 0.039631748690575896, "NO": 0.11843398042398047, "O-": 2.0147894475111003e-05, "N+": 0.0, "NO2": 0.00028949533425351323, "NO+": 5.420808217508711e-05}}, "s5d": {"state_name": "s5d", "gmodel_type": "CEAGas", "rho": 34.043, "p": 60187009.700860605, "T": 4738.346212217618, "a": 1446.1, "h": 4887880.0, "u": 3119890.0, "s": 9483.1, "gamma": 1.070794778203194, "R": 373.1156883862862, "Cp": 5643.5, "molecular_mass": 0.022283999999999998, "v": 0.0, "M": 0.0, "Ht": 10416950.0, "Ue": 4564.416720677463, "total_p": 60190068.29051846, "total_T": 4738.36, "pitot_p": 60190068.29051846, "composition_massf": {"H2O": 0.23353, "OH": 0.095224, "Ar": 0.588, "HO2": 0.00092957, "O": 0.025081, "O2": 0.042687, "H2": 0.011295, "H": 0.0030818, "H2O2": 0.00017375}, "composition_moles": {"H2O": 0.2888649257741206, "OH": 0.12476798935048045, "Ar": 0.3280012015620306, "HO2": 0.0006275850895907926, "O": 0.03493287273272747, "O2": 0.029727274397789917, "H2": 0.12485752128102862, "H": 0.06813384844335972, "H2O2": 0.00011382864692538633}}, "s6": {"state_name": "s6", "gmodel_type": "CEAGas", "rho": 20.224, "p": 35776403.931842566, "T": 5615.18, "a": 1475.4, "h": 8843930.0, "u": 7074960.0, "s": 9167.3, "gamma": 1.1466898232536278, "R": 315.02709051642483, "Cp": 2462.6, "molecular_mass": 0.026393, "v": 1475.4006691955537, "M": 1.000000453568899, "Ht": 9932339.99993, "Ue": 4456.9810410029795, "total_p": 64032321.33673421, "total_T": 6196.19, "pitot_p": 64031354.88191303, "composition_massf": {"e-": 0.0, "N-": 0.0, "O2+": 0.0, "N": 0.0027538, "N2": 0.70295, "O+": 0.0, "N2O": 0.00023646, "N2+": 0.0, "O": 0.10036, "O2": 0.062371, "NO": 0.13084, "O-": 5.3072e-06, "N+": 0.0, "NO2": 0.0004502, "NO+": 2.9274e-05}, "composition_moles": {"e-": 0.0, "N-": 0.0, "O2+": 0.0, "N": 0.005189019783389378, "N2": 0.6622887386036682, "O+": 0.0, "N2O": 0.00014179713128907955, "N2+": 0.0, "O": 0.1655563008612823, "O2": 0.05144436050726903, "NO": 0.11508526999510102, "O-": 8.754586224108246e-06, "N+": 0.0, "NO2": 0.0002582762626207736, "NO+": 2.5749524536316302e-05}}, "s8": {"state_name": "s8", "gmodel_type": "CEAGas", "rho": 0.041199, "p": 18131.140456400677, "T": 1527.05, "a": 756.8, "h": 1384760.0, "u": 944670.0, "s": 9167.3, "gamma": 1.3083313138265356, "R": 288.19792027729636, "Cp": 1222.9, "molecular_mass": 0.02885, "v": 4134.627810899391, "M": 5.463303132795179, "Ht": 9932339.99993, "Ue": 4456.9810410029795, "total_p": 64032275.473618485, "total_T": 6196.19, "pitot_p": 683389.1698616777, "unit_Re": 2947408.5749600995, "k": 0.09488, "mu": 5.7794e-05, "composition_massf": {"e-": 0.0, "N-": 0.0, "O2+": 0.0, "N": 0.0, "N2": 0.7664, "O+": 0.0, "N2O": 0.0, "N2+": 0.0, "O": 3.4664e-06, "O2": 0.23214, "NO": 0.001448, "O-": 0.0, "N+": 0.0, "NO2": 4.689e-06, "NO+": 0.0}, "composition_moles": {"e-": 0.0, "N-": 0.0, "O2+": 0.0, "N": 0.0, "N2": 0.7892879836078449, "O+": 0.0, "N2O": 0.0, "N2+": 0.0, "O": 6.250586897008638e-06, "O2": 0.20929656737127644, "NO": 0.0013922102505823817, "O-": 0.0, "N+": 0.0, "NO2": 2.940466900696656e-06, "NO+": 0.0}}, "s10f": {"state_name": "s10f", "gmodel_type": "IdealGas", "rho": 0.2573642728450826, "p": 609682.7085031933, "T": 8219.86674729862, "a": 1755.832037744272, "h": 10228802.180338403, "u": 7859853.678810436, "s": 3610.115538977711, "gamma": 1.3013985499392275, "R": 288.19792027729636, "Cp": 1244.4000000000003, "molecular_mass": 0.02885, "v": 661.8646492946172, "M": 0.37695214295378654, "Ht": null, "Ue": null, "total_p": 668089.6726741096,