{"states_dict": {"s4": {"state_name": "s4", "gmodel_type": "CEAGas", "rho": 17.17, "p": 25193160.726564586, "T": 4145.924697772084, "a": 1309.0, "h": 2694680.0, "u": 1227420.0, "s": 9305.0, "gamma": 1.0720684320685268, "R": 353.8992934366221, "Cp": 5264.5, "molecular_mass": 0.023494, "v": 0.0, "M": 0.0, "Ht": 8223770.0, "Ue": 4055.5566818872103, "total_p": 25194531.958440408, "total_T": 4145.94, "pitot_p": 25194531.958440408, "composition_massf": {"H2O": 0.28093, "OH": 0.069635, "Ar": 0.588, "HO2": 0.00044999, "O": 0.013731, "O2": 0.03656, "H2": 0.0088392, "H": 0.0017694, "H2O2": 8.4766e-05}, "composition_moles": {"H2O": 0.3663650756468953, "OH": 0.0961940368099891, "Ar": 0.3458113547611895, "HO2": 0.0003203001889917029, "O": 0.020163013237996425, "O2": 0.026842901608810334, "H2": 0.10301613429370796, "H": 0.041242815643788316, "H2O2": 5.854802702833012e-05}}, "s1": {"state_name": "s1", "gmodel_type": "CEAGas", "rho": 0.81968, "p": 70430.8712121212, "T": 298.15, "a": 346.7, "h": 7.000000000000001e-05, "u": -85925.0, "s": 6989.200000000001, "gamma": 1.398557725608831, "R": 288.19792027729636, "Cp": 1011.3000000000001, "molecular_mass": 0.02885, "v": 0.0, "M": 0.0, "Ht": null, "Ue": null, "total_p": 70428.48447221945, "total_T": 298.15, "pitot_p": 70428.48447221945, "composition_massf": {"e-": 0.0, "N-": 0.0, "O2+": 0.0, "N": 0.0, "N2": 0.76708, "O+": 0.0, "N2O": 0.0, "N2+": 0.0, "O": 0.0, "O2": 0.23292, "NO": 0.0, "O-": 0.0, "N+": 0.0, "NO2": 0.0, "NO+": 0.0}, "composition_moles": {"e-": 0.0, "N-": 0.0, "O2+": 0.0, "N": 0.0, "N2": 0.7899882913177266, "O+": 0.0, "N2O": 0.0, "N2+": 0.0, "O": 0.0, "O2": 0.20999981249296848, "NO": 0.0, "O-": 0.0, "N+": 0.0, "NO2": 0.0, "NO+": 0.0}}, "s2": {"state_name": "s2", "gmodel_type": "CEAGas", "rho": 5.385896927181909, "p": 3857200.0000000005, "T": 2483.9821932351174, "a": 947.1, "h": 2661470.0, "u": 1945300.0, "s": 8267.9, "gamma": 1.2493706057837415, "R": 288.317844510715, "Cp": 1444.5, "molecular_mass": 0.028838000000000003, "v": 1979.0781131651654, "M": 2.089618955934078, "Ht": 4619839.99993, "Ue": 3039.684194099775, "total_p": 34789714.64967859, "total_T": 3721.83, "pitot_p": 21988019.33275179, "unit_Re": 132332407.11562341, "k": 0.15916, "mu": 8.0548e-05, "composition_massf": {"e-": 0.0, "N-": 0.0, "O2+": 0.0, "N": 0.0, "N2": 0.75652, "O+": 0.0, "N2O": 1.1342e-05, "N2+": 0.0, "O": 0.00053236, "O2": 0.22026, "NO": 0.022481, "O-": 0.0, "N+": 0.0, "NO2": 0.00018984, "NO+": 0.0}, "composition_moles": {"e-": 0.0, "N-": 0.0, "O2+": 0.0, "N": 0.0, "N2": 0.778788856761407, "O+": 0.0, "N2O": 7.431488021666426e-06, "N2+": 0.0, "O": 0.0009595483380626773, "O2": 0.19850300261259798, "NO": 0.021605842745308454, "O-": 0.0, "N+": 0.0, "NO2": 0.00011899894403929966, "NO+": 0.0}}, "s3": {"state_name": "s3", "gmodel_type": "CEAGas", "rho": 3.4017, "p": 3857200.0000000005, "T": 3379.22, "a": 1143.4, "h": 271490.0, "u": -862430.0, "s": 9305.0, "gamma": 1.0776159607804188, "R": 335.5601743482122, "Cp": 4658.9, "molecular_mass": 0.024777999999999998, "v": 1979.0620939301157, "M": 1.7308571750307116, "Ht": 7758920.0, "Ue": 3939.268967714695, "total_p": 18218268.312814046, "total_T": 3998.21, "pitot_p": 14889763.241482746, "composition_massf": {"H2O": 0.33359, "OH": 0.03915, "Ar": 0.588, "HO2": 0.00010134, "O": 0.0054201, "O2": 0.02718, "H2": 0.0057605, "H": 0.00077639, "H2O2": 1.6482e-05}, "composition_moles": {"H2O": 0.45881568424137725, "OH": 0.057037649626573, "Ar": 0.36471072394112347, "HO2": 7.607544762069807e-05, "O": 0.00839401713814268, "O2": 0.02104660299761241, "H2": 0.07080464561382621, "H": 0.019085849772803934, "H2O2": 1.2006315978865596e-05}}, "s5": {"state_name": "s5", "gmodel_type": "CEAGas", "rho": 24.477, "p": 30900279.549270865, "T": 4272.770236316718, "a": 1236.2, "h": 5724430.0, "u": 4462010.0, "s": 8578.8, "gamma": 1.1601715071553946, "R": 295.4589389147507, "Cp": 2140.1, "molecular_mass": 0.028141, "v": 0.0, "M": 0.0, "Ht": 5724429.99993, "Ue": 3383.6164084984575, "total_p": 30902967.759973653, "total_T": 4272.78, "pitot_p": 30902967.759973653, "composition_massf": {"e-": 0.0, "N-": 0.0, "O2+": 0.0, "N": 0.00010807, "N2": 0.71474, "O+": 0.0, "N2O": 0.00017172, "N2+": 0.0, "O": 0.02815, "O2": 0.14491, "NO": 0.11117, "O-": 0.0, "N+": 0.0, "NO2": 0.00074552, "NO+": 1.0561e-06}, "composition_moles": {"e-": 0.0, "N-": 0.0, "O2+": 0.0, "N": 0.00021712450969892978, "N2": 0.7179956142417557, "O+": 0.0, "N2O": 0.00010979470790315545, "N2+": 0.0, "O": 0.04951242859107217, "O2": 0.12743953867020014, "NO": 0.10425996614021815, "O-": 0.0, "N+": 0.0, "NO2": 0.000456025438697547, "NO+": 9.904737194731237e-07}}, "s5d": {"state_name": "s5d", "gmodel_type": "CEAGas", "rho": 13.875, "p": 21506721.14713332, "T": 4259.0319627338995, "a": 1346.0, "h": 3501730.0, "u": 1951740.0, "s": 9553.800000000001, "gamma": 1.0657999786220957, "R": 363.9372319005515, "Cp": 5894.9, "molecular_mass": 0.022846, "v": 0.0, "M": 0.0, "Ht": 9030810.0, "Ue": 4249.896469327224, "total_p": 21505336.085825477, "total_T": 4259.02, "pitot_p": 21505336.085825477, "composition_massf": {"H2O": 0.25679, "OH": 0.081194, "Ar": 0.588, "HO2": 0.00049991, "O": 0.019526, "O2": 0.041282, "H2": 0.010137, "H": 0.0024862, "H2O2": 8.1933e-05}, "composition_moles": {"H2O": 0.3256471362088183, "OH": 0.10906809201203717, "Ar": 0.3362733553619705, "HO2": 0.0003460185362141187, "O": 0.027881732814980565, "O2": 0.029473873145242947, "H2": 0.1148827817131972, "H": 0.05635228803301783, "H2O2": 5.5030396228922346e-05}}, "s6": {"state_name": "s6", "gmodel_type": "CEAGas", "rho": 15.291, "p": 17495618.48971981, "T": 3901.12, "a": 1175.7, "h": 5040470.0, "u": 3896300.0, "s": 8578.8, "gamma": 1.1656068046414714, "R": 293.29112137994287, "Cp": 2064.2999999999997, "molecular_mass": 0.028349, "v": 1175.700121598524, "M": 1.0000001034264896, "Ht": 5731609.99993, "Ue": 3385.7377334725734, "total_p": 31079077.07684117, "total_T": 4276.67, "pitot_p": 31083021.992405627, "composition_massf": {"e-": 0.0, "N-": 0.0, "O2+": 0.0, "N": 3.9158e-05, "N2": 0.72326, "O+": 0.0, "N2O": 0.00010594, "N2+": 0.0, "O": 0.019819, "O2": 0.16292, "NO": 0.093285, "O-": 0.0, "N+": 0.0, "NO2": 0.00056972, "NO+": 0.0}, "composition_moles": {"e-": 0.0, "N-": 0.0, "O2+": 0.0, "N": 7.925422419270778e-05, "N2": 0.7319246410646334, "O+": 0.0, "N2O": 6.823680974625565e-05, "N2+": 0.0, "O": 0.035116868820080756, "O2": 0.14433725889720866, "NO": 0.08813329506333713, "O-": 0.0, "N+": 0.0, "NO2": 0.0003510665524774212, "NO+": 0.0}}, "s8": {"state_name": "s8", "gmodel_type": "CEAGas", "rho": 0.031518, "p": 6465.996613249875, "T": 711.85, "a": 528.5, "h": 430680.0, "u": 225530.0, "s": 8578.8, "gamma": 1.3616024695664124, "R": 288.19792027729636, "Cp": 1085.2, "molecular_mass": 0.02885, "v": 3256.0483374677938, "M": 6.160924006561578, "Ht": 5731609.99993, "Ue": 3385.7377334725734, "total_p": 31078955.252069913, "total_T": 4276.67, "pitot_p": 321228.8396014104, "unit_Re": 2967644.992924147, "k": 0.050949999999999995, "mu": 3.4581e-05, "composition_massf": {"e-": 0.0, "N-": 0.0, "O2+": 0.0, "N": 0.0, "N2": 0.76708, "O+": 0.0, "N2O": 0.0, "N2+": 0.0, "O": 0.0, "O2": 0.23292, "NO": 0.0, "O-": 0.0, "N+": 0.0, "NO2": 0.0, "NO+": 0.0}, "composition_moles": {"e-": 0.0, "N-": 0.0, "O2+": 0.0, "N": 0.0, "N2": 0.7899882913177266, "O+": 0.0, "N2O": 0.0, "N2+": 0.0, "O": 0.0, "O2": 0.20999981249296848, "NO": 0.0, "O-": 0.0, "N+": 0.0, "NO2": 0.0, "NO+": 0.0}}, "s10f": {"state_name": "s10f", "gmodel_type": "IdealGas", "rho": 0.1796592430161834, "p": 281993.38836901356, "T": 5446.261851253358, "a": 1461.9073360400434, "h": 5910283.360980144, "u": 4340682.022163348, "s": 2857.6164269760593, "gamma": 1.3616024695664124, "R": 288.19792027729636, "Cp": 1085.2, "molecular_mass": 0.02885, "v": 571.2121269427804, "M": 0.39073073433645744, "Ht": null, "Ue": null, "total_p": 312440.2506228568, "total_T": 5596.595105016027, "pitot_p": 312440.2506228568}, "s10e": {"state_name": "s10e", "gmodel_type": "CEAGas", "rho": 0.2643037346809684, "p": 300770.0,