{"states_dict": {"s4": {"state_name": "s4", "gmodel_type": "CEAGas", "rho": 33.429, "p": 37310000.0, "T": 3861.0, "a": 1256.6, "h": 3288120.0, "u": 2172010.0, "s": 6232.3, "gamma": 1.4148350213656617, "R": 289.06963807669575, "Cp": 985.9, "molecular_mass": 0.028763, "v": 0.0, "M": 0.0, "Ht": 3287120.0, "Ue": 2564.028080969473, "total_p": 37307663.26738406, "total_T": 3861.0, "pitot_p": 37307663.26738406, "composition_massf": {"Ar": 0.83332, "O2": 0.14796, "H2": 0.018713}, "composition_moles": {"Ar": 0.5999995784519876, "O2": 0.1329979086715752, "H2": 0.26700102139016213}}, "s1": {"state_name": "s1", "gmodel_type": "CEAGas", "rho": 0.25663, "p": 22051.307399030455, "T": 298.15, "a": 346.7, "h": 7.000000000000001e-05, "u": -85925.0, "s": 7323.9, "gamma": 1.398557725608831, "R": 288.19792027729636, "Cp": 1011.3000000000001, "molecular_mass": 0.02885, "v": 0.0, "M": 0.0, "Ht": -10.11307, "Ue": null, "total_p": 22046.346024015947, "total_T": 298.14, "pitot_p": 22046.346024015947, "composition_massf": {"e-": 0.0, "N-": 0.0, "O2+": 0.0, "N": 0.0, "N2": 0.76708, "O+": 0.0, "N2O": 0.0, "N2+": 0.0, "O": 0.0, "O2": 0.23292, "NO": 0.0, "O-": 0.0, "N+": 0.0, "NO2": 0.0, "NO+": 0.0}, "composition_moles": {"e-": 0.0, "N-": 0.0, "O2+": 0.0, "N": 0.0, "N2": 0.7899882913177266, "O+": 0.0, "N2O": 0.0, "N2+": 0.0, "O": 0.0, "O2": 0.20999981249296848, "NO": 0.0, "O-": 0.0, "N+": 0.0, "NO2": 0.0, "NO+": 0.0}}, "s2": {"state_name": "s2", "gmodel_type": "CEAGas", "rho": 1.8064170802533324, "p": 1516600.0, "T": 2900.48216741418, "a": 1012.5, "h": 3325450.0, "u": 2485900.0, "s": 8783.8, "gamma": 1.2013372218850598, "R": 289.452045256745, "Cp": 1727.1000000000001, "molecular_mass": 0.028725, "v": 2235.229185911497, "M": 2.207633763863207, "Ht": 5823579.99993, "Ue": 3412.79357709487, "total_p": 16741925.898953611, "total_T": 4254.61, "pitot_p": 9390056.147481367, "unit_Re": 44903872.105330065, "k": 0.23032, "mu": 8.992e-05, "composition_massf": {"e-": 0.0, "N-": 0.0, "O2+": 0.0, "N": 0.0, "N2": 0.748, "O+": 0.0, "N2O": 1.2979e-05, "N2+": 0.0, "O": 0.0048917, "O2": 0.20619, "NO": 0.040764, "O-": 0.0, "N+": 0.0, "NO2": 0.00014338, "NO+": 0.0}, "composition_moles": {"e-": 0.0, "N-": 0.0, "O2+": 0.0, "N": 0.0, "N2": 0.7670007924778857, "O+": 0.0, "N2O": 8.470757938599681e-06, "N2+": 0.0, "O": 0.008782459498481193, "O2": 0.18509468323812145, "NO": 0.039023595202308865, "O-": 0.0, "N+": 0.0, "NO2": 8.952387214572171e-05, "NO+": 0.0}}, "s3": {"state_name": "s3", "gmodel_type": "CEAGas", "rho": 3.6323, "p": 1516600.0000000002, "T": 1444.4, "a": 784.4, "h": 995680.0, "u": 578140.0, "s": 6232.3, "gamma": 1.4734729934905502, "R": 289.06963807669575, "Cp": 899.5999999999999, "molecular_mass": 0.028763, "v": 2235.208421751023, "M": 2.8495772842312888, "Ht": 3492750.0, "Ue": 2643.0096481095184, "total_p": 44640955.03738721, "total_T": 4069.04, "pitot_p": 17295482.160730116, "composition_massf": {"Ar": 0.83332, "O2": 0.14796, "H2": 0.018713}, "composition_moles": {"Ar": 0.5999995784519876, "O2": 0.1329979086715752, "H2": 0.26700102139016213}}, "s5": {"state_name": "s5", "gmodel_type": "CEAGas", "rho": 8.8347, "p": 12860048.882125247, "T": 4733.508908015448, "a": 1328.1, "h": 7107200.0, "u": 5651560.0, "s": 9149.0, "gamma": 1.132697684975363, "R": 307.5120201198314, "Cp": 2624.8999999999996, "molecular_mass": 0.027038, "v": 0.0, "M": 0.0, "Ht": 7107209.99993, "Ue": 3770.2015861038517, "total_p": 12861195.525818048, "total_T": 4733.53, "pitot_p": 12861195.525818048, "composition_massf": {"e-": 0.0, "N-": 0.0, "O2+": 0.0, "N": 0.00064758, "N2": 0.71217, "O+": 0.0, "N2O": 0.00011781, "N2+": 0.0, "O": 0.073786, "O2": 0.097071, "NO": 0.11584, "O-": 0.0, "N+": 0.0, "NO2": 0.00035494, "NO+": 5.9305e-06}, "composition_moles": {"e-": 0.0, "N-": 0.0, "O2+": 0.0, "N": 0.0012500637580586435, "N2": 0.6873729165328021, "O+": 0.0, "N2O": 7.237319098080559e-05, "N2+": 0.0, "O": 0.12469379276722878, "O2": 0.08202200388764579, "NO": 0.10438150642702651, "O-": 0.0, "N+": 0.0, "NO2": 0.00020860261751312343, "NO+": 5.343973082261038e-06}}, "s5d": {"state_name": "s5d", "gmodel_type": "CEAGas", "rho": 15.621, "p": 25162207.33772925, "T": 5572.171049771444, "a": 1499.0, "h": 5007440.0, "u": 3396690.0, "s": 6714.400000000001, "gamma": 1.3949414495077144, "R": 289.06963807669575, "Cp": 1020.9999999999999, "molecular_mass": 0.028763, "v": 0.0, "M": 0.0, "Ht": 5006440.0, "Ue": 3164.313511648301, "total_p": 25158775.70938841, "total_T": 5572.17, "pitot_p": 25158775.70938841, "composition_massf": {"Ar": 0.83332, "O2": 0.14796, "H2": 0.018713}, "composition_moles": {"Ar": 0.5999995784519876, "O2": 0.1329979086715752, "H2": 0.26700102139016213}}, "s6": {"state_name": "s6", "gmodel_type": "CEAGas", "rho": 5.5593, "p": 7352971.708115253, "T": 4353.01, "a": 1261.0, "h": 6331350.0, "u": 5008700.0, "s": 9149.0, "gamma": 1.1283061853954173, "R": 303.84848706329484, "Cp": 2672.0, "molecular_mass": 0.027364, "v": 1261.0005091287426, "M": 1.000000403749994, "Ht": 7126409.99993, "Ue": 3775.290717264036, "total_p": 13031872.579756292, "total_T": 4743.09, "pitot_p": 13032518.576783331, "composition_massf": {"e-": 0.0, "N-": 0.0, "O2+": 0.0, "N": 0.00028974, "N2": 0.71775, "O+": 0.0, "N2O": 7.8557e-05, "N2+": 0.0, "O": 0.060045, "O2": 0.11678, "NO": 0.10475, "O-": 0.0, "N+": 0.0, "NO2": 0.00029608, "NO+": 2.4151e-06}, "composition_moles": {"e-": 0.0, "N-": 0.0, "O2+": 0.0, "N": 0.0005660466319689862, "N2": 0.7011112895971213, "O+": 0.0, "N2O": 4.884110413334303e-05, "N2+": 0.0, "O": 0.10269581234296286, "O2": 0.09986524244659174, "NO": 0.09552654293626962, "O-": 0.0, "N+": 0.0, "NO2": 0.00017610792448728956, "NO+": 2.202485650705289e-06}}, "s8": {"state_name": "s8", "gmodel_type": "CEAGas", "rho": 0.011197, "p": 3190.700699282968, "T": 988.75, "a": 616.8, "h": 740150.0, "u": 455200.0, "s": 9149.0, "gamma": 1.3355813022371252, "R": 288.19792027729636, "Cp": 1147.0, "molecular_mass": 0.02885, "v": 3573.866573338035, "M": 5.794206506708877, "Ht": 7126409.99993, "Ue": 3775.290717264036, "total_p": 13031865.192471543, "total_T": 4743.09, "pitot_p": 138534.7893243579, "unit_Re": 925774.066435303, "k": 0.06581000000000001, "mu": 4.322500000000001e-05, "composition_massf": {"e-": 0.0, "N-": 0.0, "O2+": 0.0, "N": 0.0, "N2": 0.76707, "O+": 0.0, "N2O": 0.0, "N2+": 0.0, "O": 0.0, "O2": 0.2329, "NO": 2.8741e-05, "O-": 0.0, "N+": 0.0, "NO2": 0.0, "NO+": 0.0}, "composition_moles": {"e-": 0.0, "N-": 0.0, "O2+": 0.0, "N": 0.0, "N2": 0.7899779926749343, "O+": 0.0, "N2O": 0.0, "N2+": 0.0, "O": 0.0, "O2": 0.20998178056677128, "NO": 2.7633642825958724e-05, "O-": 0.0, "N+": 0.0, "NO2": 0.0, "NO+": 0.0}}, "s10f": {"state_name": "s10f", "gmodel_type": "IdealGas", "rho": 0.06623535727434465, "p": 122029.85240450606, "T": 6392.715251792484, "a": 1568.4107118803765, "h": 7338837.10905777, "u": 5496469.868566223, "s": 3465.3993081447707, "gamma": 1.335191001596837, "R": 288.19792027729636, "Cp": 1147.9999999999998, "molecular_mass": 0.02885, "v": 604.167249946079, "M": 0.3852098467382561, "Ht": null, "Ue": null, "total_p": 134574.26639451302, "total_T": 6551.695245654593, "pitot_p": 134574.26639451302}, "s10e": {"state_name": "s10e", "gmodel_type": "CEAGas", "rho": 0.1015707638135861, "p": 130440.0, "T": 3928.2141144035477, "a": 1237.1, "h": 7048800.0, "u": 5764620.0, "s": 10592.7, "gamma": 1.3253299738780828, "R": 326.9181771713915, "Cp": 1331.8000000000002, "molecular_mass": 0.025433, "v": 393.97738600360276, "M": 0.318468503761703, "Ht": 7126389.99993, "Ue": 3775.2854196550493, "total_p": 138534.7893243579, "total_T": 3959.88, "pitot_p": 138534.7893243579, "unit_Re": 339699.35502263135, "k": 0.6084100000000001, "mu": 0.0001178, "composition_massf": {"e-": 0.0, "N-": 0.0, "O2+": 0.0, "N": 0.0005371, "N2": 0.7405, "O+": 0.0, "N2O": 5.254e-06, "N2+": 0.0, "O": 0.1484, "O2": 0.054762, "NO": 0.055778, "O-": 0.0, "N+": 0.0, "NO2": 1.5985e-05, "NO+": 2.8374e-06}, "composition_moles": {"e-": 0.0, "N-": 0.0, "O2+": 0.0, "N": 0.0009752521507564237,