{"states_dict": {"s4": {"state_name": "s4", "gmodel_type": "CEAGas", "rho": 33.429, "p": 37310000.0, "T": 3861.0, "a": 1256.6, "h": 3288120.0, "u": 2172010.0, "s": 6232.3, "gamma": 1.4148350213656617, "R": 289.06963807669575, "Cp": 985.9, "molecular_mass": 0.028763, "v": 0.0, "M": 0.0, "Ht": 3287120.0, "Ue": 2564.028080969473, "total_p": 37307663.26738406, "total_T": 3861.0, "pitot_p": 37307663.26738406, "composition_massf": {"Ar": 0.83332, "O2": 0.14796, "H2": 0.018713}, "composition_moles": {"Ar": 0.5999995784519876, "O2": 0.1329979086715752, "H2": 0.26700102139016213}}, "s1": {"state_name": "s1", "gmodel_type": "CEAGas", "rho": 0.26885, "p": 23101.29700083158, "T": 298.15, "a": 346.7, "h": 7.000000000000001e-05, "u": -85925.0, "s": 7310.5, "gamma": 1.398557725608831, "R": 288.19792027729636, "Cp": 1011.3000000000001, "molecular_mass": 0.02885, "v": 0.0, "M": 0.0, "Ht": -10.11307, "Ue": null, "total_p": 23095.665779261173, "total_T": 298.14, "pitot_p": 23095.665779261173, "composition_massf": {"e-": 0.0, "N-": 0.0, "O2+": 0.0, "N": 0.0, "N2": 0.76708, "O+": 0.0, "N2O": 0.0, "N2+": 0.0, "O": 0.0, "O2": 0.23292, "NO": 0.0, "O-": 0.0, "N+": 0.0, "NO2": 0.0, "NO+": 0.0}, "composition_moles": {"e-": 0.0, "N-": 0.0, "O2+": 0.0, "N": 0.0, "N2": 0.7899882913177266, "O+": 0.0, "N2O": 0.0, "N2+": 0.0, "O": 0.0, "O2": 0.20999981249296848, "NO": 0.0, "O-": 0.0, "N+": 0.0, "NO2": 0.0, "NO+": 0.0}}, "s2": {"state_name": "s2", "gmodel_type": "CEAGas", "rho": 1.883260205384175, "p": 1566000.0, "T": 2874.214231705892, "a": 1008.5, "h": 3279270.0, "u": 2447710.0, "s": 8758.5, "gamma": 1.204977282741081, "R": 289.3211079407057, "Cp": 1700.8000000000002, "molecular_mass": 0.028738, "v": 2218.0857187551846, "M": 2.1993908961380115, "Ht": 5739219.99993, "Ue": 3387.9846516564976, "total_p": 17048430.896862365, "total_T": 4219.9, "pitot_p": 9640741.447032558, "unit_Re": 46762857.85266204, "k": 0.22387, "mu": 8.9328e-05, "composition_massf": {"e-": 0.0, "N-": 0.0, "O2+": 0.0, "N": 0.0, "N2": 0.74858, "O+": 0.0, "N2O": 1.2775e-05, "N2+": 0.0, "O": 0.0043792, "O2": 0.20737, "NO": 0.03951, "O-": 0.0, "N+": 0.0, "NO2": 0.00014454, "NO+": 0.0}, "composition_moles": {"e-": 0.0, "N-": 0.0, "O2+": 0.0, "N": 0.0, "N2": 0.7679429144623645, "O+": 0.0, "N2O": 8.34139045913916e-06, "N2+": 0.0, "O": 0.007865885570708902, "O2": 0.18623820455767093, "NO": 0.03784025181546419, "O-": 0.0, "N+": 0.0, "NO2": 9.028899848931106e-05, "NO+": 0.0}}, "s3": {"state_name": "s3", "gmodel_type": "CEAGas", "rho": 3.7122, "p": 1565999.9999999988, "T": 1459.35, "a": 788.3, "h": 1009130.0, "u": 587280.0, "s": 6232.3, "gamma": 1.472853396594363, "R": 289.06963807669575, "Cp": 900.4, "molecular_mass": 0.028763, "v": 2218.0994366352943, "M": 2.8137757663773875, "Ht": 3468120.0, "Ue": 2633.674239536849, "total_p": 43712677.03145283, "total_T": 4044.17, "pitot_p": 17429115.429707587, "composition_massf": {"Ar": 0.83332, "O2": 0.14796, "H2": 0.018713}, "composition_moles": {"Ar": 0.5999995784519876, "O2": 0.1329979086715752, "H2": 0.26700102139016213}}, "s5": {"state_name": "s5", "gmodel_type": "CEAGas", "rho": 9.1729, "p": 13223614.329558557, "T": 4700.960364327467, "a": 1321.3, "h": 7009770.0, "u": 5568170.0, "s": 9119.8, "gamma": 1.1332303231588017, "R": 306.6613801497437, "Cp": 2608.4, "molecular_mass": 0.027112999999999998, "v": 0.0, "M": 0.0, "Ht": 7009779.99993, "Ue": 3744.270289370146, "total_p": 13224163.791196749, "total_T": 4700.97, "pitot_p": 13224163.791196749, "composition_massf": {"e-": 0.0, "N-": 0.0, "O2+": 0.0, "N": 0.0005853, "N2": 0.7122, "O+": 0.0, "N2O": 0.00011933, "N2+": 0.0, "O": 0.070569, "O2": 0.10024, "NO": 0.1159, "O-": 0.0, "N+": 0.0, "NO2": 0.00036932, "NO+": 5.3766e-06}, "composition_moles": {"e-": 0.0, "N-": 0.0, "O2+": 0.0, "N": 0.0011329748548908735, "N2": 0.6893086380089528, "O+": 0.0, "N2O": 7.351030359350006e-05, "N2+": 0.0, "O": 0.11958806561496058, "O2": 0.08493465754965811, "NO": 0.10472526252995225, "O-": 0.0, "N+": 0.0, "NO2": 0.00021765600113029965, "NO+": 4.858292849102583e-06}}, "s5d": {"state_name": "s5d", "gmodel_type": "CEAGas", "rho": 15.874, "p": 25404397.78462539, "T": 5536.288842385097, "a": 1494.3, "h": 4970810.0, "u": 3370440.0, "s": 6705.0, "gamma": 1.3952114283533212, "R": 289.06963807669575, "Cp": 1020.5, "molecular_mass": 0.028763, "v": 0.0, "M": 0.0, "Ht": 4969810.0, "Ue": 3152.71628917034, "total_p": 25404080.74892241, "total_T": 5536.28, "pitot_p": 25404080.74892241, "composition_massf": {"Ar": 0.83332, "O2": 0.14796, "H2": 0.018713}, "composition_moles": {"Ar": 0.5999995784519876, "O2": 0.1329979086715752, "H2": 0.26700102139016213}}, "s6": {"state_name": "s6", "gmodel_type": "CEAGas", "rho": 5.7699, "p": 7559403.366965934, "T": 4323.03, "a": 1254.8, "h": 6241130.0, "u": 4930980.0, "s": 9119.8, "gamma": 1.1294231499078704, "R": 303.0621468926554, "Cp": 2644.7, "molecular_mass": 0.027434999999999998, "v": 1254.8009610274469, "M": 1.0000007658809746, "Ht": 7028409.99993, "Ue": 3749.2425901587108, "total_p": 13395918.176168775, "total_T": 4710.26, "pitot_p": 13397406.602493968, "composition_massf": {"e-": 0.0, "N-": 0.0, "O2+": 0.0, "N": 0.00026003, "N2": 0.71795, "O+": 0.0, "N2O": 7.9271e-05, "N2+": 0.0, "O": 0.057056, "O2": 0.11996, "NO": 0.10438, "O-": 0.0, "N+": 0.0, "NO2": 0.0003063, "NO+": 2.1677e-06}, "composition_moles": {"e-": 0.0, "N-": 0.0, "O2+": 0.0, "N": 0.000509322185097132, "N2": 0.7031262984857246, "O+": 0.0, "N2O": 4.9412895453140904e-05, "N2+": 0.0, "O": 0.09783687888295811, "O2": 0.10285081315549333, "NO": 0.09543610465871939, "O-": 0.0, "N+": 0.0, "NO2": 0.0001826594754974949, "NO+": 1.9819948884525412e-06}}, "s8": {"state_name": "s8", "gmodel_type": "CEAGas", "rho": 0.011632, "p": 3245.020476018663, "T": 967.97, "a": 610.7, "h": 716340.0, "u": 437380.0, "s": 9119.8, "gamma": 1.3371910834366967, "R": 288.19792027729636, "Cp": 1142.9, "molecular_mass": 0.02885, "v": 3553.0417182739925, "M": 5.8179821815523045, "Ht": 7028379.99993, "Ue": 3749.2345885340383, "total_p": 13395895.029586915, "total_T": 4710.25, "pitot_p": 142171.8329165848, "unit_Re": 969936.1949533697, "k": 0.06471, "mu": 4.261e-05, "composition_massf": {"e-": 0.0, "N-": 0.0, "O2+": 0.0, "N": 0.0, "N2": 0.76707, "O+": 0.0, "N2O": 0.0, "N2+": 0.0, "O": 0.0, "O2": 0.2329, "NO": 2.2638e-05, "O-": 0.0, "N+": 0.0, "NO2": 0.0, "NO+": 0.0}, "composition_moles": {"e-": 0.0, "N-": 0.0, "O2+": 0.0, "N": 0.0, "N2": 0.7899779926749343, "O+": 0.0, "N2O": 0.0, "N2+": 0.0, "O": 0.0, "O2": 0.20998178056677128, "NO": 2.1765784290527592e-05, "O-": 0.0, "N+": 0.0, "NO2": 0.0, "NO+": 0.0}}, "s10f": {"state_name": "s10f", "gmodel_type": "IdealGas", "rho": 0.06865130155307678, "p": 125210.33218465355, "T": 6328.496581633216, "a": 1561.497243469561, "h": 7237901.540413911, "u": 5414041.987105239, "s": 3433.2560672983177, "gamma": 1.3368757681696235, "R": 288.19792027729636, "Cp": 1143.7000000000003, "molecular_mass": 0.02885, "v": 602.0273656301531, "M": 0.38554494293725516, "Ht": null, "Ue": null, "total_p": 138121.17598648916, "total_T": 6486.945890441287, "pitot_p": 138121.17598648916}, "s10e": {"state_name": "s10e", "gmodel_type": "CEAGas", "rho": 0.105207736121045, "p": 133850.0, "T": 3904.9820446327676, "a": 1230.1, "h": 6951230.0, "u": 5678970.0, "s": 10559.4, "gamma": 1.3240872148848641, "R": 325.8036833855799, "Cp": 1331.1, "molecular_mass": 0.02552, "v": 392.8321508545029, "M": 0.31934976900618073, "Ht": 7028369.99993, "Ue": 3749.2319213220194, "total_p": 142171.8329165848, "total_T": 3936.11, "pitot_p": 142171.8329165848, "unit_Re": 352877.23076300445, "k": 0.6199, "mu": 0.00011712, "composition_massf": {"e-": 0.0, "N-": 0.0, "O2+": 0.0, "N": 0.00048443, "N2": 0.74012, "O+": 0.0, "N2O": 5.4063e-06, "N2+": 0.0, "O": 0.1442, "O2": 0.058474, "NO": 0.056689, "O-": 0.0, "N+": 0.0, "NO2": 1.7188e-05, "NO+": 2.5814e-06}, "composition_moles": {"e-": 0.0, "N-": 0.0, "O2+": 0.0, "N": 0.0008826242869483889, "N2": 0.6742438404477856, "O+": 0.0, "N2O": 3.134742075032718e-06, "N2+": 0.0,