{"states_dict": {"s4": {"state_name": "s4", "gmodel_type": "CEAGas", "rho": 33.429, "p": 37310000.0, "T": 3861.0, "a": 1256.6, "h": 3288120.0, "u": 2172010.0, "s": 6232.3, "gamma": 1.4148350213656617, "R": 289.06963807669575, "Cp": 985.9, "molecular_mass": 0.028763, "v": 0.0, "M": 0.0, "Ht": 3287120.0, "Ue": 2564.028080969473, "total_p": 37307663.26738406, "total_T": 3861.0, "pitot_p": 37307663.26738406, "composition_massf": {"Ar": 0.83332, "O2": 0.14796, "H2": 0.018713}, "composition_moles": {"Ar": 0.5999995784519876, "O2": 0.1329979086715752, "H2": 0.26700102139016213}}, "s1": {"state_name": "s1", "gmodel_type": "CEAGas", "rho": 1.3696, "p": 117681.19524349991, "T": 298.15, "a": 346.7, "h": 7.000000000000001e-05, "u": -85925.0, "s": 6841.2, "gamma": 1.398557725608831, "R": 288.19792027729636, "Cp": 1011.3000000000001, "molecular_mass": 0.02885, "v": 0.0, "M": 0.0, "Ht": -10.11307, "Ue": null, "total_p": 117691.42372026818, "total_T": 298.14, "pitot_p": 117691.42372026818, "composition_massf": {"e-": 0.0, "N-": 0.0, "O2+": 0.0, "N": 0.0, "N2": 0.76708, "O+": 0.0, "N2O": 0.0, "N2+": 0.0, "O": 0.0, "O2": 0.23292, "NO": 0.0, "O-": 0.0, "N+": 0.0, "NO2": 0.0, "NO+": 0.0}, "composition_moles": {"e-": 0.0, "N-": 0.0, "O2+": 0.0, "N": 0.0, "N2": 0.7899882913177266, "O+": 0.0, "N2O": 0.0, "N2+": 0.0, "O": 0.0, "O2": 0.20999981249296848, "NO": 0.0, "O-": 0.0, "N+": 0.0, "NO2": 0.0, "NO+": 0.0}}, "s2": {"state_name": "s2", "gmodel_type": "CEAGas", "rho": 8.152868407960735, "p": 4407000.0, "T": 1875.6881804577506, "a": 832.9, "h": 1828950.0, "u": 1288400.0, "s": 7845.900000000001, "gamma": 1.2833951330761038, "R": 288.18793109424286, "Cp": 1305.1, "molecular_mass": 0.028850999999999998, "v": 1614.2126324414028, "M": 1.938062951664549, "Ht": 3131799.99993, "Ue": 2502.718521899736, "total_p": 30883053.367851254, "total_T": 2811.22, "pitot_p": 22268735.214076165, "unit_Re": 198208701.82030284, "k": 0.11509000000000001, "mu": 6.6397e-05, "composition_massf": {"e-": 0.0, "N-": 0.0, "O2+": 0.0, "N": 0.0, "N2": 0.76448, "O+": 0.0, "N2O": 3.0527e-06, "N2+": 0.0, "O": 9.1991e-06, "O2": 0.22989, "NO": 0.005494, "O-": 0.0, "N+": 0.0, "NO2": 0.00012076, "NO+": 0.0}, "composition_moles": {"e-": 0.0, "N-": 0.0, "O2+": 0.0, "N": 0.0, "N2": 0.787337933988734, "O+": 0.0, "N2O": 2.001087131470845e-06, "N2+": 0.0, "O": 1.6588324193407252e-05, "O2": 0.20727516000600024, "NO": 0.0052825056905095955, "O-": 0.0, "N+": 0.0, "NO2": 7.573109215202529e-05, "NO+": 0.0}}, "s3": {"state_name": "s3", "gmodel_type": "CEAGas", "rho": 7.5303, "p": 4406999.999999999, "T": 2024.53, "a": 922.1, "h": 1525950.0, "u": 940710.0, "s": 6232.3, "gamma": 1.4527108737726973, "R": 289.06963807669575, "Cp": 927.6, "molecular_mass": 0.028763, "v": 1614.2147866781863, "M": 1.7505853884374647, "Ht": 2827800.0, "Ue": 2378.1505419127698, "total_p": 24059178.70618683, "total_T": 3392.31, "pitot_p": 20118967.910990685, "composition_massf": {"Ar": 0.83332, "O2": 0.14796, "H2": 0.018713}, "composition_moles": {"Ar": 0.5999995784519876, "O2": 0.1329979086715752, "H2": 0.26700102139016213}}, "s5": {"state_name": "s5", "gmodel_type": "CEAGas", "rho": 33.563, "p": 32462234.81497881, "T": 3344.2750156724105, "a": 1088.8, "h": 3967480.0, "u": 3000280.0, "s": 8103.300000000001, "gamma": 1.2110270729985255, "R": 289.2104073185154, "Cp": 1659.7, "molecular_mass": 0.028749, "v": 0.0, "M": 0.0, "Ht": 3967469.99993, "Ue": 2816.902554200269, "total_p": 32461564.658105757, "total_T": 3344.27, "pitot_p": 32461564.658105757, "composition_massf": {"e-": 0.0, "N-": 0.0, "O2+": 0.0, "N": 2.4004e-06, "N2": 0.73662, "O+": 0.0, "N2O": 9.7154e-05, "N2+": 0.0, "O": 0.0042083, "O2": 0.19369, "NO": 0.064612, "O-": 0.0, "N+": 0.0, "NO2": 0.00076423, "NO+": 0.0}, "composition_moles": {"e-": 0.0, "N-": 0.0, "O2+": 0.0, "N": 4.92686354387543e-06, "N2": 0.7559628028015164, "O+": 0.0, "N2O": 6.346063749636469e-05, "N2+": 0.0, "O": 0.007561809611610435, "O2": 0.17401883226871007, "NO": 0.061905092231246316, "O-": 0.0, "N+": 0.0, "NO2": 0.00047757003553922897, "NO+": 0.0}}, "s5d": {"state_name": "s5d", "gmodel_type": "CEAGas", "rho": 24.815, "p": 32568303.607118998, "T": 4540.247653018035, "a": 1358.3, "h": 3963240.0, "u": 2650790.0, "s": 6432.599999999999, "gamma": 1.4056944847885804, "R": 289.06963807669575, "Cp": 1001.6, "molecular_mass": 0.028763, "v": 0.0, "M": 0.0, "Ht": 3962240.0, "Ue": 2815.0452927084493, "total_p": 32569542.6530895, "total_T": 4540.25, "pitot_p": 32569542.6530895, "composition_massf": {"Ar": 0.83332, "O2": 0.14796, "H2": 0.018713}, "composition_moles": {"Ar": 0.5999995784519876, "O2": 0.1329979086715752, "H2": 0.26700102139016213}}, "s6": {"state_name": "s6", "gmodel_type": "CEAGas", "rho": 20.829, "p": 18055080.15954754, "T": 3002.88, "a": 1034.3, "h": 3429910.0, "u": 2563070.0, "s": 8103.300000000001, "gamma": 1.2254635813910617, "R": 288.6681942853175, "Cp": 1569.0, "molecular_mass": 0.028803000000000002, "v": 1036.889579463503, "M": 1.0025037024688224, "Ht": 3967489.99993, "Ue": 2816.9096541884333, "total_p": 32461656.11750625, "total_T": 3344.28, "pitot_p": 32462530.74030474, "composition_massf": {"e-": 0.0, "N-": 0.0, "O2+": 0.0, "N": 0.0, "N2": 0.74531, "O+": 0.0, "N2O": 5.1053e-05, "N2+": 0.0, "O": 0.0020335, "O2": 0.20585, "NO": 0.046237, "O-": 0.0, "N+": 0.0, "NO2": 0.00052092, "NO+": 0.0}, "composition_moles": {"e-": 0.0, "N-": 0.0, "O2+": 0.0, "N": 0.0, "N2": 0.7663176883205896, "O+": 0.0, "N2O": 3.3410270625817946e-05, "N2+": 0.0, "O": 0.003660818561946073, "O2": 0.18529124685925724, "NO": 0.044383119132443076, "O-": 0.0, "N+": 0.0, "NO2": 0.00032613619588962194, "NO+": 0.0}}, "s8": {"state_name": "s8", "gmodel_type": "CEAGas", "rho": 0.04456, "p": 5584.253274234533, "T": 434.85, "a": 417.5, "h": 139020.0, "u": 13695.0, "s": 8103.300000000001, "gamma": 1.3911469961997935, "R": 288.19792027729636, "Cp": 1025.0, "molecular_mass": 0.02885, "v": 2767.1140200577206, "M": 6.627818012114301, "Ht": 3967469.99993, "Ue": 2816.902554200269, "total_p": 32461525.099850472, "total_T": 3344.27, "pitot_p": 324458.5618944867, "unit_Re": 5027833.988491764, "k": 0.03509, "mu": 2.4524e-05, "composition_massf": {"e-": 0.0, "N-": 0.0, "O2+": 0.0, "N": 0.0, "N2": 0.76708, "O+": 0.0, "N2O": 0.0, "N2+": 0.0, "O": 0.0, "O2": 0.23292, "NO": 0.0, "O-": 0.0, "N+": 0.0, "NO2": 0.0, "NO+": 0.0}, "composition_moles": {"e-": 0.0, "N-": 0.0, "O2+": 0.0, "N": 0.0, "N2": 0.7899882913177266, "O+": 0.0, "N2O": 0.0, "N2+": 0.0, "O": 0.0, "O2": 0.20999981249296848, "NO": 0.0, "O-": 0.0, "N+": 0.0, "NO2": 0.0, "NO+": 0.0}}, "s10f": {"state_name": "s10f", "gmodel_type": "IdealGas", "rho": 0.24399012276957485, "p": 284459.34945815784, "T": 4045.3595208624783, "a": 1273.5338553654294, "h": 4146493.508884041, "u": 2980629.3081975146, "s": 2375.4278406480516, "gamma": 1.3911469961997933, "R": 288.19792027729636, "Cp": 1025.0, "molecular_mass": 0.02885, "v": 505.3468929675129, "M": 0.39680679931552193, "Ht": null, "Ue": null, "total_p": 316859.94032126735, "total_T": 4169.9329268292695, "pitot_p": 316859.94032126735}, "s10e": {"state_name": "s10e", "gmodel_type": "CEAGas", "rho": 0.3286646769004655, "p": 300520.0, "T": 3112.142596445714, "a": 1040.5, "h": 3897110.0, "u": 2982740.0, "s": 9444.599999999999, "gamma": 1.2896983064663985, "R": 293.80932188416557, "Cp": 1308.0, "molecular_mass": 0.028298999999999998, "v": 375.16231405394876, "M": 0.36055964829788445, "Ht": 3967489.99993, "Ue": 2816.9096541884333, "total_p": 324458.5618944867, "total_T": 3145.49, "pitot_p": 324458.5618944867, "unit_Re": 1296175.6867985458, "k": 0.38932000000000005, "mu": 9.5128e-05, "composition_massf": {"e-": 0.0, "N-": 0.0, "O2+": 0.0, "N": 6.9147e-06, "N2": 0.74384, "O+": 0.0, "N2O": 7.06e-06, "N2+": 0.0, "O": 0.021614, "O2": 0.18474, "NO": 0.049722, "O-": 0.0, "N+": 0.0, "NO2": 6.3029e-05, "NO+": 0.0}, "composition_moles": {"e-": 0.0, "N-": 0.0, "O2+": 0.0, "N": 1.397039240506329e-05, "N2": 0.7514235387350339, "O+": 0.0, "N2O": 4.539382634142795e-06, "N2+": 0.0,