{"states_dict": {"s4": {"state_name": "s4", "gmodel_type": "CEAGas", "rho": 33.429, "p": 37310000.0, "T": 3861.0, "a": 1256.6, "h": 3288120.0, "u": 2172010.0, "s": 6232.3, "gamma": 1.4148350213656617, "R": 289.06963807669575, "Cp": 985.9, "molecular_mass": 0.028763, "v": 0.0, "M": 0.0, "Ht": 3287120.0, "Ue": 2564.028080969473, "total_p": 37307663.26738406, "total_T": 3861.0, "pitot_p": 37307663.26738406, "composition_massf": {"Ar": 0.83332, "O2": 0.14796, "H2": 0.018713}, "composition_moles": {"Ar": 0.5999995784519876, "O2": 0.1329979086715752, "H2": 0.26700102139016213}}, "s1": {"state_name": "s1", "gmodel_type": "CEAGas", "rho": 10.122, "p": 869749.0026177834, "T": 298.15, "a": 346.7, "h": 7.000000000000001e-05, "u": -85925.0, "s": 6264.8, "gamma": 1.398557725608831, "R": 288.19792027729636, "Cp": 1011.3000000000001, "molecular_mass": 0.02885, "v": 0.0, "M": 0.0, "Ht": -10.11307, "Ue": null, "total_p": 869670.7427857411, "total_T": 298.14, "pitot_p": 869670.7427857411, "composition_massf": {"e-": 0.0, "N-": 0.0, "O2+": 0.0, "N": 0.0, "N2": 0.76708, "O+": 0.0, "N2O": 0.0, "N2+": 0.0, "O": 0.0, "O2": 0.23292, "NO": 0.0, "O-": 0.0, "N+": 0.0, "NO2": 0.0, "NO+": 0.0}, "composition_moles": {"e-": 0.0, "N-": 0.0, "O2+": 0.0, "N": 0.0, "N2": 0.7899882913177266, "O+": 0.0, "N2O": 0.0, "N2+": 0.0, "O": 0.0, "O2": 0.20999981249296848, "NO": 0.0, "O-": 0.0, "N+": 0.0, "NO2": 0.0, "NO+": 0.0}}, "s2": {"state_name": "s2", "gmodel_type": "CEAGas", "rho": 44.7489233055629, "p": 12019000.0, "T": 931.9635167150354, "a": 599.9, "h": 675310.0, "u": 406730.0, "s": 6708.5, "gamma": 1.339839421703172, "R": 288.18793109424286, "Cp": 1136.2, "molecular_mass": 0.028850999999999998, "v": 923.2115099306582, "M": 1.5389423402744762, "Ht": 1101459.99993, "Ue": 1484.223702768555, "total_p": 45785747.57789461, "total_T": 1295.58, "pitot_p": 41778250.62316017, "unit_Re": 994696290.9662182, "k": 0.06280000000000001, "mu": 4.1533e-05, "composition_massf": {"e-": 0.0, "N-": 0.0, "O2+": 0.0, "N": 0.0, "N2": 0.76707, "O+": 0.0, "N2O": 0.0, "N2+": 0.0, "O": 0.0, "O2": 0.23289, "NO": 1.4596e-05, "O-": 0.0, "N+": 0.0, "NO2": 2.2071e-05, "NO+": 0.0}, "composition_moles": {"e-": 0.0, "N-": 0.0, "O2+": 0.0, "N": 0.0, "N2": 0.7900053749277132, "O+": 0.0, "N2O": 0.0, "N2+": 0.0, "O": 0.0, "O2": 0.20998004268910087, "NO": 1.403411959568221e-05, "O-": 0.0, "N+": 0.0, "NO2": 1.384118031539707e-05, "NO+": 0.0}}, "s3": {"state_name": "s3", "gmodel_type": "CEAGas", "rho": 15.091, "p": 12018999.999999993, "T": 2755.17, "a": 1068.7, "h": 2214140.0, "u": 1417700.0, "s": 6232.3, "gamma": 1.4340838841494183, "R": 289.06963807669575, "Cp": 955.0, "molecular_mass": 0.028763, "v": 923.2029583878416, "M": 0.8638560478972972, "Ht": 2639290.0, "Ue": 2297.5160499983454, "total_p": 19738425.78249395, "total_T": 3198.2, "pitot_p": 19738425.78249395, "composition_massf": {"Ar": 0.83332, "O2": 0.14796, "H2": 0.018713}, "composition_moles": {"Ar": 0.5999995784519876, "O2": 0.1329979086715752, "H2": 0.26700102139016213}}, "s5": {"state_name": "s5", "gmodel_type": "CEAGas", "rho": 145.27, "p": 67136416.37929668, "T": 1603.7735423756683, "a": 774.2, "h": 1480870.0, "u": 1018720.0, "s": 6860.7, "gamma": 1.2973771158904461, "R": 288.16795480539287, "Cp": 1257.2, "molecular_mass": 0.028853, "v": 0.0, "M": 0.0, "Ht": 1480879.99993, "Ue": 1720.97646696868, "total_p": 67139317.37926212, "total_T": 1603.78, "pitot_p": 67139317.37926212, "composition_massf": {"e-": 0.0, "N-": 0.0, "O2+": 0.0, "N": 0.0, "N2": 0.76603, "O+": 0.0, "N2O": 4.6411e-06, "N2+": 0.0, "O": 0.0, "O2": 0.2316, "NO": 0.0020412, "O-": 0.0, "N+": 0.0, "NO2": 0.00032441, "NO+": 0.0}, "composition_moles": {"e-": 0.0, "N-": 0.0, "O2+": 0.0, "N": 0.0, "N2": 0.7889889692075935, "O+": 0.0, "N2O": 3.0425162293696384e-06, "N2+": 0.0, "O": 0.0, "O2": 0.20883141867820043, "NO": 0.0019627590256647816, "O-": 0.0, "N+": 0.0, "NO2": 0.00020345831976611496, "NO+": 0.0}}, "s5d": {"state_name": "s5d", "gmodel_type": "CEAGas", "rho": 31.7, "p": 36544486.62657942, "T": 3988.0373475068736, "a": 1276.3, "h": 3413560.0, "u": 2260740.0, "s": 6270.2, "gamma": 1.4129977120614907, "R": 289.06963807669575, "Cp": 989.0, "molecular_mass": 0.028763, "v": 0.0, "M": 0.0, "Ht": 3412570.0, "Ue": 2612.496889950302, "total_p": 36549868.658647634, "total_T": 3988.04, "pitot_p": 36549868.658647634, "composition_massf": {"Ar": 0.83332, "O2": 0.14796, "H2": 0.018713}, "composition_moles": {"Ar": 0.5999995784519876, "O2": 0.1329979086715752, "H2": 0.26700102139016213}}, "s6": {"state_name": "s6", "gmodel_type": "CEAGas", "rho": 90.538, "p": 36256706.919596404, "T": 1389.61, "a": 724.0, "h": 1215490.0, "u": 815030.0, "s": 6860.7, "gamma": 1.3090306983281819, "R": 288.17794260363235, "Cp": 1220.6999999999998, "molecular_mass": 0.028852, "v": 728.5327720837272, "M": 1.0062607349222752, "Ht": 1480879.99993, "Ue": 1720.97646696868, "total_p": 67139342.68653536, "total_T": 1603.78, "pitot_p": 67137823.15008983, "composition_massf": {"e-": 0.0, "N-": 0.0, "O2+": 0.0, "N": 0.0, "N2": 0.7667, "O+": 0.0, "N2O": 1.2689e-06, "N2+": 0.0, "O": 0.0, "O2": 0.23243, "NO": 0.00071053, "O-": 0.0, "N+": 0.0, "NO2": 0.00016054, "NO+": 0.0}, "composition_moles": {"e-": 0.0, "N-": 0.0, "O2+": 0.0, "N": 0.0, "N2": 0.7896516809812447, "O+": 0.0, "N2O": 8.318103551694053e-07, "N2+": 0.0, "O": 0.0, "O2": 0.20957255772091454, "NO": 0.0006832014677015673, "O-": 0.0, "N+": 0.0, "NO2": 0.00010068144200149983, "NO+": 0.0}}, "s8": {"state_name": "s8", "gmodel_type": "CEAGas", "rho": 0.20824, "p": 8662.447518831472, "T": 144.34, "a": 241.2, "h": -155300.0, "u": -196900.0, "s": 6860.7, "gamma": -0.0, "R": 288.19792027729636, "Cp": 0.0, "molecular_mass": 0.02885, "v": 1808.961027772572, "M": 7.4998384236010445, "Ht": 1480859.99993, "Ue": 1720.9648456200375, "total_p": 67137915.46686162, "total_T": 1603.77, "pitot_p": 636733.5860771266, "unit_Re": null, "k": 0.0, "mu": 0.0, "composition_massf": {"e-": 0.0, "N-": 0.0, "O2+": 0.0, "N": 0.0, "N2": 0.76708, "O+": 0.0, "N2O": 0.0, "N2+": 0.0, "O": 0.0, "O2": 0.23292, "NO": 0.0, "O-": 0.0, "N+": 0.0, "NO2": 0.0, "NO+": 0.0}, "composition_moles": {"e-": 0.0, "N-": 0.0, "O2+": 0.0, "N": 0.0, "N2": 0.7899882913177266, "O+": 0.0, "N2O": 0.0, "N2+": 0.0, "O": 0.0, "O2": 0.20999981249296848, "NO": 0.0, "O-": 0.0, "N+": 0.0, "NO2": 0.0, "NO+": 0.0}}, "s10f": {"state_name": "s10f", "gmodel_type": "IdealGas", "rho": 1.1500641701023084, "p": 566707.7948155907, "T": 1709.8037701476396, "a": 830.2196389572298, "h": 1728440.6312422487, "u": 1235678.7406034186, "s": 1269.4386405145124, "gamma": 1.3987783187062035, "R": 288.19792027729636, "Cp": 1010.8999999999999, "molecular_mass": 0.02885, "v": 327.5444237282974, "M": 0.39452743389652745, "Ht": null, "Ue": null, "total_p": 630838.541924677, "total_T": 1762.8680443169455, "pitot_p": 630838.541924677}, "s10e": {"state_name": "s10e", "gmodel_type": "CEAGas", "rho": 1.280783387385303, "p": 579300.0, "T": 1569.4516778767736, "a": 766.6, "h": 1437620.0, "u": 985320.0, "s": 8203.099999999999, "gamma": 1.3069708418109107, "R": 288.18793109424286, "Cp": 1227.0, "molecular_mass": 0.028850999999999998, "v": 294.11534232371866, "M": 0.38366206929783286, "Ht": 1480869.99993, "Ue": 1720.9706563041684, "total_p": 636733.5860771266, "total_T": 1603.94, "pitot_p": 636733.5860771266, "unit_Re": 6399246.499224685, "k": 0.09720000000000001, "mu": 5.8866e-05, "composition_massf": {"e-": 0.0, "N-": 0.0, "O2+": 0.0, "N": 0.0, "N2": 0.76625, "O+": 0.0, "N2O": 0.0, "N2+": 0.0, "O": 1.0531e-06, "O2": 0.23196, "NO": 0.0017584, "O-": 0.0, "N+": 0.0, "NO2": 2.851e-05, "NO+": 0.0}, "composition_moles": {"e-": 0.0, "N-": 0.0, "O2+": 0.0, "N": 0.0, "N2": 0.7891608569470325, "O+": 0.0, "N2O": 0.0, "N2+": 0.0, "O": 1.8990079690488392e-06, "O2": 0.20914152905733965, "NO": 0.0016907095024011783, "O-": 0.0, "N+": 0.0, "NO2": 1.7879210311810545e-05, "NO+": 0.0}}}, "config_data": {"output_filename": "HYPULSE_RST_M8_condition_builder_96", "facilities_folder": "$PITOT3_DATA/facilities",