{"states_dict": {"s4": {"state_name": "s4", "gmodel_type": "CEAGas", "rho": 33.429, "p": 37310000.0, "T": 3861.0, "a": 1256.6, "h": 3288120.0, "u": 2172010.0, "s": 6232.3, "gamma": 1.4148350213656617, "R": 289.06963807669575, "Cp": 985.9, "molecular_mass": 0.028763, "v": 0.0, "M": 0.0, "Ht": 3287120.0, "Ue": 2564.028080969473, "total_p": 37307663.26738406, "total_T": 3861.0, "pitot_p": 37307663.26738406, "composition_massf": {"Ar": 0.83332, "O2": 0.14796, "H2": 0.018713}, "composition_moles": {"Ar": 0.5999995784519876, "O2": 0.1329979086715752, "H2": 0.26700102139016213}}, "s1": {"state_name": "s1", "gmodel_type": "CEAGas", "rho": 0.4922, "p": 42292.42874389499, "T": 298.15, "a": 346.7, "h": 7.000000000000001e-05, "u": -85925.0, "s": 7136.2, "gamma": 1.398557725608831, "R": 288.19792027729636, "Cp": 1011.3000000000001, "molecular_mass": 0.02885, "v": 0.0, "M": 0.0, "Ht": -10.11307, "Ue": null, "total_p": 42285.730479747515, "total_T": 298.14, "pitot_p": 42285.730479747515, "composition_massf": {"e-": 0.0, "N-": 0.0, "O2+": 0.0, "N": 0.0, "N2": 0.76708, "O+": 0.0, "N2O": 0.0, "N2+": 0.0, "O": 0.0, "O2": 0.23292, "NO": 0.0, "O-": 0.0, "N+": 0.0, "NO2": 0.0, "NO+": 0.0}, "composition_moles": {"e-": 0.0, "N-": 0.0, "O2+": 0.0, "N": 0.0, "N2": 0.7899882913177266, "O+": 0.0, "N2O": 0.0, "N2+": 0.0, "O": 0.0, "O2": 0.20999981249296848, "NO": 0.0, "O-": 0.0, "N+": 0.0, "NO2": 0.0, "NO+": 0.0}}, "s2": {"state_name": "s2", "gmodel_type": "CEAGas", "rho": 3.2481078871562, "p": 2348400.0, "T": 2507.130950882919, "a": 950.5, "h": 2697620.0, "u": 1974620.0, "s": 8425.4, "gamma": 1.2451729399980724, "R": 288.3778440621532, "Cp": 1464.6, "molecular_mass": 0.028832, "v": 1993.8096394912413, "M": 2.097642966324294, "Ht": 4685249.99993, "Ue": 3061.1272433304694, "total_p": 21509485.40846515, "total_T": 3734.75, "pitot_p": 13464460.570108812, "unit_Re": 79877014.3509739, "k": 0.16361000000000003, "mu": 8.107600000000001e-05, "composition_massf": {"e-": 0.0, "N-": 0.0, "O2+": 0.0, "N": 0.0, "N2": 0.75612, "O+": 0.0, "N2O": 9.2017e-06, "N2+": 0.0, "O": 0.00076393, "O2": 0.21958, "NO": 0.023375, "O-": 0.0, "N+": 0.0, "NO2": 0.00015007, "NO+": 0.0}, "composition_moles": {"e-": 0.0, "N-": 0.0, "O2+": 0.0, "N": 0.0, "N2": 0.7782151341857826, "O+": 0.0, "N2O": 6.02786949251127e-06, "N2+": 0.0, "O": 0.0013766534845056691, "O2": 0.19784899933747518, "NO": 0.022460366392166926, "O-": 0.0, "N+": 0.0, "NO2": 9.405002097575292e-05, "NO+": 0.0}}, "s3": {"state_name": "s3", "gmodel_type": "CEAGas", "rho": 4.8913, "p": 2348399.9999999995, "T": 1660.89, "a": 838.7, "h": 1191640.0, "u": 711530.0, "s": 6232.3, "gamma": 1.4650185315632325, "R": 289.06963807669575, "Cp": 910.6999999999999, "molecular_mass": 0.028763, "v": 1993.8091687300428, "M": 2.377261438810114, "Ht": 3178270.0, "Ue": 2521.217959637762, "total_p": 33793098.050331764, "total_T": 3750.45, "pitot_p": 18885405.596181683, "composition_massf": {"Ar": 0.83332, "O2": 0.14796, "H2": 0.018713}, "composition_moles": {"Ar": 0.5999995784519876, "O2": 0.1329979086715752, "H2": 0.26700102139016213}}, "s5": {"state_name": "s5", "gmodel_type": "CEAGas", "rho": 14.918, "p": 18852272.470644537, "T": 4253.418851966607, "a": 1235.0, "h": 5791310.0, "u": 4527570.0, "s": 8740.9, "gamma": 1.1501890788724212, "R": 297.11656660949114, "Cp": 2275.4, "molecular_mass": 0.027984000000000002, "v": 0.0, "M": 0.0, "Ht": 5791309.99993, "Ue": 3403.324844892124, "total_p": 18852719.260865405, "total_T": 4253.42, "pitot_p": 18852719.260865405, "composition_massf": {"e-": 0.0, "N-": 0.0, "O2+": 0.0, "N": 0.0001305, "N2": 0.71616, "O+": 0.0, "N2O": 0.00013016, "N2+": 0.0, "O": 0.034412, "O2": 0.14034, "NO": 0.10827, "O-": 0.0, "N+": 0.0, "NO2": 0.0005599, "NO+": 1.1952e-06}, "composition_moles": {"e-": 0.0, "N-": 0.0, "O2+": 0.0, "N": 0.00026072608108976416, "N2": 0.7154083916982588, "O+": 0.0, "N2O": 8.275768503708012e-05, "N2+": 0.0, "O": 0.06018884508169057, "O2": 0.12273193244746679, "NO": 0.10097372467598256, "O-": 0.0, "N+": 0.0, "NO2": 0.0003405732271141494, "NO+": 1.1146762928675926e-06}}, "s5d": {"state_name": "s5d", "gmodel_type": "CEAGas", "rho": 19.252, "p": 28415356.357832525, "T": 5106.0103698414605, "a": 1437.1, "h": 4533250.0, "u": 3057250.0, "s": 6590.3, "gamma": 1.3992507127861535, "R": 289.06963807669575, "Cp": 1013.0999999999999, "molecular_mass": 0.028763, "v": 0.0, "M": 0.0, "Ht": 4532250.0, "Ue": 3010.7308082922327, "total_p": 28419970.751511708, "total_T": 5106.01, "pitot_p": 28419970.751511708, "composition_massf": {"Ar": 0.83332, "O2": 0.14796, "H2": 0.018713}, "composition_moles": {"Ar": 0.5999995784519876, "O2": 0.1329979086715752, "H2": 0.26700102139016213}}, "s6": {"state_name": "s6", "gmodel_type": "CEAGas", "rho": 9.3319, "p": 10711994.847389994, "T": 3896.29, "a": 1175.4, "h": 5110270.0, "u": 3962390.0, "s": 8740.9, "gamma": 1.1547254003443508, "R": 294.6109418184395, "Cp": 2198.7000000000003, "molecular_mass": 0.028222, "v": 1175.4008308925647, "M": 1.0000007069019607, "Ht": 5801059.99993, "Ue": 3406.18848566253, "total_p": 18998604.55812861, "total_T": 4258.53, "pitot_p": 19000357.304486044, "composition_massf": {"e-": 0.0, "N-": 0.0, "O2+": 0.0, "N": 4.926e-05, "N2": 0.72398, "O+": 0.0, "N2O": 8.1423e-05, "N2+": 0.0, "O": 0.024818, "O2": 0.1588, "NO": 0.091829, "O-": 0.0, "N+": 0.0, "NO2": 0.0004331, "NO+": 0.0}, "composition_moles": {"e-": 0.0, "N-": 0.0, "O2+": 0.0, "N": 9.92536229090364e-05, "N2": 0.729371070987456, "O+": 0.0, "N2O": 5.221026396866366e-05, "N2+": 0.0, "O": 0.04377749140592773, "O2": 0.14005692713476756, "NO": 0.08636903956195574, "O-": 0.0, "N+": 0.0, "NO2": 0.00026568449859255957, "NO+": 0.0}}, "s8": {"state_name": "s8", "gmodel_type": "CEAGas", "rho": 0.019137, "p": 4017.1059715657757, "T": 728.36, "a": 534.3, "h": 448630.0, "u": 238730.0, "s": 8740.9, "gamma": 1.3597967191009874, "R": 288.19792027729636, "Cp": 1089.2, "molecular_mass": 0.02885, "v": 3271.826265751733, "M": 6.123575268111049, "Ht": 5801059.99993, "Ue": 3406.18848566253, "total_p": 18998554.95934458, "total_T": 4258.53, "pitot_p": 197212.21045073762, "unit_Re": 1782422.5474746902, "k": 0.05185, "mu": 3.5128e-05, "composition_massf": {"e-": 0.0, "N-": 0.0, "O2+": 0.0, "N": 0.0, "N2": 0.76708, "O+": 0.0, "N2O": 0.0, "N2+": 0.0, "O": 0.0, "O2": 0.23292, "NO": 0.0, "O-": 0.0, "N+": 0.0, "NO2": 0.0, "NO+": 0.0}, "composition_moles": {"e-": 0.0, "N-": 0.0, "O2+": 0.0, "N": 0.0, "N2": 0.7899882913177266, "O+": 0.0, "N2O": 0.0, "N2+": 0.0, "O": 0.0, "O2": 0.20999981249296848, "NO": 0.0, "O-": 0.0, "N+": 0.0, "NO2": 0.0, "NO+": 0.0}}, "s10f": {"state_name": "s10f", "gmodel_type": "IdealGas", "rho": 0.10931231848358419, "p": 173012.50314573877, "T": 5491.835769359113, "a": 1467.0374024927407, "h": 5981707.519985946, "u": 4398971.872752184, "s": 3019.103580907041, "gamma": 1.3597967191009874, "R": 288.19792027729636, "Cp": 1089.2, "molecular_mass": 0.02885, "v": 572.7927175611073, "M": 0.39044179554511504, "Ht": null, "Ue": null, "total_p": 191639.31848665178, "total_T": 5642.446996540089, "pitot_p": 191639.31848665178}, "s10e": {"state_name": "s10e", "gmodel_type": "CEAGas", "rho": 0.16332650518496192, "p": 184870.0, "T": 3631.5765534911893, "a": 1151.6, "h": 5727570.0, "u": 4595640.0, "s": 10131.5, "gamma": 1.3080605942548222, "R": 311.6967197750703, "Cp": 1323.5, "molecular_mass": 0.026675, "v": 383.3605523903411, "M": 0.3328938454240545, "Ht": 5801069.99993, "Ue": 3406.1914214941003, "total_p": 197212.21045073762, "total_T": 3659.81, "pitot_p": 197212.21045073762, "unit_Re": 574272.5786269001, "k": 0.6699200000000001, "mu": 0.00010903, "composition_massf": {"e-": 0.0, "N-": 0.0, "O2+": 0.0, "N": 0.00013087, "N2": 0.73764, "O+": 0.0, "N2O": 7.0174e-06, "N2+": 0.0, "O": 0.090297, "O2": 0.10913, "NO": 0.062757, "O-": 0.0, "N+": 0.0, "NO2": 3.5042e-05, "NO+": 0.0}, "composition_moles": {"e-": 0.0, "N-": 0.0, "O2+": 0.0, "N": 0.0002492348126253864, "N2": 0.7023976739703142, "O+": 0.0, "N2O": 4.253061495746692e-06, "N2+": 0.0,