{"states_dict": {"s4": {"state_name": "s4", "gmodel_type": "CEAGas", "rho": 33.429, "p": 37310000.0, "T": 3861.0, "a": 1256.6, "h": 3288120.0, "u": 2172010.0, "s": 6232.3, "gamma": 1.4148350213656617, "R": 289.06963807669575, "Cp": 985.9, "molecular_mass": 0.028763, "v": 0.0, "M": 0.0, "Ht": 3287120.0, "Ue": 2564.028080969473, "total_p": 37307663.26738406, "total_T": 3861.0, "pitot_p": 37307663.26738406, "composition_massf": {"Ar": 0.83332, "O2": 0.14796, "H2": 0.018713}, "composition_moles": {"Ar": 0.5999995784519876, "O2": 0.1329979086715752, "H2": 0.26700102139016213}}, "s1": {"state_name": "s1", "gmodel_type": "CEAGas", "rho": 3.3146, "p": 284803.5868435805, "T": 298.15, "a": 346.7, "h": 7.000000000000001e-05, "u": -85925.0, "s": 6586.5, "gamma": 1.398557725608831, "R": 288.19792027729636, "Cp": 1011.3000000000001, "molecular_mass": 0.02885, "v": 0.0, "M": 0.0, "Ht": null, "Ue": null, "total_p": 284821.52658715815, "total_T": 298.15, "pitot_p": 284821.52658715815, "composition_massf": {"e-": 0.0, "N-": 0.0, "O2+": 0.0, "N": 0.0, "N2": 0.76708, "O+": 0.0, "N2O": 0.0, "N2+": 0.0, "O": 0.0, "O2": 0.23292, "NO": 0.0, "O-": 0.0, "N+": 0.0, "NO2": 0.0, "NO+": 0.0}, "composition_moles": {"e-": 0.0, "N-": 0.0, "O2+": 0.0, "N": 0.0, "N2": 0.7899882913177266, "O+": 0.0, "N2O": 0.0, "N2+": 0.0, "O": 0.0, "O2": 0.20999981249296848, "NO": 0.0, "O-": 0.0, "N+": 0.0, "NO2": 0.0, "NO+": 0.0}}, "s2": {"state_name": "s2", "gmodel_type": "CEAGas", "rho": 17.697998844947747, "p": 7136100.0, "T": 1399.1356297291647, "a": 726.4, "h": 1227060.0, "u": 823840.0, "s": 7337.4, "gamma": 1.3085484017694438, "R": 288.18793109424286, "Cp": 1222.2, "molecular_mass": 0.028850999999999998, "v": 1296.0977366819372, "M": 1.7842755185599357, "Ht": 2066999.99993, "Ue": 2033.2240407441575, "total_p": 39187382.559881, "total_T": 2055.88, "pitot_p": 31513751.62712989, "unit_Re": 420825131.1135304, "k": 0.08772, "mu": 5.4508e-05, "composition_massf": {"e-": 0.0, "N-": 0.0, "O2+": 0.0, "N": 0.0, "N2": 0.76671, "O+": 0.0, "N2O": 0.0, "N2+": 0.0, "O": 0.0, "O2": 0.23247, "NO": 0.00074996, "O-": 0.0, "N+": 0.0, "NO2": 7.2691e-05, "NO+": 0.0}, "composition_moles": {"e-": 0.0, "N-": 0.0, "O2+": 0.0, "N": 0.0, "N2": 0.7896346109361948, "O+": 0.0, "N2O": 0.0, "N2+": 0.0, "O": 0.0, "O2": 0.20960135911346678, "NO": 0.0007210899103848884, "O-": 0.0, "N+": 0.0, "NO2": 4.5586028648748515e-05, "NO+": 0.0}}, "s3": {"state_name": "s3", "gmodel_type": "CEAGas", "rho": 10.504, "p": 7136100.0, "T": 2350.17, "a": 990.3, "h": 1830190.0, "u": 1150820.0, "s": 6232.3, "gamma": 1.4436098361400764, "R": 289.06963807669575, "Cp": 940.6999999999999, "molecular_mass": 0.028763, "v": 1296.0977288919769, "M": 1.3087930211975936, "Ht": 2669130.0, "Ue": 2310.4674851639875, "total_p": 20382676.061755348, "total_T": 3229.0, "pitot_p": 19929674.605609216, "composition_massf": {"Ar": 0.83332, "O2": 0.14796, "H2": 0.018713}, "composition_moles": {"Ar": 0.5999995784519876, "O2": 0.1329979086715752, "H2": 0.26700102139016213}}, "s5": {"state_name": "s5", "gmodel_type": "CEAGas", "rho": 66.195, "p": 47703284.292290255, "T": 2500.7577546234224, "a": 951.3, "h": 2679580.0, "u": 1958930.0, "s": 7550.2, "gamma": 1.2550312260201115, "R": 288.16795480539287, "Cp": 1418.1, "molecular_mass": 0.028853, "v": 0.0, "M": 0.0, "Ht": 2679579.99993, "Ue": 2314.985961050304, "total_p": 47705267.06668689, "total_T": 2500.76, "pitot_p": 47705267.06668689, "composition_massf": {"e-": 0.0, "N-": 0.0, "O2+": 0.0, "N": 0.0, "N2": 0.75605, "O+": 0.0, "N2O": 4.1052e-05, "N2+": 0.0, "O": 0.00016435, "O2": 0.21993, "NO": 0.023133, "O-": 0.0, "N+": 0.0, "NO2": 0.00067463, "NO+": 0.0}, "composition_moles": {"e-": 0.0, "N-": 0.0, "O2+": 0.0, "N": 0.0, "N2": 0.7787098549265709, "O+": 0.0, "N2O": 2.6912020048713103e-05, "N2+": 0.0, "O": 0.0002963855238321437, "O2": 0.19830869563858644, "NO": 0.02224402534817921, "O-": 0.0, "N+": 0.0, "NO2": 0.000423103746073839, "NO+": 0.0}}, "s5d": {"state_name": "s5d", "gmodel_type": "CEAGas", "rho": 28.69, "p": 34968643.42345586, "T": 4216.474143928386, "a": 1310.9, "h": 3640110.0, "u": 2421250.0, "s": 6338.2, "gamma": 1.4098358069946921, "R": 289.06963807669575, "Cp": 994.4, "molecular_mass": 0.028763, "v": 0.0, "M": 0.0, "Ht": 3639110.0, "Ue": 2697.817636535131, "total_p": 34971222.02780869, "total_T": 4216.48, "pitot_p": 34971222.02780869, "composition_massf": {"Ar": 0.83332, "O2": 0.14796, "H2": 0.018713}, "composition_moles": {"Ar": 0.5999995784519876, "O2": 0.1329979086715752, "H2": 0.26700102139016213}}, "s6": {"state_name": "s6", "gmodel_type": "CEAGas", "rho": 41.083, "p": 26133390.963296518, "T": 2207.42, "a": 898.0, "h": 2271690.0, "u": 1635590.0, "s": 7550.2, "gamma": 1.2676320037946949, "R": 288.16795480539287, "Cp": 1364.9, "molecular_mass": 0.028853, "v": 903.2054029953541, "M": 1.0057966625783454, "Ht": 2679579.99993, "Ue": 2314.985961050304, "total_p": 47705305.48269964, "total_T": 2500.76, "pitot_p": 47705607.822273545, "composition_massf": {"e-": 0.0, "N-": 0.0, "O2+": 0.0, "N": 0.0, "N2": 0.76083, "O+": 0.0, "N2O": 1.73e-05, "N2+": 0.0, "O": 4.3824e-05, "O2": 0.22559, "NO": 0.013108, "O-": 0.0, "N+": 0.0, "NO2": 0.00040668, "NO+": 0.0}, "composition_moles": {"e-": 0.0, "N-": 0.0, "O2+": 0.0, "N": 0.0, "N2": 0.783633118079205, "O+": 0.0, "N2O": 1.1341175748873056e-05, "N2+": 0.0, "O": 7.903133067490031e-05, "O2": 0.20341226139730242, "NO": 0.01260427459749851, "O-": 0.0, "N+": 0.0, "NO2": 0.00025505511384508377, "NO+": 0.0}}, "s8": {"state_name": "s8", "gmodel_type": "CEAGas", "rho": 0.091042, "p": 7077.645173663306, "T": 269.75, "a": 329.8, "h": -28705.0, "u": -106450.0, "s": 7550.2, "gamma": 1.3991649447713272, "R": 288.19792027729636, "Cp": 1010.1999999999999, "molecular_mass": 0.02885, "v": 2327.352573204155, "M": 7.056860440279427, "Ht": 2679579.99993, "Ue": 2314.985961050304, "total_p": 47705374.708240174, "total_T": 2500.76, "pitot_p": 464340.0065908645, "unit_Re": 12282582.631131683, "k": 0.02435, "mu": 1.7251e-05, "composition_massf": {"e-": 0.0, "N-": 0.0, "O2+": 0.0, "N": 0.0, "N2": 0.76708, "O+": 0.0, "N2O": 0.0, "N2+": 0.0, "O": 0.0, "O2": 0.23292, "NO": 0.0, "O-": 0.0, "N+": 0.0, "NO2": 0.0, "NO+": 0.0}, "composition_moles": {"e-": 0.0, "N-": 0.0, "O2+": 0.0, "N": 0.0, "N2": 0.7899882913177266, "O+": 0.0, "N2O": 0.0, "N2+": 0.0, "O": 0.0, "O2": 0.20999981249296848, "NO": 0.0, "O-": 0.0, "N+": 0.0, "NO2": 0.0, "NO+": 0.0}}, "s10f": {"state_name": "s10f", "gmodel_type": "IdealGas", "rho": 0.4971731937166086, "p": 409906.60171258886, "T": 2860.792547755661, "a": 1074.046444964206, "h": 2889972.6317427685, "u": 2065498.169134799, "s": 1881.537781699963, "gamma": 1.399164944771327, "R": 288.19792027729636, "Cp": 1010.1999999999998, "molecular_mass": 0.02885, "v": 426.17793996693933, "M": 0.3967965649578052, "Ht": null, "Ue": null, "total_p": 456862.12563289027, "total_T": 2950.6894179370424, "pitot_p": 456862.12563289027}, "s10e": {"state_name": "s10e", "gmodel_type": "CEAGas", "rho": 0.60388354290069, "p": 425870.0, "T": 2444.203152101372, "a": 937.2, "h": 2618020.0, "u": 1912800.0, "s": 8885.8, "gamma": 1.2900442899487634, "R": 288.5279522504078, "Cp": 1283.3000000000002, "molecular_mass": 0.028817, "v": 350.8736667203695, "M": 0.3743850477169969, "Ht": 2679579.99993, "Ue": 2314.985961050304, "total_p": 464340.0065908645, "total_T": 2485.53, "pitot_p": 464340.0065908645, "unit_Re": 2659422.5590487816, "k": 0.16773000000000002, "mu": 7.967400000000001e-05, "composition_massf": {"e-": 0.0, "N-": 0.0, "O2+": 0.0, "N": 0.0, "N2": 0.75729, "O+": 0.0, "N2O": 3.5091e-06, "N2+": 0.0, "O": 0.0013103, "O2": 0.2204, "NO": 0.020938, "O-": 0.0, "N+": 0.0, "NO2": 6.1322e-05, "NO+": 0.0}, "composition_moles": {"e-": 0.0, "N-": 0.0, "O2+": 0.0, "N": 0.0, "N2": 0.7790138265972713, "O+": 0.0, "N2O": 2.297552864166788e-06, "N2+": 0.0, "O": 0.0023600206945260447, "O2": 0.19848453066990016, "NO": 0.020108256187908458, "O-": 0.0, "N+": 0.0, "NO2": 3.841097420960537e-05, "NO+": 0.0}}},