{"states_dict": {"s4": {"state_name": "s4", "gmodel_type": "CEAGas", "rho": 9.8856, "p": 11403865.194257267, "T": 2900.841930877013, "a": 1218.2, "h": 4238780.0, "u": 3085200.0, "s": 10425.5, "gamma": 1.286418168410773, "R": 397.6712263248517, "Cp": 1786.1, "molecular_mass": 0.020908000000000003, "v": 645.8021278515577, "M": 0.530128162741387, "Ht": 4447319.99997, "Ue": 2982.38830468804, "total_p": 13615282.659712698, "total_T": 3017.35, "pitot_p": 13615282.659712698, "composition_massf": {"O2": 0.22651, "N2": 0.74495, "H2": 0.028539}, "composition_moles": {"O2": 0.14800152130704902, "N2": 0.5559987220401665, "H2": 0.29599649383891896}}, "s1": {"state_name": "s1", "gmodel_type": "CEAGas", "rho": 0.12024, "p": 10331.956919872428, "T": 298.15, "a": 346.7, "h": 7.000000000000001e-05, "u": -85925.0, "s": 7542.3, "gamma": 1.398557725608831, "R": 288.19792027729636, "Cp": 1011.3000000000001, "molecular_mass": 0.02885, "v": 0.0, "M": 0.0, "Ht": -10.11307, "Ue": null, "total_p": 10332.853148190516, "total_T": 298.14, "pitot_p": 10332.853148190516, "composition_massf": {"e-": 0.0, "N-": 0.0, "O2+": 0.0, "N": 0.0, "N2": 0.76708, "O+": 0.0, "N2O": 0.0, "N2+": 0.0, "O": 0.0, "O2": 0.23292, "NO": 0.0, "O-": 0.0, "N+": 0.0, "NO2": 0.0, "NO+": 0.0}, "composition_moles": {"e-": 0.0, "N-": 0.0, "O2+": 0.0, "N": 0.0, "N2": 0.7899882913177266, "O+": 0.0, "N2O": 0.0, "N2+": 0.0, "O": 0.0, "O2": 0.20999981249296848, "NO": 0.0, "O-": 0.0, "N+": 0.0, "NO2": 0.0, "NO+": 0.0}}, "s2": {"state_name": "s2", "gmodel_type": "CEAGas", "rho": 0.9599037748634873, "p": 983980.0, "T": 3460.5018564156558, "a": 1102.4, "h": 4555940.0, "u": 3530850.0, "s": 9295.400000000001, "gamma": 1.1284386457491205, "R": 296.2273763716688, "Cp": 2602.6, "molecular_mass": 0.028068000000000003, "v": 2661.4338417444033, "M": 2.41421792611067, "Ht": 8097549.99993, "Ue": 4024.31360605259, "total_p": 15315206.274741197, "total_T": 5143.13, "pitot_p": 7004834.507622964, "unit_Re": 24805518.897367563, "k": 0.44399, "mu": 0.00010299000000000002, "composition_massf": {"e-": 0.0, "N-": 0.0, "O2+": 0.0, "N": 2.501e-05, "N2": 0.73585, "O+": 0.0, "N2O": 1.7407e-05, "N2+": 0.0, "O": 0.03092, "O2": 0.16632, "NO": 0.066749, "O-": 0.0, "N+": 0.0, "NO2": 0.0001183, "NO+": 0.0}, "composition_moles": {"e-": 0.0, "N-": 0.0, "O2+": 0.0, "N": 5.0117492342950156e-05, "N2": 0.7372842211227484, "O+": 0.0, "N2O": 1.1100854206049152e-05, "N2+": 0.0, "O": 0.05424344412915485, "O2": 0.14588890083378128, "NO": 0.0624376687406894, "O-": 0.0, "N+": 0.0, "NO2": 7.217494430013803e-05, "NO+": 0.0}}, "s3": {"state_name": "s3", "gmodel_type": "CEAGas", "rho": 1.4992, "p": 983979.9999999995, "T": 1650.48, "a": 928.6, "h": 2071420.0, "u": 1415080.0, "s": 10425.5, "gamma": 1.3136879390786422, "R": 397.6712263248517, "Cp": 1665.4, "molecular_mass": 0.020908000000000003, "v": 2661.434505499178, "M": 2.866072049859119, "Ht": 5613029.99997, "Ue": 3350.5313011431485, "total_p": 32837988.763148546, "total_T": 3660.45, "pitot_p": 10437534.10162584, "composition_massf": {"O2": 0.22651, "N2": 0.74495, "H2": 0.028539}, "composition_moles": {"O2": 0.14800152130704902, "N2": 0.5559987220401665, "H2": 0.29599649383891896}}, "s5": {"state_name": "s5", "gmodel_type": "CEAGas", "rho": 5.0185, "p": 9390107.142446347, "T": 5682.660125285953, "a": 1518.6, "h": 9772090.0, "u": 7900970.0, "s": 9762.5, "gamma": 1.1467991371635744, "R": 329.2614446380485, "Cp": 2572.2, "molecular_mass": 0.025252, "v": 0.0, "M": 0.0, "Ht": 9772089.99993, "Ue": 4420.880002879518, "total_p": 9389255.442362834, "total_T": 5682.64, "pitot_p": 9389255.442362834, "composition_massf": {"e-": 0.0, "N-": 0.0, "O2+": 0.0, "N": 0.0062865, "N2": 0.71621, "O+": 0.0, "N2O": 8.7641e-05, "N2+": 0.0, "O": 0.15091, "O2": 0.03106, "NO": 0.095275, "O-": 4.1055e-06, "N+": 0.0, "NO2": 0.00011486, "NO+": 5.0099e-05}, "composition_moles": {"e-": 0.0, "N-": 0.0, "O2+": 0.0, "N": 0.011333625907601362, "N2": 0.6456101337217188, "O+": 0.0, "N2O": 5.0283338755998255e-05, "N2+": 0.0, "O": 0.23818263934897557, "O2": 0.024511141667812545, "NO": 0.08017984009917982, "O-": 6.4795261904778866e-06, "N+": 0.0, "NO2": 6.304560802512743e-05, "NO+": 4.216219629278334e-05}}, "s5d": {"state_name": "s5d", "gmodel_type": "CEAGas", "rho": 7.7737, "p": 14140407.300314602, "T": 4574.145777406816, "a": 1519.6, "h": 7305450.0, "u": 5486450.0, "s": 11173.1, "gamma": 1.2695475296223122, "R": 397.6712263248517, "Cp": 1873.0, "molecular_mass": 0.020908000000000003, "v": 0.0, "M": 0.0, "Ht": 7305439.99997, "Ue": 3822.418082829245, "total_p": 14141493.964460272, "total_T": 4574.14, "pitot_p": 14141493.964460272, "composition_massf": {"O2": 0.22651, "N2": 0.74495, "H2": 0.028539}, "composition_moles": {"O2": 0.14800152130704902, "N2": 0.5559987220401665, "H2": 0.29599649383891896}}, "s6": {"state_name": "s6", "gmodel_type": "CEAGas", "rho": 3.1734, "p": 5341971.307293564, "T": 5178.13, "a": 1437.4, "h": 8770870.0, "u": 7087500.0, "s": 9762.5, "gamma": 1.1382239809981447, "R": 325.09031904910853, "Cp": 2677.0, "molecular_mass": 0.025576, "v": 1437.4009696915589, "M": 1.0000006746149706, "Ht": 9803929.99993, "Ue": 4428.076331756262, "total_p": 9550138.052489595, "total_T": 5698.79, "pitot_p": 9550245.478805473, "composition_massf": {"e-": 0.0, "N-": 0.0, "O2+": 0.0, "N": 0.0030164, "N2": 0.71978, "O+": 0.0, "N2O": 6.3247e-05, "N2+": 0.0, "O": 0.1386, "O2": 0.043717, "NO": 0.094688, "O-": 1.7319e-06, "N+": 0.0, "NO2": 0.00011129, "NO+": 2.323e-05}, "composition_moles": {"e-": 0.0, "N-": 0.0, "O2+": 0.0, "N": 0.005507895964074336, "N2": 0.6571531224342636, "O+": 0.0, "N2O": 3.67530643812709e-05, "N2+": 0.0, "O": 0.22156040851531933, "O2": 0.03494212257959673, "NO": 0.08070826558599752, "O-": 2.768451043648978e-06, "N+": 0.0, "NO2": 6.186984251882928e-05, "NO+": 1.9800685282524086e-05}}, "s8": {"state_name": "s8", "gmodel_type": "CEAGas", "rho": 0.0063915, "p": 2987.1916012514835, "T": 1621.69, "a": 778.1, "h": 1503600.0, "u": 1036220.0, "s": 9762.5, "gamma": 1.3054231507861758, "R": 288.19792027729636, "Cp": 1231.8, "molecular_mass": 0.02885, "v": 4074.39094192865, "M": 5.236333301540483, "Ht": 9803929.99993, "Ue": 4428.076331756262, "total_p": 9550136.498693269, "total_T": 5698.79, "pitot_p": 103317.7212553562, "unit_Re": 432755.08018706733, "k": 0.10078000000000001, "mu": 6.0176e-05, "composition_massf": {"e-": 0.0, "N-": 0.0, "O2+": 0.0, "N": 0.0, "N2": 0.76605, "O+": 0.0, "N2O": 0.0, "N2+": 0.0, "O": 2.7466e-05, "O2": 0.23171, "NO": 0.0022026, "O-": 0.0, "N+": 0.0, "NO2": 2.2283e-06, "NO+": 0.0}, "composition_moles": {"e-": 0.0, "N-": 0.0, "O2+": 0.0, "N": 0.0, "N2": 0.7889275311101117, "O+": 0.0, "N2O": 0.0, "N2+": 0.0, "O": 4.95264884933185e-05, "O2": 0.20890888095803595, "NO": 0.002117736393599968, "O-": 0.0, "N+": 0.0, "NO2": 1.3973645542380803e-06, "NO+": 0.0}}, "s10f": {"state_name": "s10f", "gmodel_type": "IdealGas", "rho": 0.03985912650731621, "p": 92076.71256346491, "T": 8015.51046689159, "a": 1729.6694709498256, "h": 10138017.638524482, "u": 7827964.192005426, "s": 4190.719786678339, "gamma": 1.29510270995852, "R": 288.19792027729636, "Cp": 1264.8, "molecular_mass": 0.02885, "v": 653.3401063927345, "M": 0.37772540786880004, "Ht": null, "Ue": null, "total_p": 100892.27296232374, "total_T": 8184.253862930991, "pitot_p": 100892.27296232374}, "s10e": {"state_name": "s10e", "gmodel_type": "CEAGas", "rho": 0.05737588242954671, "p": 97271.0, "T": 4875.549724500076, "a": 1434.6, "h": 9700930.0, "u": 8005600.0, "s": 11301.5, "gamma": 1.3450455070881566, "R": 347.7274057964953, "Cp": 1355.5, "molecular_mass": 0.023911, "v": 453.8748443183239, "M": 0.31637727890584405, "Ht": 9803939.99993, "Ue": 4428.078590072674, "total_p": 103317.7212553562, "total_T": 4921.99, "pitot_p": 103317.7212553562, "unit_Re": 183313.1754564055, "k": 0.58421, "mu": 0.00014206, "composition_massf": {"e-": 0.0, "N-": 0.0, "O2+": 0.0, "N": 0.011613, "N2": 0.74379, "O+": 0.0, "N2O": 2.1514e-06, "N2+": 0.0, "O": 0.21578, "O2": 0.0037922, "NO": 0.024978, "O-": 0.0,