driver_condition,area_ratio,test_gas_gas_model,test_gas_name,p1,vs1,Ht,h,Ue,pitot_p,total_p,p2,T2,rho2,v2,M2,a2,gamma2,R2,Ht2,h2,p3,T3,rho3,v3,M3,a3,p5,T5,rho5,v5,M5,a5,p5d,T5d,rho5d,v5d,M5d,a5d,p8,T8,rho8,v8,M8,a8,gamma8,R8,unit_Re8,p10f,T10f,rho10f,v10f,M10f,a10f,p10e,T10e,rho10e,v10e,M10e,a10e,unit_Re10e,s2 Xe-,s2 XN-,s2 XO2+,s2 XN,s2 XN2,s2 XO+,s2 XN2O,s2 XN2+,s2 XO,s2 XO2,s2 XNO,s2 XO-,s2 XN+,s2 XNO2,s2 XNO+,s8 Xe-,s8 XN-,s8 XO2+,s8 XN,s8 XN2,s8 XO+,s8 XN2O,s8 XN2+,s8 XO,s8 XO2,s8 XNO,s8 XO-,s8 XN+,s8 XNO2,s8 XNO+,s10e Xe-,s10e XN-,s10e XO2+,s10e XN,s10e XN2,s10e XO+,s10e XN2O,s10e XN2+,s10e XO,s10e XO2,s10e XNO,s10e XO-,s10e XN+,s10e XNO2,s10e XNO+
custom_from_dict,175.0,CEAGas,n2-o2-with-ions,10331.956919872428,3042.551635212836,9803929.99993,1503600.0,4428.076331756262,103317.7212553562,9550136.498693269,983980.0,3460.5018564156558,0.9599037748634873,2661.4338417444033,2.41421792611067,1102.4,1.1284386457491205,296.2273763716688,8097549.99993,4555940.0,983979.9999999995,1650.48,1.4992,2661.434505499178,2.866072049859119,928.6,9390107.142446347,5682.660125285953,5.0185,0.0,0.0,1518.6,14140407.300314602,4574.145777406816,7.7737,0.0,0.0,1519.6,2987.1916012514835,1621.69,0.0063915,4074.39094192865,5.236333301540483,778.1,1.3054231507861758,288.19792027729636,432755.08018706733,92076.71256346491,8015.51046689159,0.03985912650731621,653.3401063927345,0.37772540786880004,1729.6694709498256,97271.0,4875.549724500076,0.05737588242954671,453.8748443183239,0.31637727890584405,1434.6,183313.1754564055,0.0,0.0,0.0,5.0117492342950156e-05,0.7372842211227484,0.0,1.1100854206049152e-05,0.0,0.05424344412915485,0.14588890083378128,0.0624376687406894,0.0,0.0,7.217494430013803e-05,0.0,0.0,0.0,0.0,0.0,0.7889275311101117,0.0,0.0,0.0,4.95264884933185e-05,0.20890888095803595,0.002117736393599968,0.0,0.0,1.3973645542380803e-06,0.0,0.0,0.0,0.0,0.019824686971235194,0.6348662672149756,0.0,1.168799199323833e-06,0.0,0.3224818168181307,0.002833709207845294,0.019904251402214884,0.0,0.0,6.227031354946693e-07,3.314407719899458e-05