{"states_dict": {"s4": {"state_name": "s4", "gmodel_type": "CEAGas", "rho": 33.429, "p": 37310000.0, "T": 3861.0, "a": 1256.6, "h": 3288120.0, "u": 2172010.0, "s": 6232.3, "gamma": 1.4148350213656617, "R": 289.06963807669575, "Cp": 985.9, "molecular_mass": 0.028763, "v": 0.0, "M": 0.0, "Ht": 3287120.0, "Ue": 2564.028080969473, "total_p": 37307663.26738406, "total_T": 3861.0, "pitot_p": 37307663.26738406, "composition_massf": {"Ar": 0.83332, "O2": 0.14796, "H2": 0.018713}, "composition_moles": {"Ar": 0.5999995784519876, "O2": 0.1329979086715752, "H2": 0.26700102139016213}}, "s1": {"state_name": "s1", "gmodel_type": "CEAGas", "rho": 5.0378, "p": 432876.12810830615, "T": 298.15, "a": 346.7, "h": 7.000000000000001e-05, "u": -85925.0, "s": 6465.900000000001, "gamma": 1.398557725608831, "R": 288.19792027729636, "Cp": 1011.3000000000001, "molecular_mass": 0.02885, "v": 0.0, "M": 0.0, "Ht": -10.11307, "Ue": null, "total_p": 432816.1592123526, "total_T": 298.14, "pitot_p": 432816.1592123526, "composition_massf": {"e-": 0.0, "N-": 0.0, "O2+": 0.0, "N": 0.0, "N2": 0.76708, "O+": 0.0, "N2O": 0.0, "N2+": 0.0, "O": 0.0, "O2": 0.23292, "NO": 0.0, "O-": 0.0, "N+": 0.0, "NO2": 0.0, "NO+": 0.0}, "composition_moles": {"e-": 0.0, "N-": 0.0, "O2+": 0.0, "N": 0.0, "N2": 0.7899882913177266, "O+": 0.0, "N2O": 0.0, "N2+": 0.0, "O": 0.0, "O2": 0.20999981249296848, "NO": 0.0, "O-": 0.0, "N+": 0.0, "NO2": 0.0, "NO+": 0.0}}, "s2": {"state_name": "s2", "gmodel_type": "CEAGas", "rho": 25.270757645591353, "p": 8778200.0, "T": 1205.3393913894854, "a": 677.1, "h": 993390.0, "u": 646020.0, "s": 7098.0, "gamma": 1.3198846380693672, "R": 288.18793109424286, "Cp": 1189.1000000000001, "molecular_mass": 0.028850999999999998, "v": 1151.65219552654, "M": 1.7008598368432137, "Ht": 1656549.99993, "Ue": 1820.1922974949653, "total_p": 42428792.05262098, "total_T": 1742.25, "pitot_p": 35843085.80738739, "unit_Re": 589716997.1259828, "k": 0.07727, "mu": 4.9351e-05, "composition_massf": {"e-": 0.0, "N-": 0.0, "O2+": 0.0, "N": 0.0, "N2": 0.76697, "O+": 0.0, "N2O": 0.0, "N2+": 0.0, "O": 0.0, "O2": 0.23277, "NO": 0.000212, "O-": 0.0, "N+": 0.0, "NO2": 5.0398e-05, "NO+": 0.0}, "composition_moles": {"e-": 0.0, "N-": 0.0, "O2+": 0.0, "N": 0.0, "N2": 0.7899023849300693, "O+": 0.0, "N2O": 0.0, "N2+": 0.0, "O": 0.0, "O2": 0.20987184738177683, "NO": 0.0002038389527462749, "O-": 0.0, "N+": 0.0, "NO2": 3.1605627544532716e-05, "NO+": 0.0}}, "s3": {"state_name": "s3", "gmodel_type": "CEAGas", "rho": 12.127, "p": 8778199.999999993, "T": 2504.12, "a": 1020.9, "h": 1975460.0, "u": 1251590.0, "s": 6232.3, "gamma": 1.4397631005981488, "R": 289.06963807669575, "Cp": 946.4, "molecular_mass": 0.028763, "v": 1151.6506552554356, "M": 1.1280739105254536, "Ht": 2637610.0, "Ue": 2296.784709109672, "total_p": 19702558.123609405, "total_T": 3196.47, "pitot_p": 19661801.70704822, "composition_massf": {"Ar": 0.83332, "O2": 0.14796, "H2": 0.018713}, "composition_moles": {"Ar": 0.5999995784519876, "O2": 0.1329979086715752, "H2": 0.26700102139016213}}, "s5": {"state_name": "s5", "gmodel_type": "CEAGas", "rho": 89.973, "p": 55363356.498586014, "T": 2135.483452405157, "a": 884.3, "h": 2173990.0, "u": 1558660.0, "s": 7288.9, "gamma": 1.2711593035266417, "R": 288.14798128573904, "Cp": 1350.8, "molecular_mass": 0.028855, "v": 0.0, "M": 0.0, "Ht": 2173999.99993, "Ue": 2085.1858430029683, "total_p": 55360661.47757202, "total_T": 2135.49, "pitot_p": 55360661.47757202, "composition_massf": {"e-": 0.0, "N-": 0.0, "O2+": 0.0, "N": 0.0, "N2": 0.76171, "O+": 0.0, "N2O": 2.1418e-05, "N2+": 0.0, "O": 1.8875e-05, "O2": 0.22658, "NO": 0.011114, "O-": 0.0, "N+": 0.0, "NO2": 0.00055666, "NO+": 0.0}, "composition_moles": {"e-": 0.0, "N-": 0.0, "O2+": 0.0, "N": 0.0, "N2": 0.7845938747170997, "O+": 0.0, "N2O": 1.4041742175003637e-05, "N2+": 0.0, "O": 3.404115935597585e-05, "O2": 0.20431909634111278, "NO": 0.010687642512689088, "O-": 0.0, "N+": 0.0, "NO2": 0.00034914139179011215, "NO+": 0.0}}, "s5d": {"state_name": "s5d", "gmodel_type": "CEAGas", "rho": 30.064, "p": 35717325.69071223, "T": 4109.830495640666, "a": 1294.9, "h": 3534190.0, "u": 2346160.0, "s": 6306.7, "gamma": 1.411293611854862, "R": 289.06963807669575, "Cp": 991.9, "molecular_mass": 0.028763, "v": 0.0, "M": 0.0, "Ht": 3533180.0, "Ue": 2658.2625904902625, "total_p": 35711622.041683145, "total_T": 4109.82, "pitot_p": 35711622.041683145, "composition_massf": {"Ar": 0.83332, "O2": 0.14796, "H2": 0.018713}, "composition_moles": {"Ar": 0.5999995784519876, "O2": 0.1329979086715752, "H2": 0.26700102139016213}}, "s6": {"state_name": "s6", "gmodel_type": "CEAGas", "rho": 55.926, "p": 30164047.213734288, "T": 1871.68, "a": 832.0, "h": 1823780.0, "u": 1284430.0, "s": 7288.9, "gamma": 1.2837326334560233, "R": 288.16795480539287, "Cp": 1303.8000000000002, "molecular_mass": 0.028853, "v": 836.9109869036253, "M": 1.0059026284899342, "Ht": 2173989.99993, "Ue": 2085.181047261844, "total_p": 55359986.00615106, "total_T": 2135.48, "pitot_p": 55361401.25580423, "composition_massf": {"e-": 0.0, "N-": 0.0, "O2+": 0.0, "N": 0.0, "N2": 0.76445, "O+": 0.0, "N2O": 7.8888e-06, "N2+": 0.0, "O": 3.3944e-06, "O2": 0.2298, "NO": 0.0054242, "O-": 0.0, "N+": 0.0, "NO2": 0.00031427, "NO+": 0.0}, "composition_moles": {"e-": 0.0, "N-": 0.0, "O2+": 0.0, "N": 0.0, "N2": 0.7873616144416601, "O+": 0.0, "N2O": 5.171576141486113e-06, "N2+": 0.0, "O": 6.121393502256335e-06, "O2": 0.20720837656412117, "NO": 0.005215754216642617, "O-": 0.0, "N+": 0.0, "NO2": 0.00019709887535186013, "NO+": 0.0}}, "s8": {"state_name": "s8", "gmodel_type": "CEAGas", "rho": 0.12574, "p": 7741.492407768028, "T": 213.64, "a": 293.6, "h": -85354.0, "u": -146920.0, "s": 7288.9, "gamma": 1.39971857000487, "R": 288.19792027729636, "Cp": 1009.2, "molecular_mass": 0.02885, "v": 2125.7205837080282, "M": 7.240192723801186, "Ht": 2173989.99993, "Ue": 2085.181047261844, "total_p": 55360019.52135336, "total_T": 2135.48, "pitot_p": 533382.5522900498, "unit_Re": 18619861.107310858, "k": 0.020040000000000002, "mu": 1.4355000000000002e-05, "composition_massf": {"e-": 0.0, "N-": 0.0, "O2+": 0.0, "N": 0.0, "N2": 0.76708, "O+": 0.0, "N2O": 0.0, "N2+": 0.0, "O": 0.0, "O2": 0.23292, "NO": 0.0, "O-": 0.0, "N+": 0.0, "NO2": 0.0, "NO+": 0.0}, "composition_moles": {"e-": 0.0, "N-": 0.0, "O2+": 0.0, "N": 0.0, "N2": 0.7899882913177266, "O+": 0.0, "N2O": 0.0, "N2+": 0.0, "O": 0.0, "O2": 0.20999981249296848, "NO": 0.0, "O-": 0.0, "N+": 0.0, "NO2": 0.0, "NO+": 0.0}}, "s10f": {"state_name": "s10f", "gmodel_type": "IdealGas", "rho": 0.6890120741188216, "p": 472213.9586016106, "T": 2378.05089792309, "a": 979.456060800923, "h": 2399691.1610941906, "u": 1714341.8379991988, "s": 1651.7702324849993, "gamma": 1.3997740170040183, "R": 288.19792027729636, "Cp": 1009.1000000000003, "molecular_mass": 0.02885, "v": 387.90968770013853, "M": 0.3960460333288827, "Ht": null, "Ue": null, "total_p": 526117.9315992141, "total_T": 2452.609378654245, "pitot_p": 526117.9315992141}, "s10e": {"state_name": "s10e", "gmodel_type": "CEAGas", "rho": 0.8078887765598264, "p": 487490.0, "T": 2093.527889249108, "a": 875.6, "h": 2119260.0, "u": 1515850.0, "s": 8626.8, "gamma": 1.2949310530987526, "R": 288.22789198183517, "Cp": 1265.5, "molecular_mass": 0.028847, "v": 330.84765372483673, "M": 0.3778525053961132, "Ht": 2173999.99993, "Ue": 2085.1858430029683, "total_p": 533382.5522900498, "total_T": 2133.77, "pitot_p": 533382.5522900498, "unit_Re": 3734482.3633974744, "k": 0.13060000000000002, "mu": 7.1573e-05, "composition_massf": {"e-": 0.0, "N-": 0.0, "O2+": 0.0, "N": 0.0, "N2": 0.76238, "O+": 0.0, "N2O": 1.8209e-06, "N2+": 0.0, "O": 0.00015104, "O2": 0.22737, "NO": 0.010046, "O-": 0.0, "N+": 0.0, "NO2": 5.0343e-05, "NO+": 0.0}, "composition_moles": {"e-": 0.0, "N-": 0.0, "O2+": 0.0, "N": 0.0, "N2": 0.7850662847066046, "O+": 0.0, "N2O": 1.193459682183365e-06, "N2+": 0.0, "O": 0.0002723258922209583, "O2": 0.20497463623635886, "NO": 0.009657934953226177, "O-": 0.0, "N+": 0.0, "NO2": 3.156675877884167e-05,