{"states_dict": {"s4": {"state_name": "s4", "gmodel_type": "CEAGas", "rho": 33.429, "p": 37310000.0, "T": 3861.0, "a": 1256.6, "h": 3288120.0, "u": 2172010.0, "s": 6232.3, "gamma": 1.4148350213656617, "R": 289.06963807669575, "Cp": 985.9, "molecular_mass": 0.028763, "v": 0.0, "M": 0.0, "Ht": 3287120.0, "Ue": 2564.028080969473, "total_p": 37307663.26738406, "total_T": 3861.0, "pitot_p": 37307663.26738406, "composition_massf": {"Ar": 0.83332, "O2": 0.14796, "H2": 0.018713}, "composition_moles": {"Ar": 0.5999995784519876, "O2": 0.1329979086715752, "H2": 0.26700102139016213}}, "s1": {"state_name": "s1", "gmodel_type": "CEAGas", "rho": 1.5031, "p": 129154.96650148826, "T": 298.15, "a": 346.7, "h": 7.000000000000001e-05, "u": -85925.0, "s": 6814.4, "gamma": 1.398557725608831, "R": 288.19792027729636, "Cp": 1011.3000000000001, "molecular_mass": 0.02885, "v": 0.0, "M": 0.0, "Ht": null, "Ue": null, "total_p": 129163.16899058006, "total_T": 298.15, "pitot_p": 129163.16899058006, "composition_massf": {"e-": 0.0, "N-": 0.0, "O2+": 0.0, "N": 0.0, "N2": 0.76708, "O+": 0.0, "N2O": 0.0, "N2+": 0.0, "O": 0.0, "O2": 0.23292, "NO": 0.0, "O-": 0.0, "N+": 0.0, "NO2": 0.0, "NO+": 0.0}, "composition_moles": {"e-": 0.0, "N-": 0.0, "O2+": 0.0, "N": 0.0, "N2": 0.7899882913177266, "O+": 0.0, "N2O": 0.0, "N2+": 0.0, "O": 0.0, "O2": 0.20999981249296848, "NO": 0.0, "O-": 0.0, "N+": 0.0, "NO2": 0.0, "NO+": 0.0}}, "s2": {"state_name": "s2", "gmodel_type": "CEAGas", "rho": 8.855832027260764, "p": 4649200.0, "T": 1821.7210722805576, "a": 821.7, "h": 1758780.0, "u": 1233790.0, "s": 7792.6, "gamma": 1.28615279271488, "R": 288.18793109424286, "Cp": 1295.3, "molecular_mass": 0.028850999999999998, "v": 1580.1093291554007, "M": 1.9229759390962646, "Ht": 3007149.99993, "Ue": 2452.4069808781737, "total_p": 31783503.912118934, "total_T": 2727.13, "pitot_p": 23196491.02143482, "unit_Re": 214968857.40172547, "k": 0.11183000000000001, "mu": 6.5094e-05, "composition_massf": {"e-": 0.0, "N-": 0.0, "O2+": 0.0, "N": 0.0, "N2": 0.76489, "O+": 0.0, "N2O": 2.6571e-06, "N2+": 0.0, "O": 5.5236e-06, "O2": 0.23036, "NO": 0.0046235, "O-": 0.0, "N+": 0.0, "NO2": 0.00011623, "NO+": 0.0}, "composition_moles": {"e-": 0.0, "N-": 0.0, "O2+": 0.0, "N": 0.0, "N2": 0.7877601929790743, "O+": 0.0, "N2O": 1.7417658522066307e-06, "N2+": 0.0, "O": 9.960459992249709e-06, "O2": 0.207698924959686, "NO": 0.004445516028407557, "O-": 0.0, "N+": 0.0, "NO2": 7.289023551531882e-05, "NO+": 0.0}}, "s3": {"state_name": "s3", "gmodel_type": "CEAGas", "rho": 7.8129, "p": 4649199.999999999, "T": 2058.54, "a": 929.4, "h": 1557520.0, "u": 962450.0, "s": 6232.3, "gamma": 1.451720460970003, "R": 289.06963807669575, "Cp": 929.0, "molecular_mass": 0.028763, "v": 1580.1029066271558, "M": 1.7001322429816612, "Ht": 2804890.0, "Ue": 2368.497413973678, "total_p": 23501617.390302725, "total_T": 3368.77, "pitot_p": 20148450.156782717, "composition_massf": {"Ar": 0.83332, "O2": 0.14796, "H2": 0.018713}, "composition_moles": {"Ar": 0.5999995784519876, "O2": 0.1329979086715752, "H2": 0.26700102139016213}}, "s5": {"state_name": "s5", "gmodel_type": "CEAGas", "rho": 36.097, "p": 33942587.9301865, "T": 3254.2068769936373, "a": 1074.8, "h": 3818440.0, "u": 2878140.0, "s": 8045.2, "gamma": 1.2167414694725502, "R": 288.94908774978285, "Cp": 1622.1000000000001, "molecular_mass": 0.028775, "v": 0.0, "M": 0.0, "Ht": 3818449.99993, "Ue": 2763.4941649766515, "total_p": 33946192.03156472, "total_T": 3254.21, "pitot_p": 33946192.03156472, "composition_massf": {"e-": 0.0, "N-": 0.0, "O2+": 0.0, "N": 1.4527e-06, "N2": 0.73893, "O+": 0.0, "N2O": 9.1369e-05, "N2+": 0.0, "O": 0.003215, "O2": 0.19731, "NO": 0.059684, "O-": 0.0, "N+": 0.0, "NO2": 0.00076738, "NO+": 0.0}, "composition_moles": {"e-": 0.0, "N-": 0.0, "O2+": 0.0, "N": 2.9843890780840597e-06, "N2": 0.7590192818436889, "O+": 0.0, "N2O": 5.973587172368038e-05, "N2+": 0.0, "O": 0.005782193394752303, "O2": 0.17743150524394666, "NO": 0.057235265496015805, "O-": 0.0, "N+": 0.0, "NO2": 0.00047997216637141215, "NO+": 0.0}}, "s5d": {"state_name": "s5d", "gmodel_type": "CEAGas", "rho": 25.276, "p": 32871995.153999798, "T": 4499.02776577062, "a": 1352.3, "h": 3921970.0, "u": 2621440.0, "s": 6420.8, "gamma": 1.4062075672199188, "R": 289.06963807669575, "Cp": 1000.6999999999999, "molecular_mass": 0.028763, "v": 0.0, "M": 0.0, "Ht": 3920970.0, "Ue": 2800.3464071432304, "total_p": 32871490.33541064, "total_T": 4499.02, "pitot_p": 32871490.33541064, "composition_massf": {"Ar": 0.83332, "O2": 0.14796, "H2": 0.018713}, "composition_moles": {"Ar": 0.5999995784519876, "O2": 0.1329979086715752, "H2": 0.26700102139016213}}, "s6": {"state_name": "s6", "gmodel_type": "CEAGas", "rho": 22.394, "p": 18841074.85691304, "T": 2915.95, "a": 1020.5, "h": 3294370.0, "u": 2453040.0, "s": 8045.2, "gamma": 1.231123368046032, "R": 288.5279522504078, "Cp": 1536.8999999999999, "molecular_mass": 0.028817, "v": 1023.7870872403109, "M": 1.0032210556005006, "Ht": 3818429.99993, "Ue": 2763.4869277526896, "total_p": 33945978.035837494, "total_T": 3254.2, "pitot_p": 33945724.64427098, "composition_massf": {"e-": 0.0, "N-": 0.0, "O2+": 0.0, "N": 0.0, "N2": 0.74737, "O+": 0.0, "N2O": 4.7036e-05, "N2+": 0.0, "O": 0.0014752, "O2": 0.20876, "NO": 0.041829, "O-": 0.0, "N+": 0.0, "NO2": 0.00051657, "NO+": 0.0}, "composition_moles": {"e-": 0.0, "N-": 0.0, "O2+": 0.0, "N": 0.0, "N2": 0.7688092587832964, "O+": 0.0, "N2O": 3.079641404318744e-05, "N2+": 0.0, "O": 0.002657027038513945, "O2": 0.1880019538232684, "NO": 0.040171374920432844, "O-": 0.0, "N+": 0.0, "NO2": 0.0003235699577224463, "NO+": 0.0}}, "s8": {"state_name": "s8", "gmodel_type": "CEAGas", "rho": 0.048113, "p": 5741.456827231349, "T": 414.07, "a": 407.7, "h": 117750.0, "u": -1583.5, "s": 8045.2, "gamma": 1.3927461208425622, "R": 288.19792027729636, "Cp": 1022.0, "molecular_mass": 0.02885, "v": 2720.5477389672837, "M": 6.672915719811832, "Ht": 3818449.99993, "Ue": 2763.4941649766515, "total_p": 33946277.72509635, "total_T": 3254.21, "pitot_p": 338193.45518038416, "unit_Re": 5527372.7192657795, "k": 0.03382, "mu": 2.3681e-05, "composition_massf": {"e-": 0.0, "N-": 0.0, "O2+": 0.0, "N": 0.0, "N2": 0.76708, "O+": 0.0, "N2O": 0.0, "N2+": 0.0, "O": 0.0, "O2": 0.23292, "NO": 0.0, "O-": 0.0, "N+": 0.0, "NO2": 0.0, "NO+": 0.0}, "composition_moles": {"e-": 0.0, "N-": 0.0, "O2+": 0.0, "N": 0.0, "N2": 0.7899882913177266, "O+": 0.0, "N2O": 0.0, "N2+": 0.0, "O": 0.0, "O2": 0.20999981249296848, "NO": 0.0, "O-": 0.0, "N+": 0.0, "NO2": 0.0, "NO+": 0.0}}, "s10f": {"state_name": "s10f", "gmodel_type": "IdealGas", "rho": 0.26303891234459537, "p": 296706.00871079386, "T": 3913.9520330428877, "a": 1253.398438909418, "h": 4000058.9777698303, "u": 2872066.1417817743, "s": 2321.7073870933714, "gamma": 1.3927461208425624, "R": 288.19792027729636, "Cp": 1021.9999999999999, "molecular_mass": 0.02885, "v": 497.61543832596203, "M": 0.39701297119768014, "Ht": null, "Ue": null, "total_p": 330576.85915007064, "total_T": 4035.097397260276, "pitot_p": 330576.85915007064}, "s10e": {"state_name": "s10e", "gmodel_type": "CEAGas", "rho": 0.35007463406152606, "p": 312900.0, "T": 3052.7753961670123, "a": 1030.6, "h": 3748540.0, "u": 2854740.0, "s": 9384.6, "gamma": 1.288937863605771, "R": 292.7850552855835, "Cp": 1306.1000000000001, "molecular_mass": 0.028398, "v": 373.90230719180926, "M": 0.36280060856958013, "Ht": 3818449.99993, "Ue": 2763.4941649766515, "total_p": 338193.45518038416, "total_T": 3087.1, "pitot_p": 338193.45518038416, "unit_Re": 1397019.1938196586, "k": 0.35686, "mu": 9.3695e-05, "composition_massf": {"e-": 0.0, "N-": 0.0, "O2+": 0.0, "N": 4.7102e-06, "N2": 0.74505, "O+": 0.0, "N2O": 6.8227e-06, "N2+": 0.0, "O": 0.017683, "O2": 0.19005, "NO": 0.047142, "O-": 0.0, "N+": 0.0, "NO2": 6.4447e-05, "NO+": 0.0}, "composition_moles": {"e-": 0.0, "N-": 0.0, "O2+": 0.0, "N": 9.54973402728694e-06, "N2": 0.7552788986699221, "O+": 0.0, "N2O": 4.402151978515341e-06, "N2+": 0.0, "O": 0.03138629161093542, "O2": 0.16866382176831632,