{"states_dict": {"s4": {"state_name": "s4", "gmodel_type": "CEAGas", "rho": 20.909, "p": 18616850.86375779, "T": 3450.6547273789943, "a": 1044.1, "h": 1026319.9999999999, "u": 135960.0, "s": 6030.8, "gamma": 1.1562333622332919, "R": 258.03028892406047, "Cp": 1909.6, "molecular_mass": 0.032223, "v": 643.0892196482939, "M": 0.6159268457506886, "Ht": 3469510.0, "Ue": 2634.2019664406903, "total_p": 23374395.328042816, "total_T": 3578.88, "pitot_p": 23374395.328042816, "composition_massf": {"H2O": 0.14006, "OH": 0.013708, "Ar": 0.83332, "HO2": 5.0584e-05, "O": 0.0015131, "O2": 0.0091034, "H2": 0.0020085, "H": 0.00021688, "H2O2": 1.0908e-05}, "composition_moles": {"H2O": 0.250518081317637, "OH": 0.025971897075027606, "Ar": 0.6721755872634424, "HO2": 4.9382890645971094e-05, "O": 0.003047403108866582, "O2": 0.009167183088115803, "H2": 0.03210503378177272, "H": 0.00693347246859932, "H2O2": 1.0333434975722246e-05}}, "s1": {"state_name": "s1", "gmodel_type": "CEAGas", "rho": 1.4117, "p": 121297.03763010408, "T": 298.15, "a": 346.7, "h": 7.000000000000001e-05, "u": -85925.0, "s": 6832.5, "gamma": 1.398557725608831, "R": 288.19792027729636, "Cp": 1011.3000000000001, "molecular_mass": 0.02885, "v": 0.0, "M": 0.0, "Ht": null, "Ue": null, "total_p": 121307.66258918266, "total_T": 298.15, "pitot_p": 121307.66258918266, "composition_massf": {"e-": 0.0, "N-": 0.0, "O2+": 0.0, "N": 0.0, "N2": 0.76708, "O+": 0.0, "N2O": 0.0, "N2+": 0.0, "O": 0.0, "O2": 0.23292, "NO": 0.0, "O-": 0.0, "N+": 0.0, "NO2": 0.0, "NO+": 0.0}, "composition_moles": {"e-": 0.0, "N-": 0.0, "O2+": 0.0, "N": 0.0, "N2": 0.7899882913177266, "O+": 0.0, "N2O": 0.0, "N2+": 0.0, "O": 0.0, "O2": 0.20999981249296848, "NO": 0.0, "O-": 0.0, "N+": 0.0, "NO2": 0.0, "NO+": 0.0}}, "s2": {"state_name": "s2", "gmodel_type": "CEAGas", "rho": 8.60266025375118, "p": 4972100.0, "T": 2005.5420777943364, "a": 859.1, "h": 1999980.0, "u": 1422010.0, "s": 7899.3, "gamma": 1.2767812050018867, "R": 288.18793109424286, "Cp": 1329.3999999999999, "molecular_mass": 0.028850999999999998, "v": 1694.766966587058, "M": 1.9727237418077732, "Ht": 3436099.99993, "Ue": 2621.488126972922, "total_p": 36871894.68677179, "total_T": 3013.02, "pitot_p": 25856147.256893843, "unit_Re": 209789116.2488336, "k": 0.12314000000000001, "mu": 6.9496e-05, "composition_massf": {"e-": 0.0, "N-": 0.0, "O2+": 0.0, "N": 0.0, "N2": 0.7633, "O+": 0.0, "N2O": 4.6619e-06, "N2+": 0.0, "O": 2.4907e-05, "O2": 0.22852, "NO": 0.0080023, "O-": 0.0, "N+": 0.0, "NO2": 0.00014771, "NO+": 0.0}, "composition_moles": {"e-": 0.0, "N-": 0.0, "O2+": 0.0, "N": 0.0, "N2": 0.786122652016535, "O+": 0.0, "N2O": 3.0559400197215355e-06, "N2+": 0.0, "O": 4.49136753253247e-05, "O2": 0.2060399302473843, "NO": 0.007694247413026018, "O-": 0.0, "N+": 0.0, "NO2": 9.263199421808262e-05, "NO+": 0.0}}, "s3": {"state_name": "s3", "gmodel_type": "CEAGas", "rho": 7.2125, "p": 4972099.999999998, "T": 2729.15, "a": 934.2, "h": -13963.0, "u": -703340.0, "s": 6030.8, "gamma": 1.2296548097219175, "R": 252.59782476607126, "Cp": 1352.5, "molecular_mass": 0.032915999999999994, "v": 1694.7529267025336, "M": 1.8141221651707702, "Ht": 3658550.0, "Ue": 2705.0138631807417, "total_p": 28549699.38353608, "total_T": 3693.72, "pitot_p": 22225346.28604019, "composition_massf": {"H2O": 0.15877, "OH": 0.0036233, "Ar": 0.83332, "HO2": 5.3095e-06, "O": 0.00016564, "O2": 0.0033763, "H2": 0.00070215, "H": 2.9513e-05, "H2O2": 1.391e-06}, "composition_moles": {"H2O": 0.2900911515113836, "OH": 0.007012533576679245, "Ar": 0.686631649143887, "HO2": 5.294903465171052e-06, "O": 0.0003407756690875907, "O2": 0.0034730768278810453, "H2": 0.01146495297339127, "H": 0.0009637973569855346, "H2O2": 1.3460704613419851e-06}}, "s5": {"state_name": "s5", "gmodel_type": "CEAGas", "rho": 36.204, "p": 37377960.10672093, "T": 3561.8537850073944, "a": 1122.7, "h": 4331010.0, "u": 3298570.0, "s": 8167.799999999999, "gamma": 1.2003918632927366, "R": 289.8556736970542, "Cp": 1736.3, "molecular_mass": 0.028685, "v": 0.0, "M": 0.0, "Ht": 4331009.99993, "Ue": 2943.1309858482346, "total_p": 37373261.80648344, "total_T": 3561.85, "pitot_p": 37373261.80648344, "composition_massf": {"e-": 0.0, "N-": 0.0, "O2+": 0.0, "N": 6.4556e-06, "N2": 0.73096, "O+": 0.0, "N2O": 0.00012511, "N2+": 0.0, "O": 0.0067431, "O2": 0.18467, "NO": 0.076651, "O-": 0.0, "N+": 0.0, "NO2": 0.00084819, "NO+": 0.0}, "composition_moles": {"e-": 0.0, "N-": 0.0, "O2+": 0.0, "N": 1.3220736219095145e-05, "N2": 0.7484842111275318, "O+": 0.0, "N2O": 8.153946919986912e-05, "N2+": 0.0, "O": 0.012089567327524782, "O2": 0.16554555014563047, "NO": 0.07327623166622786, "O-": 0.0, "N+": 0.0, "NO2": 0.0005288569877514645, "NO+": 0.0}}, "s5d": {"state_name": "s5d", "gmodel_type": "CEAGas", "rho": 29.313, "p": 32436764.251601603, "T": 4114.563042240964, "a": 1159.0, "h": 2358470.0, "u": 1251910.0, "s": 6236.7, "gamma": 1.1161992821175197, "R": 268.9387372234442, "Cp": 2583.4, "molecular_mass": 0.030916, "v": 0.0, "M": 0.0, "Ht": 4594880.0, "Ue": 3031.461693638895, "total_p": 32432375.03768832, "total_T": 4114.54, "pitot_p": 32432375.03768832, "composition_massf": {"H2O": 0.10966, "OH": 0.029842, "Ar": 0.83332, "HO2": 0.0001656, "O": 0.0065438, "O2": 0.015766, "H2": 0.0038177, "H": 0.00084874, "H2O2": 2.7578e-05}, "composition_moles": {"H2O": 0.1881873920360938, "OH": 0.05424688822590717, "Ar": 0.6449114128366876, "HO2": 0.00015511042896087284, "O": 0.01264473172743978, "O2": 0.015232497968673825, "H2": 0.05854912653530964, "H": 0.026032944262555306, "H2O2": 2.5065690695899537e-05}}, "s6": {"state_name": "s6", "gmodel_type": "CEAGas", "rho": 22.483, "p": 20866185.22766561, "T": 3210.6, "a": 1067.2, "h": 3760100.0, "u": 2832000.0, "s": 8167.799999999999, "gamma": 1.2137408669719654, "R": 289.06963807669575, "Cp": 1641.5, "molecular_mass": 0.028763, "v": 1068.5597783933288, "M": 1.0012741551661626, "Ht": 4331009.99993, "Ue": 2943.1309858482346, "total_p": 37373300.79509813, "total_T": 3561.85, "pitot_p": 37374654.07140975, "composition_massf": {"e-": 0.0, "N-": 0.0, "O2+": 0.0, "N": 1.4553e-06, "N2": 0.74014, "O+": 0.0, "N2O": 6.8527e-05, "N2+": 0.0, "O": 0.0036146, "O2": 0.19835, "NO": 0.057226, "O-": 0.0, "N+": 0.0, "NO2": 0.00059356, "NO+": 0.0}, "composition_moles": {"e-": 0.0, "N-": 0.0, "O2+": 0.0, "N": 2.9884836471117397e-06, "N2": 0.7599451269749478, "O+": 0.0, "N2O": 4.4783383492983864e-05, "N2+": 0.0, "O": 0.006498164918684451, "O2": 0.1782923437753916, "NO": 0.05485522737043468, "O-": 0.0, "N+": 0.0, "NO2": 0.0003710983747595397, "NO+": 0.0}}, "s8": {"state_name": "s8", "gmodel_type": "CEAGas", "rho": 0.047674, "p": 6691.396291006307, "T": 487.02, "a": 441.1, "h": 192710.0, "u": 52357.0, "s": 8167.799999999999, "gamma": 1.3864786328401624, "R": 288.19792027729636, "Cp": 1033.9, "molecular_mass": 0.02885, "v": 2876.90806248653, "M": 6.522122109468443, "Ht": 4331009.99993, "Ue": 2943.1309858482346, "total_p": 37373182.62800416, "total_T": 3561.85, "pitot_p": 376056.00500111637, "unit_Re": 5161199.479603479, "k": 0.038200000000000005, "mu": 2.6574e-05, "composition_massf": {"e-": 0.0, "N-": 0.0, "O2+": 0.0, "N": 0.0, "N2": 0.76708, "O+": 0.0, "N2O": 0.0, "N2+": 0.0, "O": 0.0, "O2": 0.23292, "NO": 0.0, "O-": 0.0, "N+": 0.0, "NO2": 0.0, "NO+": 0.0}, "composition_moles": {"e-": 0.0, "N-": 0.0, "O2+": 0.0, "N": 0.0, "N2": 0.7899882913177266, "O+": 0.0, "N2O": 0.0, "N2+": 0.0, "O": 0.0, "O2": 0.20999981249296848, "NO": 0.0, "O-": 0.0, "N+": 0.0, "NO2": 0.0, "NO+": 0.0}}, "s10f": {"state_name": "s10f", "gmodel_type": "IdealGas", "rho": 0.2624483922277568, "p": 329593.0072153742, "T": 4357.558536652665, "a": 1319.543241608999, "h": 4505279.771045191, "u": 3249440.463295314, "s": 2433.0559151840043, "gamma": 1.3864786328401626, "R": 288.19792027729636, "Cp": 1033.9000000000003, "molecular_mass": 0.02885, "v": 522.590101235775, "M": 0.3960386327306328, "Ht": null, "Ue": null, "total_p": 366858.26989899855, "total_T": 4489.631471128736, "pitot_p": 366858.26989899855}, "s10e": {"state_name": "s10e",