driver_condition,area_ratio,test_gas_gas_model,test_gas_name,p1,vs1,Ht,h,Ue,pitot_p,total_p,p2,T2,rho2,v2,M2,a2,gamma2,R2,Ht2,h2,p3,T3,rho3,v3,M3,a3,p5,T5,rho5,v5,M5,a5,p5d,T5d,rho5d,v5d,M5d,a5d,p8,T8,rho8,v8,M8,a8,gamma8,R8,unit_Re8,p10f,T10f,rho10f,v10f,M10f,a10f,p10e,T10e,rho10e,v10e,M10e,a10e,unit_Re10e,s2 Xe-,s2 XN-,s2 XO2+,s2 XN,s2 XN2,s2 XO+,s2 XN2O,s2 XN2+,s2 XO,s2 XO2,s2 XNO,s2 XO-,s2 XN+,s2 XNO2,s2 XNO+,s8 Xe-,s8 XN-,s8 XO2+,s8 XN,s8 XN2,s8 XO+,s8 XN2O,s8 XN2+,s8 XO,s8 XO2,s8 XNO,s8 XO-,s8 XN+,s8 XNO2,s8 XNO+,s10e Xe-,s10e XN-,s10e XO2+,s10e XN,s10e XN2,s10e XO+,s10e XN2O,s10e XN2+,s10e XO,s10e XO2,s10e XNO,s10e XO-,s10e XN+,s10e XNO2,s10e XNO+
custom_from_dict,175.0,CEAGas,n2-o2-with-ions,121297.03763010408,2027.4767080270688,4331009.99993,192710.0,2943.1309858482346,376056.00500111637,37373182.62800416,4972100.0,2005.5420777943364,8.60266025375118,1694.766966587058,1.9727237418077732,859.1,1.2767812050018867,288.18793109424286,3436099.99993,1999980.0,4972099.999999998,2729.15,7.2125,1694.7529267025336,1.8141221651707702,934.2,37377960.10672093,3561.8537850073944,36.204,0.0,0.0,1122.7,32436764.251601603,4114.563042240964,29.313,0.0,0.0,1159.0,6691.396291006307,487.02,0.047674,2876.90806248653,6.522122109468443,441.1,1.3864786328401624,288.19792027729636,5161199.479603479,329593.0072153742,4357.558536652665,0.2624483922277568,522.590101235775,0.3960386327306328,1319.543241608999,349240.0,3262.07276586832,0.36149096671010605,379.4111820253916,0.3555535395233733,1067.1,1389390.8217695672,0.0,0.0,0.0,0.0,0.786122652016535,0.0,3.0559400197215355e-06,0.0,4.49136753253247e-05,0.2060399302473843,0.007694247413026018,0.0,0.0,9.263199421808262e-05,0.0,0.0,0.0,0.0,0.0,0.7899882913177266,0.0,0.0,0.0,0.0,0.20999981249296848,0.0,0.0,0.0,0.0,0.0,0.0,0.0,0.0,3.037757244747157e-05,0.7423724710317207,0.0,5.515829658644758e-06,0.0,0.053816366863757396,0.15107010450391892,0.052653310426879874,0.0,0.0,4.1137528382476007e-05,0.0