{"states_dict": {"s4": {"state_name": "s4", "gmodel_type": "CEAGas", "rho": 21.02, "p": 21710838.519796245, "T": 3885.554819732287, "a": 1118.1, "h": 1938790.0, "u": 905930.0, "s": 6239.099999999999, "gamma": 1.1198790277091695, "R": 265.8176412289395, "Cp": 2483.2000000000003, "molecular_mass": 0.031279, "v": 0.0, "M": 0.0, "Ht": 4175190.0, "Ue": 2889.7024068232354, "total_p": 21707481.20814432, "total_T": 3885.53, "pitot_p": 21707481.20814432, "composition_massf": {"H2O": 0.1178, "OH": 0.025399, "Ar": 0.83332, "HO2": 0.00011515, "O": 0.0048847, "O2": 0.014439, "H2": 0.0033714, "H": 0.00065044, "H2O2": 1.9161e-05}, "composition_moles": {"H2O": 0.20453005448707984, "OH": 0.04671249713359056, "Ar": 0.6524836357264443, "HO2": 0.00010912246559339091, "O": 0.009549641317799416, "O2": 0.014114200563771141, "H2": 0.05231165575331865, "H": 0.020184845089985512, "H2O2": 1.7619948769178485e-05}}, "s1": {"state_name": "s1", "gmodel_type": "CEAGas", "rho": 1.4117, "p": 121297.03763010408, "T": 298.15, "a": 346.7, "h": 7.000000000000001e-05, "u": -85925.0, "s": 6832.5, "gamma": 1.398557725608831, "R": 288.19792027729636, "Cp": 1011.3000000000001, "molecular_mass": 0.02885, "v": 0.0, "M": 0.0, "Ht": null, "Ue": null, "total_p": 121307.66258918266, "total_T": 298.15, "pitot_p": 121307.66258918266, "composition_massf": {"e-": 0.0, "N-": 0.0, "O2+": 0.0, "N": 0.0, "N2": 0.76708, "O+": 0.0, "N2O": 0.0, "N2+": 0.0, "O": 0.0, "O2": 0.23292, "NO": 0.0, "O-": 0.0, "N+": 0.0, "NO2": 0.0, "NO+": 0.0}, "composition_moles": {"e-": 0.0, "N-": 0.0, "O2+": 0.0, "N": 0.0, "N2": 0.7899882913177266, "O+": 0.0, "N2O": 0.0, "N2+": 0.0, "O": 0.0, "O2": 0.20999981249296848, "NO": 0.0, "O-": 0.0, "N+": 0.0, "NO2": 0.0, "NO+": 0.0}}, "s2": {"state_name": "s2", "gmodel_type": "CEAGas", "rho": 8.052768988034293, "p": 3864000.0, "T": 1665.0010561311908, "a": 788.0, "h": 1557970.0, "u": 1078140.0, "s": 7730.6, "gamma": 1.294275890438328, "R": 288.18793109424286, "Cp": 1267.5, "molecular_mass": 0.028850999999999998, "v": 1478.6476556008574, "M": 1.8764564157371286, "Ht": 2651169.99993, "Ue": 2302.681046054794, "total_p": 24519436.1957325, "total_T": 2480.15, "pitot_p": 18525139.318920873, "unit_Re": 194393874.34496588, "k": 0.10264000000000001, "mu": 6.1253e-05, "composition_massf": {"e-": 0.0, "N-": 0.0, "O2+": 0.0, "N": 0.0, "N2": 0.76583, "O+": 0.0, "N2O": 1.4131e-06, "N2+": 0.0, "O": 1.2471e-06, "O2": 0.23146, "NO": 0.002626, "O-": 0.0, "N+": 0.0, "NO2": 8.5621e-05, "NO+": 0.0}, "composition_moles": {"e-": 0.0, "N-": 0.0, "O2+": 0.0, "N": 0.0, "N2": 0.7887282989569278, "O+": 0.0, "N2O": 9.263066221644613e-07, "N2+": 0.0, "O": 2.2488394627298525e-06, "O2": 0.2086907152768229, "NO": 0.0025249108014703675, "O-": 0.0, "N+": 0.0, "NO2": 5.36946989164339e-05, "NO+": 0.0}}, "s3": {"state_name": "s3", "gmodel_type": "CEAGas", "rho": 5.0688, "p": 3864000.000000002, "T": 2986.8, "a": 967.3, "h": 399070.0, "u": -363230.0, "s": 6239.099999999999, "gamma": 1.1718842495623831, "R": 255.22638671455326, "Cp": 1740.1, "molecular_mass": 0.032576999999999995, "v": 1478.6183002532794, "M": 1.5286036392569828, "Ht": 3728630.0, "Ue": 2730.7984180455355, "total_p": 13849346.513946675, "total_T": 3639.45, "pitot_p": 12615811.748821786, "composition_massf": {"H2O": 0.14948, "OH": 0.008202, "Ar": 0.83332, "HO2": 1.3587e-05, "O": 0.00070925, "O2": 0.0067708, "H2": 0.0013869, "H": 0.00011315, "H2O2": 2.4937e-06}, "composition_moles": {"H2O": 0.2703044282409155, "OH": 0.015710661043996297, "Ar": 0.6795600690898167, "HO2": 1.3410100452210669e-05, "O": 0.0014441314830556146, "O2": 0.0068931444804180165, "H2": 0.022412564884814568, "H": 0.003657050568486219, "H2O2": 2.3883001368820757e-06}}, "s5": {"state_name": "s5", "gmodel_type": "CEAGas", "rho": 31.878, "p": 27416229.042320497, "T": 2980.7261832263266, "a": 1031.3, "h": 3389750.0, "u": 2529720.0, "s": 7969.299999999999, "gamma": 1.2301462753104615, "R": 288.5279522504078, "Cp": 1542.2, "molecular_mass": 0.028817, "v": 0.0, "M": 0.0, "Ht": 3389749.99993, "Ue": 2603.747299539646, "total_p": 27418775.359877497, "total_T": 2980.73, "pitot_p": 27418775.359877497, "composition_massf": {"e-": 0.0, "N-": 0.0, "O2+": 0.0, "N": 0.0, "N2": 0.74578, "O+": 0.0, "N2O": 6.1359e-05, "N2+": 0.0, "O": 0.0015322, "O2": 0.20686, "NO": 0.045127, "O-": 0.0, "N+": 0.0, "NO2": 0.00063815, "NO+": 0.0}, "composition_moles": {"e-": 0.0, "N-": 0.0, "O2+": 0.0, "N": 0.0, "N2": 0.7671736476115001, "O+": 0.0, "N2O": 4.017427437018322e-05, "N2+": 0.0, "O": 0.00275969145092941, "O2": 0.1862908802830106, "NO": 0.04333867976844708, "O-": 0.0, "N+": 0.0, "NO2": 0.00039972543608916323, "NO+": 0.0}}, "s5d": {"state_name": "s5d", "gmodel_type": "CEAGas", "rho": 17.774, "p": 19365685.712971184, "T": 4028.9288561738313, "a": 1146.7, "h": 2364270.0, "u": 1274710.0, "s": 6377.2, "gamma": 1.1074105379293353, "R": 270.4345422019841, "Cp": 2788.2, "molecular_mass": 0.030745, "v": 0.0, "M": 0.0, "Ht": 4600680.0, "Ue": 3033.374358696928, "total_p": 19364798.54184916, "total_T": 4028.92, "pitot_p": 19364798.54184916, "composition_massf": {"H2O": 0.10649, "OH": 0.030837, "Ar": 0.83332, "HO2": 0.00013776, "O": 0.0074628, "O2": 0.016763, "H2": 0.0039888, "H": 0.00097502, "H2O2": 1.9818e-05}, "composition_moles": {"H2O": 0.1817365619629559, "OH": 0.05574555250850515, "Ar": 0.6413443326324221, "HO2": 0.0001283201915729939, "O": 0.014340774404040154, "O2": 0.016106180075502834, "H2": 0.060834799690457755, "H": 0.02974084757029188, "H2O2": 1.7912983747017465e-05}}, "s6": {"state_name": "s6", "gmodel_type": "CEAGas", "rho": 19.773, "p": 15148102.374134634, "T": 2657.2, "a": 977.7, "h": 2907690.0, "u": 2141600.0, "s": 7969.299999999999, "gamma": 1.2446828202002291, "R": 288.30784701272586, "Cp": 1466.6, "molecular_mass": 0.028839, "v": 981.8961248523186, "M": 1.0042918327220196, "Ht": 3389739.99993, "Ue": 2603.743458918332, "total_p": 27418651.841244813, "total_T": 2980.72, "pitot_p": 27420521.16223694, "composition_massf": {"e-": 0.0, "N-": 0.0, "O2+": 0.0, "N": 0.0, "N2": 0.7531, "O+": 0.0, "N2O": 2.9684e-05, "N2+": 0.0, "O": 0.00059749, "O2": 0.21622, "NO": 0.02964, "O-": 0.0, "N+": 0.0, "NO2": 0.00041424, "NO+": 0.0}, "composition_moles": {"e-": 0.0, "N-": 0.0, "O2+": 0.0, "N": 0.0, "N2": 0.7752950695024524, "O+": 0.0, "N2O": 1.945017985676894e-05, "N2+": 0.0, "O": 0.0010769787685788216, "O2": 0.19486882570596398, "NO": 0.028487139614944958, "O-": 0.0, "N+": 0.0, "NO2": 0.00025967041679799156, "NO+": 0.0}}, "s8": {"state_name": "s8", "gmodel_type": "CEAGas", "rho": 0.042953, "p": 4417.345778648904, "T": 356.85, "a": 378.9, "h": 59472.0, "u": -43370.0, "s": 7969.299999999999, "gamma": 1.3963106381477783, "R": 288.19792027729636, "Cp": 1015.4000000000001, "molecular_mass": 0.02885, "v": 2580.805300676516, "M": 6.811309846071565, "Ht": 3389749.99993, "Ue": 2603.747299539646, "total_p": 27418924.799947217, "total_T": 2980.73, "pitot_p": 270886.2442356923, "unit_Re": 5212947.570183794, "k": 0.030230000000000003, "mu": 2.1265e-05, "composition_massf": {"e-": 0.0, "N-": 0.0, "O2+": 0.0, "N": 0.0, "N2": 0.76708, "O+": 0.0, "N2O": 0.0, "N2+": 0.0, "O": 0.0, "O2": 0.23292, "NO": 0.0, "O-": 0.0, "N+": 0.0, "NO2": 0.0, "NO+": 0.0}, "composition_moles": {"e-": 0.0, "N-": 0.0, "O2+": 0.0, "N": 0.0, "N2": 0.7899882913177266, "O+": 0.0, "N2O": 0.0, "N2+": 0.0, "O": 0.0, "O2": 0.20999981249296848, "NO": 0.0, "O-": 0.0, "N+": 0.0, "NO2": 0.0, "NO+": 0.0}}, "s10f": {"state_name": "s10f", "gmodel_type": "IdealGas", "rho": 0.2342274003949979, "p": 238040.79401510002, "T": 3526.3291677972943, "a": 1191.2361638046953, "h": 3580634.636981374, "u": 2564353.9046090245, "s": 2262.307998086757, "gamma": 1.3963106381477781, "R": 288.19792027729636, "Cp": 1015.4000000000002, "molecular_mass": 0.02885, "v": 473.26282976508213, "M": 0.3972871577819847, "Ht": null, "Ue": null, "total_p": 265323.2071895017, "total_T": 3636.6195499989226, "pitot_p": 265323.2071895017}, "s10e": {"state_name": "s10e", "gmodel_type": "CEAGas", "rho": 0.3019959969984473,