{"states_dict": {"s4": {"state_name": "s4", "gmodel_type": "CEAGas", "rho": 52.077, "p": 56806812.56914209, "T": 4111.735807880696, "a": 1154.9, "h": 2132000.0, "u": 1041170.0000000001, "s": 6032.0, "gamma": 1.1321611482519334, "R": 265.3002552648373, "Cp": 2272.7, "molecular_mass": 0.03134, "v": 0.0, "M": 0.0, "Ht": 4368410.0, "Ue": 2955.8112253660584, "total_p": 56798494.920901045, "total_T": 4111.71, "pitot_p": 56798494.920901045, "composition_massf": {"H2O": 0.11856, "OH": 0.025832, "Ar": 0.83332, "HO2": 0.00017759, "O": 0.0045407, "O2": 0.013617, "H2": 0.0033164, "H": 0.00059094, "H2O2": 3.6836e-05}, "composition_moles": {"H2O": 0.20625104910942266, "OH": 0.04760149911743989, "Ar": 0.6537561029338139, "HO2": 0.00016862224503237823, "O": 0.00889442966611248, "O2": 0.013336649499356227, "H2": 0.05155861261583031, "H": 0.018374168700517887, "H2O2": 3.3939470840237216e-05}}, "s1": {"state_name": "s1", "gmodel_type": "CEAGas", "rho": 1.4117, "p": 121297.03763010408, "T": 298.15, "a": 346.7, "h": 7.000000000000001e-05, "u": -85925.0, "s": 6832.5, "gamma": 1.398557725608831, "R": 288.19792027729636, "Cp": 1011.3000000000001, "molecular_mass": 0.02885, "v": 0.0, "M": 0.0, "Ht": null, "Ue": null, "total_p": 121307.66258918266, "total_T": 298.15, "pitot_p": 121307.66258918266, "composition_massf": {"e-": 0.0, "N-": 0.0, "O2+": 0.0, "N": 0.0, "N2": 0.76708, "O+": 0.0, "N2O": 0.0, "N2+": 0.0, "O": 0.0, "O2": 0.23292, "NO": 0.0, "O-": 0.0, "N+": 0.0, "NO2": 0.0, "NO+": 0.0}, "composition_moles": {"e-": 0.0, "N-": 0.0, "O2+": 0.0, "N": 0.0, "N2": 0.7899882913177266, "O+": 0.0, "N2O": 0.0, "N2+": 0.0, "O": 0.0, "O2": 0.20999981249296848, "NO": 0.0, "O-": 0.0, "N+": 0.0, "NO2": 0.0, "NO+": 0.0}}, "s2": {"state_name": "s2", "gmodel_type": "CEAGas", "rho": 9.082746719112242, "p": 6137900.0, "T": 2344.5998505486405, "a": 922.9, "h": 2462180.0, "u": 1786410.0, "s": 8051.4, "gamma": 1.2592275585503998, "R": 288.22789198183517, "Cp": 1400.1, "molecular_mass": 0.028847, "v": 1897.2414782697542, "M": 2.05573895142459, "Ht": 4261939.99993, "Ue": 2919.5684612387495, "total_p": 52225628.38765854, "total_T": 3530.46, "pitot_p": 34094698.37622134, "unit_Re": 222701075.39763588, "k": 0.14636000000000002, "mu": 7.7378e-05, "composition_massf": {"e-": 0.0, "N-": 0.0, "O2+": 0.0, "N": 0.0, "N2": 0.75887, "O+": 0.0, "N2O": 1.1105e-05, "N2+": 0.0, "O": 0.00020333, "O2": 0.22326, "NO": 0.017429, "O-": 0.0, "N+": 0.0, "NO2": 0.00021876, "NO+": 0.0}, "composition_moles": {"e-": 0.0, "N-": 0.0, "O2+": 0.0, "N": 0.0, "N2": 0.7814518369780177, "O+": 0.0, "N2O": 7.278472058128545e-06, "N2+": 0.0, "O": 0.00036660502956360866, "O2": 0.2012694607297774, "NO": 0.016755738433185254, "O-": 0.0, "N+": 0.0, "NO2": 0.000137169897512254, "NO+": 0.0}}, "s3": {"state_name": "s3", "gmodel_type": "CEAGas", "rho": 8.5166, "p": 6137900.000000003, "T": 2846.05, "a": 951.1, "h": 137890.0, "u": -582810.0, "s": 6032.0, "gamma": 1.213142643909282, "R": 253.22866540780896, "Cp": 1441.3, "molecular_mass": 0.032834, "v": 1897.23292882731, "M": 1.994777551074871, "Ht": 4174050.0, "Ue": 2889.3078755992756, "total_p": 47388316.66450424, "total_T": 3998.48, "pitot_p": 32282327.56567227, "composition_massf": {"H2O": 0.15642, "OH": 0.0048249, "Ar": 0.83332, "HO2": 8.3955e-06, "O": 0.00026583, "O2": 0.0042314, "H2": 0.00087852, "H": 4.5053e-05, "H2O2": 2.0861e-06}, "composition_moles": {"H2O": 0.28508545412560893, "OH": 0.00931484680143985, "Ar": 0.6849211194552919, "HO2": 8.351562347569012e-06, "O": 0.0005455368463817393, "O2": 0.004341843681638062, "H2": 0.014309048991011371, "H": 0.0014676173204754251, "H2O2": 2.013689601078123e-06}}, "s5": {"state_name": "s5", "gmodel_type": "CEAGas", "rho": 40.245, "p": 48355301.24869513, "T": 4105.87120214444, "a": 1208.0, "h": 5310720.0, "u": 4109200.0, "s": 8348.5, "gamma": 1.1768372699225358, "R": 292.64078558355624, "Cp": 1947.5, "molecular_mass": 0.028412, "v": 0.0, "M": 0.0, "Ht": 5310729.99993, "Ue": 3259.0581461305655, "total_p": 48351685.33866171, "total_T": 4105.87, "pitot_p": 48351685.33866171, "composition_massf": {"e-": 0.0, "N-": 0.0, "O2+": 0.0, "N": 4.941e-05, "N2": 0.71749, "O+": 0.0, "N2O": 0.00020163, "N2+": 0.0, "O": 0.017452, "O2": 0.15861, "NO": 0.10521, "O-": 0.0, "N+": 0.0, "NO2": 0.00097953, "NO+": 0.0}, "composition_moles": {"e-": 0.0, "N-": 0.0, "O2+": 0.0, "N": 0.00010022610036625328, "N2": 0.7276990968607879, "O+": 0.0, "N2O": 0.0001301601252362949, "N2+": 0.0, "O": 0.030991551183169368, "O2": 0.14083113491755941, "NO": 0.09962062780567951, "O-": 0.0, "N+": 0.0, "NO2": 0.0006049365045483692, "NO+": 0.0}}, "s5d": {"state_name": "s5d", "gmodel_type": "CEAGas", "rho": 37.763, "p": 45711222.71754181, "T": 4412.86979004876, "a": 1214.6, "h": 2985170.0, "u": 1774690.0, "s": 6290.5, "gamma": 1.1106167542032461, "R": 274.30668734122924, "Cp": 2754.1000000000004, "molecular_mass": 0.030311, "v": 0.0, "M": 0.0, "Ht": 5221590.0, "Ue": 3231.5909394600053, "total_p": 45714615.74713561, "total_T": 4412.89, "pitot_p": 45714615.74713561, "composition_massf": {"H2O": 0.096917, "OH": 0.036344, "Ar": 0.83332, "HO2": 0.0002407, "O": 0.0097934, "O2": 0.017638, "H2": 0.0044694, "H": 0.0012352, "H2O2": 3.7997e-05}, "composition_moles": {"H2O": 0.16306442014778566, "OH": 0.06477338513841671, "Ar": 0.6322910413537599, "HO2": 0.00022104145092790138, "O": 0.01855367997549908, "O2": 0.01670767085015688, "H2": 0.06720240460741711, "H": 0.03714521419925789, "H2O2": 3.3859706073965716e-05}}, "s6": {"state_name": "s6", "gmodel_type": "CEAGas", "rho": 25.07, "p": 27217900.03810819, "T": 3729.7, "a": 1148.4, "h": 4654140.0, "u": 3568480.0, "s": 8348.5, "gamma": 1.1850127025214097, "R": 291.0835317182468, "Cp": 1864.4, "molecular_mass": 0.028564, "v": 1148.4009351514148, "M": 1.0000008143080936, "Ht": 5313559.99993, "Ue": 3259.926379515341, "total_p": 48465821.64197826, "total_T": 4107.48, "pitot_p": 48465997.49202101, "composition_massf": {"e-": 0.0, "N-": 0.0, "O2+": 0.0, "N": 1.5778e-05, "N2": 0.72689, "O+": 0.0, "N2O": 0.00012002, "N2+": 0.0, "O": 0.011408, "O2": 0.17541, "NO": 0.085431, "O-": 0.0, "N+": 0.0, "NO2": 0.00072694, "NO+": 0.0}, "composition_moles": {"e-": 0.0, "N-": 0.0, "O2+": 0.0, "N": 3.217622937594152e-05, "N2": 0.7411769353238093, "O+": 0.0, "N2O": 7.789214228588047e-05, "N2+": 0.0, "O": 0.020366895758590946, "O2": 0.15658122304586425, "NO": 0.08132516668277451, "O-": 0.0, "N+": 0.0, "NO2": 0.00045134416884937676, "NO+": 0.0}}, "s8": {"state_name": "s8", "gmodel_type": "CEAGas", "rho": 0.052176, "p": 9608.88023924112, "T": 639.02, "a": 502.3, "h": 352300.0, "u": 168140.0, "s": 8348.5, "gamma": 1.369862873543482, "R": 288.19792027729636, "Cp": 1067.3999999999999, "molecular_mass": 0.02885, "v": 3150.000747278744, "M": 6.271154185305084, "Ht": 5313559.99993, "Ue": 3259.926379515341, "total_p": 48465735.333301954, "total_T": 4107.48, "pitot_p": 496250.77822430833, "unit_Re": 5118481.438493172, "k": 0.04691000000000001, "mu": 3.211e-05, "composition_massf": {"e-": 0.0, "N-": 0.0, "O2+": 0.0, "N": 0.0, "N2": 0.76708, "O+": 0.0, "N2O": 0.0, "N2+": 0.0, "O": 0.0, "O2": 0.23292, "NO": 0.0, "O-": 0.0, "N+": 0.0, "NO2": 0.0, "NO+": 0.0}, "composition_moles": {"e-": 0.0, "N-": 0.0, "O2+": 0.0, "N": 0.0, "N2": 0.7899882913177266, "O+": 0.0, "N2O": 0.0, "N2+": 0.0, "O": 0.0, "O2": 0.20999981249296848, "NO": 0.0, "O-": 0.0, "N+": 0.0, "NO2": 0.0, "NO+": 0.0}}, "s10f": {"state_name": "s10f", "gmodel_type": "IdealGas", "rho": 0.2939035889625273, "p": 435413.9645168032, "T": 5140.514891855405, "a": 1424.5814330770647, "h": 5486985.595566458, "u": 4005499.894579259, "s": 2619.0384208120427, "gamma": 1.3698628735434821, "R": 288.19792027729636, "Cp": 1067.3999999999999, "molecular_mass": 0.02885, "v": 559.2078439397361, "M": 0.39254185893175614, "Ht": null, "Ue": null, "total_p": 483166.79744255246, "total_T": 5286.9985959216365, "pitot_p": 483166.79744255246}, "s10e": {"state_name": "s10e", "gmodel_type": "CEAGas", "rho": 0.4219088622123294, "p": 463300.0,