{"states_dict": {"s4": {"state_name": "s4", "gmodel_type": "CEAGas", "rho": 33.429, "p": 37310000.0, "T": 3861.0, "a": 1256.6, "h": 3288120.0, "u": 2172010.0, "s": 6232.3, "gamma": 1.4148350213656617, "R": 289.06963807669575, "Cp": 985.9, "molecular_mass": 0.028763, "v": 0.0, "M": 0.0, "Ht": 3287120.0, "Ue": 2564.028080969473, "total_p": 37307663.26738406, "total_T": 3861.0, "pitot_p": 37307663.26738406, "composition_massf": {"Ar": 0.83332, "O2": 0.14796, "H2": 0.018713}, "composition_moles": {"Ar": 0.5999995784519876, "O2": 0.1329979086715752, "H2": 0.26700102139016213}}, "s1": {"state_name": "s1", "gmodel_type": "CEAGas", "rho": 0.20338, "p": 17475.28400007683, "T": 298.15, "a": 346.7, "h": 7.000000000000001e-05, "u": -85925.0, "s": 7390.900000000001, "gamma": 1.398557725608831, "R": 288.19792027729636, "Cp": 1011.3000000000001, "molecular_mass": 0.02885, "v": 0.0, "M": 0.0, "Ht": -10.11307, "Ue": null, "total_p": 17473.13615008918, "total_T": 298.14, "pitot_p": 17473.13615008918, "composition_massf": {"e-": 0.0, "N-": 0.0, "O2+": 0.0, "N": 0.0, "N2": 0.76708, "O+": 0.0, "N2O": 0.0, "N2+": 0.0, "O": 0.0, "O2": 0.23292, "NO": 0.0, "O-": 0.0, "N+": 0.0, "NO2": 0.0, "NO+": 0.0}, "composition_moles": {"e-": 0.0, "N-": 0.0, "O2+": 0.0, "N": 0.0, "N2": 0.7899882913177266, "O+": 0.0, "N2O": 0.0, "N2+": 0.0, "O": 0.0, "O2": 0.20999981249296848, "NO": 0.0, "O-": 0.0, "N+": 0.0, "NO2": 0.0, "NO+": 0.0}}, "s2": {"state_name": "s2", "gmodel_type": "CEAGas", "rho": 1.4673901355463517, "p": 1288900.0, "T": 3025.8646390492945, "a": 1031.2, "h": 3559090.0, "u": 2680700.0, "s": 8909.800000000001, "gamma": 1.182859310316167, "R": 290.29083164583477, "Cp": 1877.8, "molecular_mass": 0.028642, "v": 2320.606926973487, "M": 2.250394614985926, "Ht": 6251699.99993, "Ue": 3536.0147058319767, "total_p": 15279239.07852495, "total_T": 4423.34, "pitot_p": 8210975.998292334, "unit_Re": 36709382.21600901, "k": 0.26691, "mu": 9.2762e-05, "composition_massf": {"e-": 0.0, "N-": 0.0, "O2+": 0.0, "N": 1.9515e-06, "N2": 0.74517, "O+": 0.0, "N2O": 1.379e-05, "N2+": 0.0, "O": 0.0081285, "O2": 0.19973, "NO": 0.046817, "O-": 0.0, "N+": 0.0, "NO2": 0.00013623, "NO+": 0.0}, "composition_moles": {"e-": 0.0, "N-": 0.0, "O2+": 0.0, "N": 3.990580436505387e-06, "N2": 0.761891064276382, "O+": 0.0, "N2O": 8.974052548349572e-06, "N2+": 0.0, "O": 0.014551576746627999, "O2": 0.17877753728264809, "NO": 0.04468866377169975, "O-": 0.0, "N+": 0.0, "NO2": 8.481376487593874e-05, "NO+": 0.0}}, "s3": {"state_name": "s3", "gmodel_type": "CEAGas", "rho": 3.253, "p": 1288900.0, "T": 1370.67, "a": 764.9, "h": 929500.0, "u": 533270.0, "s": 6232.3, "gamma": 1.4765954950054896, "R": 289.06963807669575, "Cp": 895.5999999999999, "molecular_mass": 0.028763, "v": 2320.6073142231207, "M": 3.0338701977031257, "Ht": 3621110.0, "Ue": 2691.1373060473893, "total_p": 49703289.39889787, "total_T": 4198.37, "pitot_p": 16612299.79403854, "composition_massf": {"Ar": 0.83332, "O2": 0.14796, "H2": 0.018713}, "composition_moles": {"Ar": 0.5999995784519876, "O2": 0.1329979086715752, "H2": 0.26700102139016213}}, "s5": {"state_name": "s5", "gmodel_type": "CEAGas", "rho": 7.316, "p": 11172221.197703028, "T": 4894.627376922189, "a": 1362.7, "h": 7602200.0, "u": 6075110.0, "s": 9295.400000000001, "gamma": 1.1317126208166204, "R": 311.9891181988743, "Cp": 2680.7, "molecular_mass": 0.02665, "v": 0.0, "M": 0.0, "Ht": 7602209.99993, "Ue": 3899.284549742427, "total_p": 11173389.891258733, "total_T": 4894.65, "pitot_p": 11173389.891258733, "composition_massf": {"e-": 0.0, "N-": 0.0, "O2+": 0.0, "N": 0.0010529, "N2": 0.71258, "O+": 0.0, "N2O": 0.00010908, "N2+": 0.0, "O": 0.090515, "O2": 0.081289, "NO": 0.11416, "O-": 1.2277e-06, "N+": 0.0, "NO2": 0.00028566, "NO+": 9.4365e-06}, "composition_moles": {"e-": 0.0, "N-": 0.0, "O2+": 0.0, "N": 0.002003311629434485, "N2": 0.6778990411731527, "O+": 0.0, "N2O": 6.604855860113422e-05, "N2+": 0.0, "O": 0.1507697007387777, "O2": 0.0677010341012788, "NO": 0.10139151705819817, "O-": 2.0448943817232013e-06, "N+": 0.0, "NO2": 0.00016547671474062884, "NO+": 8.381206585658678e-06}}, "s5d": {"state_name": "s5d", "gmodel_type": "CEAGas", "rho": 14.378, "p": 23929542.614536315, "T": 5757.386215926235, "a": 1522.9, "h": 5196800.0, "u": 3532500.0, "s": 6762.3, "gamma": 1.393543484465083, "R": 289.06963807669575, "Cp": 1023.6, "molecular_mass": 0.028763, "v": 0.0, "M": 0.0, "Ht": 5195800.0, "Ue": 3223.6004715224867, "total_p": 23930404.11319256, "total_T": 5757.39, "pitot_p": 23930404.11319256, "composition_massf": {"Ar": 0.83332, "O2": 0.14796, "H2": 0.018713}, "composition_moles": {"Ar": 0.5999995784519876, "O2": 0.1329979086715752, "H2": 0.26700102139016213}}, "s6": {"state_name": "s6", "gmodel_type": "CEAGas", "rho": 4.6113, "p": 6390181.921512479, "T": 4498.97, "a": 1292.2, "h": 6789320.0, "u": 5403550.0, "s": 9295.400000000001, "gamma": 1.1244657119822967, "R": 308.02467306338684, "Cp": 2782.7999999999997, "molecular_mass": 0.026993, "v": 1292.200940076986, "M": 1.00000072750115, "Ht": 7624199.99993, "Ue": 3904.9199735538755, "total_p": 11335465.979638454, "total_T": 4905.57, "pitot_p": 11335777.653708266, "composition_massf": {"e-": 0.0, "N-": 0.0, "O2+": 0.0, "N": 0.00048389, "N2": 0.71732, "O+": 0.0, "N2O": 7.4083e-05, "N2+": 0.0, "O": 0.075858, "O2": 0.10071, "NO": 0.10531, "O-": 0.0, "N+": 0.0, "NO2": 0.00024561, "NO+": 4.0044e-06}, "composition_moles": {"e-": 0.0, "N-": 0.0, "O2+": 0.0, "N": 0.0009325282022175102, "N2": 0.6911913141567962, "O+": 0.0, "N2O": 4.5435019335284284e-05, "N2+": 0.0, "O": 0.12798198644949185, "O2": 0.08495521800817529, "NO": 0.09473516484981387, "O-": 0.0, "N+": 0.0, "NO2": 0.00014410778559085326, "NO+": 3.6023590354683497e-06}}, "s8": {"state_name": "s8", "gmodel_type": "CEAGas", "rho": 0.0092528, "p": 2928.5389338285318, "T": 1098.23, "a": 648.1, "h": 867030.0, "u": 550530.0, "s": 9295.400000000001, "gamma": 1.3279067451612172, "R": 288.19792027729636, "Cp": 1167.1000000000001, "molecular_mass": 0.02885, "v": 3676.188687966907, "M": 5.672255343260155, "Ht": 7624199.99993, "Ue": 3904.9199735538755, "total_p": 11335464.94462793, "total_T": 4905.57, "pitot_p": 121339.61637694485, "unit_Re": 733383.0381410534, "k": 0.07159, "mu": 4.6381e-05, "composition_massf": {"e-": 0.0, "N-": 0.0, "O2+": 0.0, "N": 0.0, "N2": 0.76704, "O+": 0.0, "N2O": 0.0, "N2+": 0.0, "O": 0.0, "O2": 0.23287, "NO": 8.7086e-05, "O-": 0.0, "N+": 0.0, "NO2": 0.0, "NO+": 0.0}, "composition_moles": {"e-": 0.0, "N-": 0.0, "O2+": 0.0, "N": 0.0, "N2": 0.7899470967465572, "O+": 0.0, "N2O": 0.0, "N2+": 0.0, "O": 0.0, "O2": 0.20995473267747541, "NO": 8.373067809545393e-05, "O-": 0.0, "N+": 0.0, "NO2": 0.0, "NO+": 0.0}}, "s10f": {"state_name": "s10f", "gmodel_type": "IdealGas", "rho": 0.05533009077557067, "p": 107061.7515894326, "T": 6714.012093636632, "a": 1602.389628023662, "h": 7852708.544717403, "u": 5917744.222614709, "s": 3626.6781032984695, "gamma": 1.326976673765015, "R": 288.19792027729636, "Cp": 1169.5999999999997, "molecular_mass": 0.02885, "v": 614.7566966703491, "M": 0.38364994750282494, "Ht": null, "Ue": null, "total_p": 117908.201211497, "total_T": 6875.574078973945, "pitot_p": 117908.201211497}, "s10e": {"state_name": "s10e", "gmodel_type": "CEAGas", "rho": 0.08483673634798343, "p": 114340.0, "T": 4055.3655312161563, "a": 1274.9, "h": 7543840.0, "u": 6196090.0, "s": 10760.199999999999, "gamma": 1.3314267459200757, "R": 332.3411143976337, "Cp": 1335.1, "molecular_mass": 0.025018000000000002, "v": 400.94704436174055, "M": 0.3144929362002828, "Ht": 7624219.99993, "Ue": 3904.9250952944026, "total_p": 121339.61637694485, "total_T": 4090.46, "pitot_p": 121339.61637694485, "unit_Re": 280143.62289590016, "k": 0.54228, "mu": 0.00012142, "composition_massf": {"e-": 0.0, "N-": 0.0, "O2+": 0.0, "N": 0.00092289, "N2": 0.7427, "O+": 0.0, "N2O": 4.4497e-06, "N2+": 0.0, "O": 0.16883, "O2": 0.037289, "NO": 0.050237, "O-": 0.0, "N+": 0.0, "NO2": 1.053e-05, "NO+": 4.6158e-06}, "composition_moles": {"e-": 0.0, "N-": 0.0,