driver_condition,area_ratio,test_gas_gas_model,test_gas_name,p1,vs1,Ht,h,Ue,pitot_p,total_p,p2,T2,rho2,v2,M2,a2,gamma2,R2,Ht2,h2,p3,T3,rho3,v3,M3,a3,p5,T5,rho5,v5,M5,a5,p5d,T5d,rho5d,v5d,M5d,a5d,p8,T8,rho8,v8,M8,a8,gamma8,R8,unit_Re8,p10f,T10f,rho10f,v10f,M10f,a10f,p10e,T10e,rho10e,v10e,M10e,a10e,unit_Re10e,s2 Xe-,s2 XN-,s2 XO2+,s2 XN,s2 XN2,s2 XO+,s2 XN2O,s2 XN2+,s2 XO,s2 XO2,s2 XNO,s2 XO-,s2 XN+,s2 XNO2,s2 XNO+,s8 Xe-,s8 XN-,s8 XO2+,s8 XN,s8 XN2,s8 XO+,s8 XN2O,s8 XN2+,s8 XO,s8 XO2,s8 XNO,s8 XO-,s8 XN+,s8 XNO2,s8 XNO+,s10e Xe-,s10e XN-,s10e XO2+,s10e XN,s10e XN2,s10e XO+,s10e XN2O,s10e XN2+,s10e XO,s10e XO2,s10e XNO,s10e XO-,s10e XN+,s10e XNO2,s10e XNO+
custom_from_dict,175.0,CEAGas,n2-o2-with-ions,20140.12736945978,2420.1065298641256,6139699.99993,526040.0,3504.1974829994956,102648.91433959726,9779727.419461532,1188800.0,2613.5228555308886,1.5759015690274125,2060.154626342044,2.130680138940991,966.9,1.2299608823858248,288.638130944942,4985799.99993,2863680.0,1188799.999999999,1531.34,2.5561,2060.0384933402197,2.505824709086753,822.1,9672619.68511358,4312.123738429906,7.4436,0.0,0.0,1250.3,15525742.726145769,4867.261466911854,10.503,0.0,0.0,1429.7,2179.8620048002135,798.87,0.0094682,3350.7153337114814,6.0048661894471,558.0,1.3523623761599983,288.19792027729636,847973.7771001268,90053.1983355152,5721.080375282957,0.05461730290977335,580.857136732633,0.38899611211319557,1493.220931122332,96466.0,3626.133839129675,0.08376502561615272,378.7409206800189,0.32607913962980534,1161.5,289041.93624860654,0.0,0.0,0.0,0.0,0.7754567714022575,0.0,5.078395280463866e-06,0.0,0.003165718076927885,0.19472686038226436,0.02658157288018103,0.0,0.0,7.067896838421494e-05,0.0,0.0,0.0,0.0,0.0,0.7899882913177266,0.0,0.0,0.0,0.0,0.20999981249296848,1.967073861648132e-06,0.0,0.0,0.0,0.0,0.0,0.0,0.0,0.0003343082096425282,0.691942855918953,0.0,2.704916115311909e-06,0.0,0.18480500518769455,0.07338692825980975,0.04951202055582032,0.0,0.0,1.172780689265414e-05,0.0