{"states_dict": {"s4": {"state_name": "s4", "gmodel_type": "CEAGas", "rho": 10.735, "p": 10882014.829126673, "T": 3337.497707925916, "a": 1193.2, "h": 2992260.0, "u": 1978610.0, "s": 6840.900000000001, "gamma": 1.4045304829614758, "R": 303.7152980713033, "Cp": 1054.5, "molecular_mass": 0.027376, "v": 512.5705401542693, "M": 0.4295763829653615, "Ht": 3122630.0, "Ue": 2499.05182019101, "total_p": 12358555.834093075, "total_T": 3461.85, "pitot_p": 12358555.834093075, "composition_massf": {"Ar": 0.80258, "O2": 0.17533, "H2": 0.022091}, "composition_moles": {"Ar": 0.5500007529788725, "O2": 0.15000044001650065, "H2": 0.2999996110879616}}, "s1": {"state_name": "s1", "gmodel_type": "CEAGas", "rho": 0.23439, "p": 20140.12736945978, "T": 298.15, "a": 346.7, "h": 7.000000000000001e-05, "u": -85925.0, "s": 7350.0, "gamma": 1.398557725608831, "R": 288.19792027729636, "Cp": 1011.3000000000001, "molecular_mass": 0.02885, "v": 0.0, "M": 0.0, "Ht": -10.11307, "Ue": null, "total_p": 20137.274867903765, "total_T": 298.14, "pitot_p": 20137.274867903765, "composition_massf": {"e-": 0.0, "N-": 0.0, "O2+": 0.0, "N": 0.0, "N2": 0.76708, "O+": 0.0, "N2O": 0.0, "N2+": 0.0, "O": 0.0, "O2": 0.23292, "NO": 0.0, "O-": 0.0, "N+": 0.0, "NO2": 0.0, "NO+": 0.0}, "composition_moles": {"e-": 0.0, "N-": 0.0, "O2+": 0.0, "N": 0.0, "N2": 0.7899882913177266, "O+": 0.0, "N2O": 0.0, "N2+": 0.0, "O": 0.0, "O2": 0.20999981249296848, "NO": 0.0, "O-": 0.0, "N+": 0.0, "NO2": 0.0, "NO+": 0.0}}, "s2": {"state_name": "s2", "gmodel_type": "CEAGas", "rho": 1.5885071280549776, "p": 1221900.0, "T": 2664.078617932789, "a": 975.0, "h": 2942020.0, "u": 2172780.0, "s": 8708.4, "gamma": 1.2249254391799518, "R": 288.74839381837126, "Cp": 1572.5, "molecular_mass": 0.028795, "v": 2090.6639934283535, "M": 2.1442707624906188, "Ht": 5127469.99993, "Ue": 3202.3335241445416, "total_p": 12141793.355887298, "total_T": 3914.4, "pitot_p": 7240607.055681278, "unit_Re": 39243668.091707334, "k": 0.1896, "mu": 8.4626e-05, "composition_massf": {"e-": 0.0, "N-": 0.0, "O2+": 0.0, "N": 0.0, "N2": 0.7531, "O+": 0.0, "N2O": 8.4878e-06, "N2+": 0.0, "O": 0.0021619, "O2": 0.21475, "NO": 0.029856, "O-": 0.0, "N+": 0.0, "NO2": 0.00011728, "NO+": 0.0}, "composition_moles": {"e-": 0.0, "N-": 0.0, "O2+": 0.0, "N": 0.0, "N2": 0.7741121927363332, "O+": 0.0, "N2O": 5.553070947542533e-06, "N2+": 0.0, "O": 0.003890890314636799, "O2": 0.1932486921384552, "NO": 0.028650958305144622, "O-": 0.0, "N+": 0.0, "NO2": 7.340595363597831e-05, "NO+": 0.0}}, "s3": {"state_name": "s3", "gmodel_type": "CEAGas", "rho": 2.3118, "p": 1221899.9999999993, "T": 1740.28, "a": 873.9, "h": 1357360.0, "u": 828810.0, "s": 6840.900000000001, "gamma": 1.44501407462029, "R": 303.7152980713033, "Cp": 986.1999999999999, "molecular_mass": 0.027376, "v": 2090.633942150828, "M": 2.3923034010193707, "Ht": 3541730.0, "Ue": 2661.477033528563, "total_p": 18026421.09335838, "total_T": 3855.57, "pitot_p": 9848560.863680147, "composition_massf": {"Ar": 0.80258, "O2": 0.17533, "H2": 0.022091}, "composition_moles": {"Ar": 0.5500007529788725, "O2": 0.15000044001650065, "H2": 0.2999996110879616}}, "s5": {"state_name": "s5", "gmodel_type": "CEAGas", "rho": 7.5562, "p": 10012077.366559155, "T": 4381.365854906536, "a": 1263.1, "h": 6290470.0, "u": 4965470.0, "s": 9046.099999999999, "gamma": 1.133203768226177, "R": 302.42279853053503, "Cp": 2572.8, "molecular_mass": 0.027493, "v": 0.0, "M": 0.0, "Ht": 6290469.99993, "Ue": 3546.962080409093, "total_p": 10011021.366652243, "total_T": 4381.35, "pitot_p": 10011021.366652243, "composition_massf": {"e-": 0.0, "N-": 0.0, "O2+": 0.0, "N": 0.00026994, "N2": 0.71624, "O+": 0.0, "N2O": 9.486e-05, "N2+": 0.0, "O": 0.054595, "O2": 0.12046, "NO": 0.10798, "O-": 0.0, "N+": 0.0, "NO2": 0.00035957, "NO+": 2.3386e-06}, "composition_moles": {"e-": 0.0, "N-": 0.0, "O2+": 0.0, "N": 0.0005298507442866627, "N2": 0.7029345356150984, "O+": 0.0, "N2O": 5.925517076850371e-05, "N2+": 0.0, "O": 0.0938147889920872, "O2": 0.10349784304411415, "NO": 0.09893635427463082, "O-": 0.0, "N+": 0.0, "NO2": 0.00021487991674908435, "NO+": 2.14277448005838e-06}}, "s5d": {"state_name": "s5d", "gmodel_type": "CEAGas", "rho": 9.3165, "p": 14660620.10699097, "T": 5181.216076372966, "a": 1473.3, "h": 4985150.0, "u": 3411530.0, "s": 7225.0, "gamma": 1.379366851926623, "R": 303.7152980713033, "Cp": 1104.3, "molecular_mass": 0.027376, "v": 0.0, "M": 0.0, "Ht": 4984150.0, "Ue": 3157.2614715921136, "total_p": 14659410.7594016, "total_T": 5181.22, "pitot_p": 14659410.7594016, "composition_massf": {"Ar": 0.80258, "O2": 0.17533, "H2": 0.022091}, "composition_moles": {"Ar": 0.5500007529788725, "O2": 0.15000044001650065, "H2": 0.2999996110879616}}, "s6": {"state_name": "s6", "gmodel_type": "CEAGas", "rho": 4.7423, "p": 5723552.572466471, "T": 4034.43, "a": 1202.1, "h": 5583340.0, "u": 4376430.0, "s": 9046.099999999999, "gamma": 1.1333425507359898, "R": 299.14765776786356, "Cp": 2542.6000000000004, "molecular_mass": 0.027794, "v": 1202.1006394591386, "M": 1.0000005319517, "Ht": 6305849.99993, "Ue": 3551.2955382310834, "total_p": 10127863.3001997, "total_T": 4388.95, "pitot_p": 10127804.192822797, "composition_massf": {"e-": 0.0, "N-": 0.0, "O2+": 0.0, "N": 0.00011329, "N2": 0.72263, "O+": 0.0, "N2O": 6.1594e-05, "N2+": 0.0, "O": 0.042168, "O2": 0.14002, "NO": 0.094712, "O-": 0.0, "N+": 0.0, "NO2": 0.00028903, "NO+": 0.0}, "composition_moles": {"e-": 0.0, "N-": 0.0, "O2+": 0.0, "N": 0.0002248054331141525, "N2": 0.7169703863151206, "O+": 0.0, "N2O": 3.889649456521739e-05, "N2+": 0.0, "O": 0.0732538340187757, "O2": 0.12162068202557597, "NO": 0.08772967256657813, "O-": 0.0, "N+": 0.0, "NO2": 0.00017461607459977614, "NO+": 0.0}}, "s8": {"state_name": "s8", "gmodel_type": "CEAGas", "rho": 0.0096001, "p": 2296.858220975024, "T": 830.18, "a": 568.2, "h": 560790.0, "u": 321540.0, "s": 9046.099999999999, "gamma": 1.3492452665341572, "R": 288.19792027729636, "Cp": 1113.3999999999999, "molecular_mass": 0.02885, "v": 3389.711779397781, "M": 5.9657018292815565, "Ht": 6305869.99993, "Ue": 3551.301169974183, "total_p": 10127894.869475897, "total_T": 4388.96, "pitot_p": 106581.07461519878, "unit_Re": 847348.5067544171, "k": 0.057370000000000004, "mu": 3.8404e-05, "composition_massf": {"e-": 0.0, "N-": 0.0, "O2+": 0.0, "N": 0.0, "N2": 0.76708, "O+": 0.0, "N2O": 0.0, "N2+": 0.0, "O": 0.0, "O2": 0.23292, "NO": 3.4375e-06, "O-": 0.0, "N+": 0.0, "NO2": 0.0, "NO+": 0.0}, "composition_moles": {"e-": 0.0, "N-": 0.0, "O2+": 0.0, "N": 0.0, "N2": 0.7899882913177266, "O+": 0.0, "N2O": 0.0, "N2+": 0.0, "O": 0.0, "O2": 0.20999981249296848, "NO": 3.3050571383818624e-06, "O-": 0.0, "N+": 0.0, "NO2": 0.0, "NO+": 0.0}}, "s10f": {"state_name": "s10f", "gmodel_type": "IdealGas", "rho": 0.055631067341869324, "p": 93567.33288144734, "T": 5836.009837010616, "a": 1506.4061144622033, "h": 6498396.953511321, "u": 4816471.055767018, "s": 3334.7337466998765, "gamma": 1.34920294926935, "R": 288.19792027729636, "Cp": 1113.5, "molecular_mass": 0.02885, "v": 584.9469209812328, "M": 0.3883062577650666, "Ht": null, "Ue": null, "total_p": 103449.4415773908, "total_T": 5989.652809783593, "pitot_p": 103449.4415773908}, "s10e": {"state_name": "s10e", "gmodel_type": "CEAGas", "rho": 0.08547037652160104, "p": 100220.0, "T": 3672.719117673099, "a": 1173.3, "h": 6233380.0, "u": 5060840.0, "s": 10463.1, "gamma": 1.3172182182989873, "R": 319.26083784510234, "Cp": 1325.7, "molecular_mass": 0.026043, "v": 380.7350965064763, "M": 0.32449935779977523, "Ht": 6305849.99993, "Ue": 3551.2955382310834, "total_p": 106581.07461519878, "total_T": 3699.98, "pitot_p": 106581.07461519878, "unit_Re": 293088.1027956105, "k": 0.6829200000000001, "mu": 0.00011103000000000001, "composition_massf": {"e-": 0.0, "N-": 0.0, "O2+": 0.0, "N": 0.00021568, "N2": 0.74034, "O+": 0.0, "N2O": 4.6445e-06, "N2+": 0.0, "O": 0.1193, "O2": 0.08331, "NO": 0.056801, "O-": 0.0, "N+": 0.0, "NO2": 1.9788e-05, "NO+": 1.1498e-06}, "composition_moles": {"e-": 0.0, "N-": 0.0, "O2+": 0.0,