{"states_dict": {"s4": {"state_name": "s4", "gmodel_type": "CEAGas", "rho": 16.185, "p": 19463207.242990397, "T": 3959.495250654715, "a": 1295.0, "h": 3654120.0, "u": 2451560.0, "s": 6846.099999999999, "gamma": 1.3946483048716358, "R": 303.7152980713033, "Cp": 1073.3, "molecular_mass": 0.027376, "v": 0.0, "M": 0.0, "Ht": 3653110.0, "Ue": 2703.002034775409, "total_p": 19464177.009000383, "total_T": 3959.49, "pitot_p": 19464177.009000383, "composition_massf": {"Ar": 0.80258, "O2": 0.17533, "H2": 0.022091}, "composition_moles": {"Ar": 0.5500007529788725, "O2": 0.15000044001650065, "H2": 0.2999996110879616}}, "s1": {"state_name": "s1", "gmodel_type": "CEAGas", "rho": 0.23439, "p": 20140.12736945978, "T": 298.15, "a": 346.7, "h": 7.000000000000001e-05, "u": -85925.0, "s": 7350.0, "gamma": 1.398557725608831, "R": 288.19792027729636, "Cp": 1011.3000000000001, "molecular_mass": 0.02885, "v": 0.0, "M": 0.0, "Ht": -10.11307, "Ue": null, "total_p": 20137.274867903765, "total_T": 298.14, "pitot_p": 20137.274867903765, "composition_massf": {"e-": 0.0, "N-": 0.0, "O2+": 0.0, "N": 0.0, "N2": 0.76708, "O+": 0.0, "N2O": 0.0, "N2+": 0.0, "O": 0.0, "O2": 0.23292, "NO": 0.0, "O-": 0.0, "N+": 0.0, "NO2": 0.0, "NO+": 0.0}, "composition_moles": {"e-": 0.0, "N-": 0.0, "O2+": 0.0, "N": 0.0, "N2": 0.7899882913177266, "O+": 0.0, "N2O": 0.0, "N2+": 0.0, "O": 0.0, "O2": 0.20999981249296848, "NO": 0.0, "O-": 0.0, "N+": 0.0, "NO2": 0.0, "NO+": 0.0}}, "s2": {"state_name": "s2", "gmodel_type": "CEAGas", "rho": 1.5908620807250535, "p": 1228200.0, "T": 2673.464312964902, "a": 976.5, "h": 2956710.0, "u": 2184710.0, "s": 8712.5, "gamma": 1.223984939566568, "R": 288.76845066509225, "Cp": 1578.0, "molecular_mass": 0.028793, "v": 2096.347933878396, "M": 2.1467976793429555, "Ht": 5154039.99993, "Ue": 3210.6198778211037, "total_p": 12252841.856133608, "total_T": 3927.34, "pitot_p": 7288617.612676912, "unit_Re": 39310683.2633574, "k": 0.19105000000000003, "mu": 8.4837e-05, "composition_massf": {"e-": 0.0, "N-": 0.0, "O2+": 0.0, "N": 0.0, "N2": 0.75291, "O+": 0.0, "N2O": 8.6272e-06, "N2+": 0.0, "O": 0.0022444, "O2": 0.21445, "NO": 0.030265, "O-": 0.0, "N+": 0.0, "NO2": 0.00011809, "NO+": 0.0}, "composition_moles": {"e-": 0.0, "N-": 0.0, "O2+": 0.0, "N": 0.0, "N2": 0.7738631379982436, "O+": 0.0, "N2O": 5.643880180311182e-06, "N2+": 0.0, "O": 0.004039089540857782, "O2": 0.19296532526219734, "NO": 0.029041433075274695, "O-": 0.0, "N+": 0.0, "NO2": 7.390780167588659e-05, "NO+": 0.0}}, "s3": {"state_name": "s3", "gmodel_type": "CEAGas", "rho": 2.3078, "p": 1228200.0000000002, "T": 1752.25, "a": 876.8, "h": 1369160.0, "u": 836980.0, "s": 6846.099999999999, "gamma": 1.4445581073666984, "R": 303.7152980713033, "Cp": 986.9, "molecular_mass": 0.027376, "v": 2096.3597137308507, "M": 2.3909212063536165, "Ht": 3565520.0, "Ue": 2670.4007189933122, "total_p": 18083030.658210084, "total_T": 3877.79, "pitot_p": 9889291.58488992, "composition_massf": {"Ar": 0.80258, "O2": 0.17533, "H2": 0.022091}, "composition_moles": {"Ar": 0.5500007529788725, "O2": 0.15000044001650065, "H2": 0.2999996110879616}}, "s5": {"state_name": "s5", "gmodel_type": "CEAGas", "rho": 7.5773, "p": 10076350.593986955, "T": 4394.311363844213, "a": 1265.5, "h": 6321500.0, "u": 4991680.0, "s": 9051.199999999999, "gamma": 1.1330272592757682, "R": 302.6209281164695, "Cp": 2577.5, "molecular_mass": 0.027475000000000003, "v": 0.0, "M": 0.0, "Ht": 6321489.99993, "Ue": 3555.6968374511343, "total_p": 10076577.524521563, "total_T": 4394.31, "pitot_p": 10076577.524521563, "composition_massf": {"e-": 0.0, "N-": 0.0, "O2+": 0.0, "N": 0.00027994, "N2": 0.71607, "O+": 0.0, "N2O": 9.5531e-05, "N2+": 0.0, "O": 0.055365, "O2": 0.11951, "NO": 0.10831, "O-": 0.0, "N+": 0.0, "NO2": 0.00035896, "NO+": 2.4304e-06}, "composition_moles": {"e-": 0.0, "N-": 0.0, "O2+": 0.0, "N": 0.0005491194571169512, "N2": 0.7023075831566322, "O+": 0.0, "N2O": 5.9635247587065596e-05, "N2+": 0.0, "O": 0.0950756512744228, "O2": 0.10261438710201634, "NO": 0.09917374300558887, "O-": 0.0, "N+": 0.0, "NO2": 0.0002143749334318723, "NO+": 2.2254295250178273e-06}}, "s5d": {"state_name": "s5d", "gmodel_type": "CEAGas", "rho": 9.301, "p": 14716959.53433441, "T": 5209.796606239357, "a": 1477.2, "h": 5016710.0, "u": 3434420.0, "s": 7229.9, "gamma": 1.3790827475114884, "R": 303.7152980713033, "Cp": 1104.9, "molecular_mass": 0.027376, "v": 0.0, "M": 0.0, "Ht": 5015710.0, "Ue": 3167.2417021755696, "total_p": 14716216.52679235, "total_T": 5209.79, "pitot_p": 14716216.52679235, "composition_massf": {"Ar": 0.80258, "O2": 0.17533, "H2": 0.022091}, "composition_moles": {"Ar": 0.5500007529788725, "O2": 0.15000044001650065, "H2": 0.2999996110879616}}, "s6": {"state_name": "s6", "gmodel_type": "CEAGas", "rho": 4.7561, "p": 5760659.813287738, "T": 4046.33, "a": 1204.3, "h": 5611740.0, "u": 4400540.0, "s": 9051.199999999999, "gamma": 1.1329667860818222, "R": 299.3307412607553, "Cp": 2550.5, "molecular_mass": 0.027777, "v": 1204.3001082321096, "M": 1.0000000898713854, "Ht": 6336889.99993, "Ue": 3560.02528078945, "total_p": 10193870.774726614, "total_T": 4401.92, "pitot_p": 10193918.915849622, "composition_massf": {"e-": 0.0, "N-": 0.0, "O2+": 0.0, "N": 0.00011785, "N2": 0.72243, "O+": 0.0, "N2O": 6.2104e-05, "N2+": 0.0, "O": 0.042863, "O2": 0.13911, "NO": 0.095131, "O-": 0.0, "N+": 0.0, "NO2": 0.00028898, "NO+": 0.0}, "composition_moles": {"e-": 0.0, "N-": 0.0, "O2+": 0.0, "N": 0.00023371097046413503, "N2": 0.7163335443037975, "O+": 0.0, "N2O": 3.919457085211575e-05, "N2+": 0.0, "O": 0.07441563752390715, "O2": 0.12075635555083317, "NO": 0.08806388657639613, "O-": 0.0, "N+": 0.0, "NO2": 0.00017447908315310127, "NO+": 0.0}}, "s8": {"state_name": "s8", "gmodel_type": "CEAGas", "rho": 0.0096252, "p": 2319.213483472963, "T": 836.08, "a": 570.0, "h": 567360.0, "u": 326410.0, "s": 9051.199999999999, "gamma": 1.348695940818429, "R": 288.19792027729636, "Cp": 1114.7, "molecular_mass": 0.02885, "v": 3396.924896238931, "M": 5.959517361822686, "Ht": 6336919.99993, "Ue": 3560.033707685926, "total_p": 10193875.015482549, "total_T": 4401.93, "pitot_p": 107311.74405651311, "unit_Re": 847290.1995718717, "k": 0.05769, "mu": 3.8589000000000006e-05, "composition_massf": {"e-": 0.0, "N-": 0.0, "O2+": 0.0, "N": 0.0, "N2": 0.76708, "O+": 0.0, "N2O": 0.0, "N2+": 0.0, "O": 0.0, "O2": 0.23291, "NO": 3.7741e-06, "O-": 0.0, "N+": 0.0, "NO2": 0.0, "NO+": 0.0}, "composition_moles": {"e-": 0.0, "N-": 0.0, "O2+": 0.0, "N": 0.0, "N2": 0.7899882913177266, "O+": 0.0, "N2O": 0.0, "N2+": 0.0, "O": 0.0, "O2": 0.20999079652986988, "NO": 3.6286883333722147e-06, "O-": 0.0, "N+": 0.0, "NO2": 0.0, "NO+": 0.0}}, "s10f": {"state_name": "s10f", "gmodel_type": "IdealGas", "rho": 0.055824992540706865, "p": 94234.3207753128, "T": 5857.19372432054, "a": 1508.806888134564, "h": 6530185.283244971, "u": 4842154.23323456, "s": 3340.8901264014885, "gamma": 1.3486115825110359, "R": 288.19792027729636, "Cp": 1114.9000000000003, "molecular_mass": 0.02885, "v": 585.6785536434888, "M": 0.38817330319031174, "Ht": null, "Ue": null, "total_p": 104175.45005680449, "total_T": 6011.027865587885, "pitot_p": 104175.45005680449}, "s10e": {"state_name": "s10e", "gmodel_type": "CEAGas", "rho": 0.0857864442361759, "p": 100930.00000000001, "T": 3681.4814628125955, "a": 1175.5, "h": 6264270.0, "u": 5087800.0, "s": 10469.300000000001, "gamma": 1.3175567131469528, "R": 319.56760704127913, "Cp": 1325.9, "molecular_mass": 0.026018, "v": 381.1334273427213, "M": 0.32423090373689606, "Ht": 6336909.99993, "Ue": 3560.03089872265, "total_p": 107311.74405651311, "total_T": 3708.84, "pitot_p": 107311.74405651311, "unit_Re": 293870.9465331562, "k": 0.6810200000000001, "mu": 0.00011126, "composition_massf": {"e-": 0.0, "N-": 0.0, "O2+": 0.0, "N": 0.0002233, "N2": 0.74034, "O+": 0.0, "N2O": 4.6614e-06, "N2+": 0.0, "O": 0.12049, "O2": 0.082129, "NO": 0.056794, "O-": 0.0, "N+": 0.0, "NO2": 1.9628e-05, "NO+": 1.1902e-06}, "composition_moles": {"e-": 0.0, "N-": 0.0, "O2+": 0.0,