{"states_dict": {"s4": {"state_name": "s4", "gmodel_type": "CEAGas", "rho": 19.232, "p": 21109169.128438164, "T": 3613.9036857927363, "a": 1239.6, "h": 3284930.0, "u": 2187330.0, "s": 6723.900000000001, "gamma": 1.3999491921550733, "R": 303.7152980713033, "Cp": 1063.1, "molecular_mass": 0.027376, "v": 0.0, "M": 0.0, "Ht": 3283920.0, "Ue": 2562.7797408283063, "total_p": 21109361.179728538, "total_T": 3613.9, "pitot_p": 21109361.179728538, "composition_massf": {"Ar": 0.80258, "O2": 0.17533, "H2": 0.022091}, "composition_moles": {"Ar": 0.5500007529788725, "O2": 0.15000044001650065, "H2": 0.2999996110879616}}, "s1": {"state_name": "s1", "gmodel_type": "CEAGas", "rho": 0.23439, "p": 20140.12736945978, "T": 298.15, "a": 346.7, "h": 7.000000000000001e-05, "u": -85925.0, "s": 7350.0, "gamma": 1.398557725608831, "R": 288.19792027729636, "Cp": 1011.3000000000001, "molecular_mass": 0.02885, "v": 0.0, "M": 0.0, "Ht": -10.11307, "Ue": null, "total_p": 20137.274867903765, "total_T": 298.14, "pitot_p": 20137.274867903765, "composition_massf": {"e-": 0.0, "N-": 0.0, "O2+": 0.0, "N": 0.0, "N2": 0.76708, "O+": 0.0, "N2O": 0.0, "N2+": 0.0, "O": 0.0, "O2": 0.23292, "NO": 0.0, "O-": 0.0, "N+": 0.0, "NO2": 0.0, "NO+": 0.0}, "composition_moles": {"e-": 0.0, "N-": 0.0, "O2+": 0.0, "N": 0.0, "N2": 0.7899882913177266, "O+": 0.0, "N2O": 0.0, "N2+": 0.0, "O": 0.0, "O2": 0.20999981249296848, "NO": 0.0, "O-": 0.0, "N+": 0.0, "NO2": 0.0, "NO+": 0.0}}, "s2": {"state_name": "s2", "gmodel_type": "CEAGas", "rho": 1.5759015690274125, "p": 1188800.0, "T": 2613.5228555308886, "a": 966.9, "h": 2863680.0, "u": 2109310.0, "s": 8686.7, "gamma": 1.2299608823858248, "R": 288.638130944942, "Cp": 1543.8, "molecular_mass": 0.028806000000000002, "v": 2060.154626342044, "M": 2.130680138940991, "Ht": 4985799.99993, "Ue": 3157.784033125128, "total_p": 11545453.23509523, "total_T": 3844.74, "pitot_p": 6975500.733460251, "unit_Re": 38886570.78287571, "k": 0.18215, "mu": 8.3489e-05, "composition_massf": {"e-": 0.0, "N-": 0.0, "O2+": 0.0, "N": 0.0, "N2": 0.75412, "O+": 0.0, "N2O": 7.7593e-06, "N2+": 0.0, "O": 0.0017583, "O2": 0.21631, "NO": 0.027689, "O-": 0.0, "N+": 0.0, "NO2": 0.00011288, "NO+": 0.0}, "composition_moles": {"e-": 0.0, "N-": 0.0, "O2+": 0.0, "N": 0.0, "N2": 0.7754567714022575, "O+": 0.0, "N2O": 5.078395280463866e-06, "N2+": 0.0, "O": 0.003165718076927885, "O2": 0.19472686038226436, "NO": 0.02658157288018103, "O-": 0.0, "N+": 0.0, "NO2": 7.067896838421494e-05, "NO+": 0.0}}, "s3": {"state_name": "s3", "gmodel_type": "CEAGas", "rho": 2.5561, "p": 1188799.999999999, "T": 1531.34, "a": 822.1, "h": 1152580.0, "u": 687490.0, "s": 6723.900000000001, "gamma": 1.4532491149210292, "R": 303.7152980713033, "Cp": 973.8, "molecular_mass": 0.027376, "v": 2060.0384933402197, "M": 2.505824709086753, "Ht": 3273450.0, "Ue": 2558.691071622364, "total_p": 20908602.831956804, "total_T": 3604.05, "pitot_p": 10503405.641244167, "composition_massf": {"Ar": 0.80258, "O2": 0.17533, "H2": 0.022091}, "composition_moles": {"Ar": 0.5500007529788725, "O2": 0.15000044001650065, "H2": 0.2999996110879616}}, "s5": {"state_name": "s5", "gmodel_type": "CEAGas", "rho": 7.4436, "p": 9672619.68511358, "T": 4312.123738429906, "a": 1250.3, "h": 6125290.0, "u": 4825830.0, "s": 9018.5, "gamma": 1.1343057131730516, "R": 301.34862817585446, "Cp": 2545.1000000000004, "molecular_mass": 0.027591, "v": 0.0, "M": 0.0, "Ht": 6125289.99993, "Ue": 3500.0828561421226, "total_p": 9672099.53243585, "total_T": 4312.12, "pitot_p": 9672099.53243585, "composition_massf": {"e-": 0.0, "N-": 0.0, "O2+": 0.0, "N": 0.0002214, "N2": 0.71718, "O+": 0.0, "N2O": 9.1231e-05, "N2+": 0.0, "O": 0.050531, "O2": 0.12555, "NO": 0.10606, "O-": 0.0, "N+": 0.0, "NO2": 0.00036237, "NO+": 1.895e-06}, "composition_moles": {"e-": 0.0, "N-": 0.0, "O2+": 0.0, "N": 0.0004361232410203688, "N2": 0.7063660026987085, "O+": 0.0, "N2O": 5.719141979151519e-05, "N2+": 0.0, "O": 0.087140819093216, "O2": 0.10825562364838683, "NO": 0.09752355221105043, "O-": 0.0, "N+": 0.0, "NO2": 0.0002173251169968808, "NO+": 1.7425090545078268e-06}}, "s5d": {"state_name": "s5d", "gmodel_type": "CEAGas", "rho": 10.503, "p": 15525742.726145769, "T": 4867.261466911854, "a": 1429.7, "h": 4639560.0, "u": 3161300.0, "s": 7138.8, "gamma": 1.3828096222840947, "R": 303.7152980713033, "Cp": 1097.1, "molecular_mass": 0.027376, "v": 0.0, "M": 0.0, "Ht": 4638560.0, "Ue": 3045.8365025063313, "total_p": 15523540.425102005, "total_T": 4867.26, "pitot_p": 15523540.425102005, "composition_massf": {"Ar": 0.80258, "O2": 0.17533, "H2": 0.022091}, "composition_moles": {"Ar": 0.5500007529788725, "O2": 0.15000044001650065, "H2": 0.2999996110879616}}, "s6": {"state_name": "s6", "gmodel_type": "CEAGas", "rho": 4.6688, "p": 5527313.266439796, "T": 3970.17, "a": 1190.4, "h": 5431160.0, "u": 4247280.0, "s": 9018.5, "gamma": 1.1355355804563807, "R": 298.1928056521895, "Cp": 2498.3, "molecular_mass": 0.027882999999999998, "v": 1190.4004568082307, "M": 1.0000003837434732, "Ht": 6139699.99993, "Ue": 3504.1974829994956, "total_p": 9779720.128699774, "total_T": 4319.25, "pitot_p": 9779695.308061907, "composition_massf": {"e-": 0.0, "N-": 0.0, "O2+": 0.0, "N": 9.1142e-05, "N2": 0.72375, "O+": 0.0, "N2O": 5.8834e-05, "N2+": 0.0, "O": 0.038498, "O2": 0.14495, "NO": 0.092357, "O-": 0.0, "N+": 0.0, "NO2": 0.00028892, "NO+": 0.0}, "composition_moles": {"e-": 0.0, "N-": 0.0, "O2+": 0.0, "N": 0.0001814354834472074, "N2": 0.7203810051618154, "O+": 0.0, "N2O": 3.727253030936455e-05, "N2+": 0.0, "O": 0.06709249934372538, "O2": 0.1263060130379889, "NO": 0.08582222384781761, "O-": 0.0, "N+": 0.0, "NO2": 0.00017510854919520493, "NO+": 0.0}}, "s8": {"state_name": "s8", "gmodel_type": "CEAGas", "rho": 0.0094682, "p": 2179.8620048002135, "T": 798.87, "a": 558.0, "h": 526040.0, "u": 295810.0, "s": 9018.5, "gamma": 1.3523623761599983, "R": 288.19792027729636, "Cp": 1106.1000000000001, "molecular_mass": 0.02885, "v": 3350.7153337114814, "M": 6.0048661894471, "Ht": 6139699.99993, "Ue": 3504.1974829994956, "total_p": 9779727.419461532, "total_T": 4319.25, "pitot_p": 102648.91433959726, "unit_Re": 847973.7771001268, "k": 0.055689999999999996, "mu": 3.7413e-05, "composition_massf": {"e-": 0.0, "N-": 0.0, "O2+": 0.0, "N": 0.0, "N2": 0.76708, "O+": 0.0, "N2O": 0.0, "N2+": 0.0, "O": 0.0, "O2": 0.23292, "NO": 2.0459e-06, "O-": 0.0, "N+": 0.0, "NO2": 0.0, "NO+": 0.0}, "composition_moles": {"e-": 0.0, "N-": 0.0, "O2+": 0.0, "N": 0.0, "N2": 0.7899882913177266, "O+": 0.0, "N2O": 0.0, "N2+": 0.0, "O": 0.0, "O2": 0.20999981249296848, "NO": 1.967073861648132e-06, "O-": 0.0, "N+": 0.0, "NO2": 0.0, "NO+": 0.0}}, "s10f": {"state_name": "s10f", "gmodel_type": "IdealGas", "rho": 0.05461730290977335, "p": 90053.1983355152, "T": 5721.080375282957, "a": 1493.220931122332, "h": 6328659.111138007, "u": 4679855.645242204, "s": 3302.052536653929, "gamma": 1.3523193001844116, "R": 288.19792027729636, "Cp": 1106.1999999999998, "molecular_mass": 0.02885, "v": 580.857136732633, "M": 0.38899611211319557, "Ht": null, "Ue": null, "total_p": 99621.27980617965, "total_T": 5873.582189282792, "pitot_p": 99621.27980617965}, "s10e": {"state_name": "s10e", "gmodel_type": "CEAGas", "rho": 0.08376502561615272, "p": 96466.0, "T": 3626.133839129675, "a": 1161.5, "h": 6067970.0, "u": 4916340.0, "s": 10429.9, "gamma": 1.3154107029729638, "R": 317.5901451489687, "Cp": 1324.5, "molecular_mass": 0.02618, "v": 378.7409206800189, "M": 0.32607913962980534, "Ht": 6139699.99993, "Ue": 3504.1974829994956, "total_p": 102648.91433959726, "total_T": 3652.86, "pitot_p": 102648.91433959726, "unit_Re": 289041.93624860654, "k": 0.6914500000000001, "mu": 0.00010975999999999999, "composition_massf": {"e-": 0.0, "N-": 0.0, "O2+": 0.0, "N": 0.00017886, "N2": 0.7404, "O+": 0.0, "N2O": 4.5474e-06, "N2+": 0.0, "O": 0.11294, "O2": 0.089698, "NO": 0.056748, "O-": 0.0, "N+": 0.0, "NO2": 2.0609e-05, "NO+": 0.0}, "composition_moles": {"e-": 0.0, "N-": 0.0, "O2+": 0.0, "N": 0.0003343082096425282, "N2": 0.691942855918953,