{"states_dict": {"s4": {"state_name": "s4", "gmodel_type": "CEAGas", "rho": 33.429, "p": 37310000.0, "T": 3861.0, "a": 1256.6, "h": 3288120.0, "u": 2172010.0, "s": 6232.3, "gamma": 1.4148350213656617, "R": 289.06963807669575, "Cp": 985.9, "molecular_mass": 0.028763, "v": 0.0, "M": 0.0, "Ht": 3287120.0, "Ue": 2564.028080969473, "total_p": 37307663.26738406, "total_T": 3861.0, "pitot_p": 37307663.26738406, "composition_massf": {"Ar": 0.83332, "O2": 0.14796, "H2": 0.018713}, "composition_moles": {"Ar": 0.5999995784519876, "O2": 0.1329979086715752, "H2": 0.26700102139016213}}, "s1": {"state_name": "s1", "gmodel_type": "CEAGas", "rho": 1.2479, "p": 107226.72220103232, "T": 298.15, "a": 346.7, "h": 7.000000000000001e-05, "u": -85925.0, "s": 6868.1, "gamma": 1.398557725608831, "R": 288.19792027729636, "Cp": 1011.3000000000001, "molecular_mass": 0.02885, "v": 0.0, "M": 0.0, "Ht": -10.11307, "Ue": null, "total_p": 107202.5162984127, "total_T": 298.14, "pitot_p": 107202.5162984127, "composition_massf": {"e-": 0.0, "N-": 0.0, "O2+": 0.0, "N": 0.0, "N2": 0.76708, "O+": 0.0, "N2O": 0.0, "N2+": 0.0, "O": 0.0, "O2": 0.23292, "NO": 0.0, "O-": 0.0, "N+": 0.0, "NO2": 0.0, "NO+": 0.0}, "composition_moles": {"e-": 0.0, "N-": 0.0, "O2+": 0.0, "N": 0.0, "N2": 0.7899882913177266, "O+": 0.0, "N2O": 0.0, "N2+": 0.0, "O": 0.0, "O2": 0.20999981249296848, "NO": 0.0, "O-": 0.0, "N+": 0.0, "NO2": 0.0, "NO+": 0.0}}, "s2": {"state_name": "s2", "gmodel_type": "CEAGas", "rho": 7.5038904490239915, "p": 4174700.0, "T": 1930.4579227727402, "a": 844.1, "h": 1900710.0, "u": 1344380.0, "s": 7899.3, "gamma": 1.280580804976098, "R": 288.18793109424286, "Cp": 1315.3, "molecular_mass": 0.028850999999999998, "v": 1648.4362483378604, "M": 1.9528921316643293, "Ht": 3259389.99993, "Ue": 2553.1901613197556, "total_p": 29966661.67703262, "total_T": 2895.99, "pitot_p": 21356800.03059062, "unit_Re": 182686235.70709512, "k": 0.11846000000000001, "mu": 6.771e-05, "composition_massf": {"e-": 0.0, "N-": 0.0, "O2+": 0.0, "N": 0.0, "N2": 0.76402, "O+": 0.0, "N2O": 3.4828e-06, "N2+": 0.0, "O": 1.5016e-05, "O2": 0.22936, "NO": 0.0064795, "O-": 0.0, "N+": 0.0, "NO2": 0.00012505, "NO+": 0.0}, "composition_moles": {"e-": 0.0, "N-": 0.0, "O2+": 0.0, "N": 0.0, "N2": 0.7868641799995717, "O+": 0.0, "N2O": 2.2830236385778683e-06, "N2+": 0.0, "O": 2.7077678912959236e-05, "O2": 0.20679729739865246, "NO": 0.006230068369431549, "O-": 0.0, "N+": 0.0, "NO2": 7.842143982784667e-05, "NO+": 0.0}}, "s3": {"state_name": "s3", "gmodel_type": "CEAGas", "rho": 7.2549, "p": 4174699.9999999967, "T": 1990.63, "a": 914.6, "h": 1494530.0, "u": 919090.0, "s": 6232.3, "gamma": 1.4537768611278505, "R": 289.06963807669575, "Cp": 926.1, "molecular_mass": 0.028763, "v": 1648.4235996757452, "M": 1.8023437564790565, "Ht": 2852190.0, "Ue": 2388.3843911732465, "total_p": 24662690.926380347, "total_T": 3417.34, "pitot_p": 20074671.97980498, "composition_massf": {"Ar": 0.83332, "O2": 0.14796, "H2": 0.018713}, "composition_moles": {"Ar": 0.5999995784519876, "O2": 0.1329979086715752, "H2": 0.26700102139016213}}, "s5": {"state_name": "s5", "gmodel_type": "CEAGas", "rho": 31.2, "p": 31018629.497957516, "T": 3433.798209422664, "a": 1102.6, "h": 4119560.0000000005, "u": 3125390.0, "s": 8161.300000000001, "gamma": 1.20509119071779, "R": 289.5225990667874, "Cp": 1701.2, "molecular_mass": 0.028718, "v": 0.0, "M": 0.0, "Ht": 4119559.9999300004, "Ue": 2870.386733501254, "total_p": 31022056.215546876, "total_T": 3433.8, "pitot_p": 31022056.215546876, "composition_massf": {"e-": 0.0, "N-": 0.0, "O2+": 0.0, "N": 3.8602e-06, "N2": 0.73433, "O+": 0.0, "N2O": 0.00010265, "N2+": 0.0, "O": 0.0054266, "O2": 0.18986, "NO": 0.069523, "O-": 0.0, "N+": 0.0, "NO2": 0.00075804, "NO+": 0.0}, "composition_moles": {"e-": 0.0, "N-": 0.0, "O2+": 0.0, "N": 7.914585419834792e-06, "N2": 0.7528000506900269, "O+": 0.0, "N2O": 6.697830403882506e-05, "N2+": 0.0, "O": 0.009740433941272799, "O2": 0.17039387352025703, "NO": 0.0665385209674033, "O-": 0.0, "N+": 0.0, "NO2": 0.0004731910906304681, "NO+": 0.0}}, "s5d": {"state_name": "s5d", "gmodel_type": "CEAGas", "rho": 24.343, "p": 32250598.568395477, "T": 4583.084336740702, "a": 1364.4, "h": 4006170.0, "u": 2681330.0, "s": 6444.9, "gamma": 1.405182696875146, "R": 289.06963807669575, "Cp": 1002.5, "molecular_mass": 0.028763, "v": 0.0, "M": 0.0, "Ht": 4005160.0, "Ue": 2830.250872272633, "total_p": 32245494.011205744, "total_T": 4583.08, "pitot_p": 32245494.011205744, "composition_massf": {"Ar": 0.83332, "O2": 0.14796, "H2": 0.018713}, "composition_moles": {"Ar": 0.5999995784519876, "O2": 0.1329979086715752, "H2": 0.26700102139016213}}, "s6": {"state_name": "s6", "gmodel_type": "CEAGas", "rho": 19.371, "p": 17287785.59111342, "T": 3089.66, "a": 1048.0, "h": 3568400.0, "u": 2675930.0, "s": 8161.300000000001, "gamma": 1.2194739652637896, "R": 288.858740967204, "Cp": 1605.0, "molecular_mass": 0.028784, "v": 1049.9142822154583, "M": 1.001826605167422, "Ht": 4119559.9999300004, "Ue": 2870.386733501254, "total_p": 31022160.95374715, "total_T": 3433.8, "pitot_p": 31022500.544904, "composition_massf": {"e-": 0.0, "N-": 0.0, "O2+": 0.0, "N": 0.0, "N2": 0.7432, "O+": 0.0, "N2O": 5.5019e-05, "N2+": 0.0, "O": 0.0027537, "O2": 0.20272, "NO": 0.050749, "O-": 0.0, "N+": 0.0, "NO2": 0.00052314, "NO+": 0.0}, "composition_moles": {"e-": 0.0, "N-": 0.0, "O2+": 0.0, "N": 0.0, "N2": 0.7636441417321709, "O+": 0.0, "N2O": 3.598196197469827e-05, "N2+": 0.0, "O": 0.004954092078452941, "O2": 0.18235347825543458, "NO": 0.04868207517804713, "O-": 0.0, "N+": 0.0, "NO2": 0.00032731003380030645, "NO+": 0.0}}, "s8": {"state_name": "s8", "gmodel_type": "CEAGas", "rho": 0.041266, "p": 5428.9088039286025, "T": 456.49, "a": 427.5, "h": 161230.0, "u": 29676.0, "s": 8161.300000000001, "gamma": 1.3893503249616128, "R": 288.19792027729636, "Cp": 1028.4, "molecular_mass": 0.02885, "v": 2813.655984657684, "M": 6.581651426099845, "Ht": 4119559.9999300004, "Ue": 2870.386733501254, "total_p": 31021895.07365407, "total_T": 3433.8, "pitot_p": 311009.8766288841, "unit_Re": 4573714.955600882, "k": 0.03639, "mu": 2.5385999999999997e-05, "composition_massf": {"e-": 0.0, "N-": 0.0, "O2+": 0.0, "N": 0.0, "N2": 0.76708, "O+": 0.0, "N2O": 0.0, "N2+": 0.0, "O": 0.0, "O2": 0.23292, "NO": 0.0, "O-": 0.0, "N+": 0.0, "NO2": 0.0, "NO+": 0.0}, "composition_moles": {"e-": 0.0, "N-": 0.0, "O2+": 0.0, "N": 0.0, "N2": 0.7899882913177266, "O+": 0.0, "N2O": 0.0, "N2+": 0.0, "O": 0.0, "O2": 0.20999981249296848, "NO": 0.0, "O-": 0.0, "N+": 0.0, "NO2": 0.0, "NO+": 0.0}}, "s10f": {"state_name": "s10f", "gmodel_type": "IdealGas", "rho": 0.22638897064047458, "p": 272568.2847718137, "T": 4177.622696412978, "a": 1293.3495362974388, "h": 4296267.180991108, "u": 3092285.0081816562, "s": 2429.686121043318, "gamma": 1.389350324961613, "R": 288.19792027729636, "Cp": 1028.4000000000003, "molecular_mass": 0.02885, "v": 512.8686674167008, "M": 0.39654297080812767, "Ht": null, "Ue": null, "total_p": 303531.59082736314, "total_T": 4305.507891870865, "pitot_p": 303531.59082736314}, "s10e": {"state_name": "s10e", "gmodel_type": "CEAGas", "rho": 0.3086169513011278, "p": 288440.0, "T": 3168.8057312496644, "a": 1050.3, "h": 4048790.0, "u": 3114170.0, "s": 9505.0, "gamma": 1.290656836817733, "R": 294.9453706988294, "Cp": 1309.7, "molecular_mass": 0.02819, "v": 376.2214854802101, "M": 0.3582038326956204, "Ht": 4119549.99993, "Ue": 2870.3832496480327, "total_p": 311009.8766288841, "total_T": 3201.23, "pitot_p": 311009.8766288841, "unit_Re": 1202945.792197306, "k": 0.42251000000000005, "mu": 9.652e-05, "composition_massf": {"e-": 0.0, "N-": 0.0, "O2+": 0.0, "N": 9.8656e-06, "N2": 0.74273, "O+": 0.0, "N2O": 7.2526e-06, "N2+": 0.0, "O": 0.025992, "O2": 0.17911, "NO": 0.052087, "O-": 0.0, "N+": 0.0, "NO2": 6.1314e-05, "NO+": 0.0}, "composition_moles": {"e-": 0.0, "N-": 0.0, "O2+": 0.0, "N": 1.9855587968615018e-05, "N2": 0.7474122634167933, "O+": 0.0, "N2O": 4.645257606878e-06, "N2+": 0.0, "O": 0.04579637236396365,