{"states_dict": {"s4": {"state_name": "s4", "gmodel_type": "CEAGas", "rho": 33.429, "p": 37310000.0, "T": 3861.0, "a": 1256.6, "h": 3288120.0, "u": 2172010.0, "s": 6232.3, "gamma": 1.4148350213656617, "R": 289.06963807669575, "Cp": 985.9, "molecular_mass": 0.028763, "v": 0.0, "M": 0.0, "Ht": 3287120.0, "Ue": 2564.028080969473, "total_p": 37307663.26738406, "total_T": 3861.0, "pitot_p": 37307663.26738406, "composition_massf": {"Ar": 0.83332, "O2": 0.14796, "H2": 0.018713}, "composition_moles": {"Ar": 0.5999995784519876, "O2": 0.1329979086715752, "H2": 0.26700102139016213}}, "s1": {"state_name": "s1", "gmodel_type": "CEAGas", "rho": 0.12773, "p": 10974.987654930568, "T": 298.15, "a": 346.7, "h": 7.000000000000001e-05, "u": -85925.0, "s": 7524.9, "gamma": 1.398557725608831, "R": 288.19792027729636, "Cp": 1011.3000000000001, "molecular_mass": 0.02885, "v": 0.0, "M": 0.0, "Ht": -10.11307, "Ue": null, "total_p": 10975.92844388076, "total_T": 298.14, "pitot_p": 10975.92844388076, "composition_massf": {"e-": 0.0, "N-": 0.0, "O2+": 0.0, "N": 0.0, "N2": 0.76708, "O+": 0.0, "N2O": 0.0, "N2+": 0.0, "O": 0.0, "O2": 0.23292, "NO": 0.0, "O-": 0.0, "N+": 0.0, "NO2": 0.0, "NO+": 0.0}, "composition_moles": {"e-": 0.0, "N-": 0.0, "O2+": 0.0, "N": 0.0, "N2": 0.7899882913177266, "O+": 0.0, "N2O": 0.0, "N2+": 0.0, "O": 0.0, "O2": 0.20999981249296848, "NO": 0.0, "O-": 0.0, "N+": 0.0, "NO2": 0.0, "NO+": 0.0}}, "s2": {"state_name": "s2", "gmodel_type": "CEAGas", "rho": 0.9710434064529686, "p": 922260.0, "T": 3242.146687063561, "a": 1064.5, "h": 4036460.0, "u": 3086700.0, "s": 9159.5, "gamma": 1.1485902612203107, "R": 292.9397879012085, "Cp": 2264.4, "molecular_mass": 0.028383, "v": 2489.1773929452943, "M": 2.338353586609013, "Ht": 7134459.99993, "Ue": 3777.4224015669733, "total_p": 12664584.124762794, "total_T": 4741.27, "pitot_p": 6229487.142005111, "unit_Re": 24711684.608343743, "k": 0.35869, "mu": 9.7812e-05, "composition_massf": {"e-": 0.0, "N-": 0.0, "O2+": 0.0, "N": 8.3116e-06, "N2": 0.74042, "O+": 0.0, "N2O": 1.4288e-05, "N2+": 0.0, "O": 0.018312, "O2": 0.18413, "NO": 0.056999, "O-": 0.0, "N+": 0.0, "NO2": 0.00011673, "NO+": 0.0}, "composition_moles": {"e-": 0.0, "N-": 0.0, "O2+": 0.0, "N": 1.6842521279102144e-05, "N2": 0.7501888688984557, "O+": 0.0, "N2O": 9.21405372982405e-06, "N2+": 0.0, "O": 0.03248556170856407, "O2": 0.16332368057552157, "NO": 0.05391579102249209, "O-": 0.0, "N+": 0.0, "NO2": 7.201633695971134e-05, "NO+": 0.0}}, "s3": {"state_name": "s3", "gmodel_type": "CEAGas", "rho": 2.5944, "p": 922260.0000000002, "T": 1229.73, "a": 726.0, "h": 803810.0, "u": 448330.0, "s": 6232.3, "gamma": 1.482723750259207, "R": 289.06963807669575, "Cp": 887.9, "molecular_mass": 0.028763, "v": 2489.178995970666, "M": 3.4286212065711656, "Ht": 3900820.0, "Ue": 2793.141600420573, "total_p": 62125959.686126165, "total_T": 4478.88, "pitot_p": 15119906.67907919, "composition_massf": {"Ar": 0.83332, "O2": 0.14796, "H2": 0.018713}, "composition_moles": {"Ar": 0.5999995784519876, "O2": 0.1329979086715752, "H2": 0.26700102139016213}}, "s5": {"state_name": "s5", "gmodel_type": "CEAGas", "rho": 4.9986, "p": 8388128.826266807, "T": 5219.040323364593, "a": 1434.5, "h": 8627510.0, "u": 6949410.0, "s": 9589.0, "gamma": 1.1373796250589123, "R": 321.5325418616343, "Cp": 2662.0, "molecular_mass": 0.025859, "v": 0.0, "M": 0.0, "Ht": 8627499.99993, "Ue": 4153.913817095872, "total_p": 8388977.233616253, "total_T": 5219.06, "pitot_p": 8388977.233616253, "composition_massf": {"e-": 0.0, "N-": 0.0, "O2+": 0.0, "N": 0.0026097, "N2": 0.71565, "O+": 0.0, "N2O": 8.7902e-05, "N2+": 0.0, "O": 0.12539, "O2": 0.051723, "NO": 0.10435, "O-": 2.1146e-06, "N+": 0.0, "NO2": 0.00016685, "NO+": 2.1734e-05}, "composition_moles": {"e-": 0.0, "N-": 0.0, "O2+": 0.0, "N": 0.004817996551650282, "N2": 0.6606121838120328, "O+": 0.0, "N2O": 5.164538084375455e-05, "N2+": 0.0, "O": 0.20266135042564098, "O2": 0.041798600478767954, "NO": 0.08992793631961501, "O-": 3.4176010665434266e-06, "N+": 0.0, "NO2": 9.378387692775865e-05, "NO+": 1.8730517513502516e-05}}, "s5d": {"state_name": "s5d", "gmodel_type": "CEAGas", "rho": 12.036, "p": 21407320.35669025, "T": 6153.059788510568, "a": 1573.0, "h": 5602740.0, "u": 3824070.0, "s": 6862.7, "gamma": 1.39104134917376, "R": 289.06963807669575, "Cp": 1028.3, "molecular_mass": 0.028763, "v": 0.0, "M": 0.0, "Ht": 5601740.0, "Ue": 3347.159990200648, "total_p": 21407079.987370547, "total_T": 6153.06, "pitot_p": 21407079.987370547, "composition_massf": {"Ar": 0.83332, "O2": 0.14796, "H2": 0.018713}, "composition_moles": {"Ar": 0.5999995784519876, "O2": 0.1329979086715752, "H2": 0.26700102139016213}}, "s6": {"state_name": "s6", "gmodel_type": "CEAGas", "rho": 3.1576, "p": 4788031.979903578, "T": 4780.26, "a": 1357.0, "h": 7732890.0, "u": 6216520.0, "s": 9589.0, "gamma": 1.1255705615438985, "R": 317.2145282514975, "Cp": 2843.4, "molecular_mass": 0.026210999999999998, "v": 1357.0007605359187, "M": 1.0000005604538826, "Ht": 8653629.99993, "Ue": 4160.199514429566, "total_p": 8520342.315725097, "total_T": 5232.16, "pitot_p": 8522301.482919414, "composition_massf": {"e-": 0.0, "N-": 0.0, "O2+": 0.0, "N": 0.0012226, "N2": 0.71896, "O+": 0.0, "N2O": 6.1824e-05, "N2+": 0.0, "O": 0.11036, "O2": 0.068956, "NO": 0.10028, "O-": 0.0, "N+": 0.0, "NO2": 0.0001539, "NO+": 9.6669e-06}, "composition_moles": {"e-": 0.0, "N-": 0.0, "O2+": 0.0, "N": 0.0022878742744543677, "N2": 0.6727016556362312, "O+": 0.0, "N2O": 3.6818127090300996e-05, "N2+": 0.0, "O": 0.18079715239321473, "O2": 0.056483546758003426, "NO": 0.08759682464565538, "O-": 0.0, "N+": 0.0, "NO2": 8.768240536457596e-05, "NO+": 8.444407920462344e-06}}, "s8": {"state_name": "s8", "gmodel_type": "CEAGas", "rho": 0.0063195, "p": 2451.509225107764, "T": 1346.07, "a": 713.3, "h": 1162400.0, "u": 774470.0, "s": 9589.0, "gamma": 1.3150729911586787, "R": 288.19792027729636, "Cp": 1202.9, "molecular_mass": 0.02885, "v": 3870.714541799106, "M": 5.426488913218991, "Ht": 8653609.99993, "Ue": 4160.194706965048, "total_p": 8520323.626418188, "total_T": 5232.15, "pitot_p": 92097.81324963747, "unit_Re": 460485.32656060706, "k": 0.08485000000000001, "mu": 5.3120000000000006e-05, "composition_massf": {"e-": 0.0, "N-": 0.0, "O2+": 0.0, "N": 0.0, "N2": 0.76682, "O+": 0.0, "N2O": 0.0, "N2+": 0.0, "O": 0.0, "O2": 0.23262, "NO": 0.00055026, "O-": 0.0, "N+": 0.0, "NO2": 1.2005e-06, "NO+": 0.0}, "composition_moles": {"e-": 0.0, "N-": 0.0, "O2+": 0.0, "N": 0.0, "N2": 0.7897205266051247, "O+": 0.0, "N2O": 0.0, "N2+": 0.0, "O": 0.0, "O2": 0.20972933360001, "NO": 0.0005290591246446556, "O-": 0.0, "N+": 0.0, "NO2": 7.528322700546674e-07, "NO+": 0.0}}, "s10f": {"state_name": "s10f", "gmodel_type": "IdealGas", "rho": 0.038496517047382474, "p": 81589.16498711829, "T": 7353.942117226592, "a": 1667.227230814139, "h": 8922537.970831024, "u": 6803147.146806702, "s": 3951.540091700619, "gamma": 1.3115309397679473, "R": 288.19792027729636, "Cp": 1213.3, "molecular_mass": 0.02885, "v": 635.396399449205, "M": 0.3811096578232643, "Ht": null, "Ue": null, "total_p": 89640.52192445552, "total_T": 7520.186308843216, "pitot_p": 89640.52192445552}, "s10e": {"state_name": "s10e", "gmodel_type": "CEAGas", "rho": 0.0578355535981766, "p": 86787.0, "T": 4392.549260727159, "a": 1361.9, "h": 8564170.0, "u": 7063580.0, "s": 11095.4, "gamma": 1.3410219313936476, "R": 341.6266743364286, "Cp": 1343.3999999999999, "molecular_mass": 0.024338000000000002, "v": 422.94019897944986, "M": 0.3105515815988324, "Ht": 8653599.99993, "Ue": 4160.192303230705, "total_p": 92097.81324963747, "total_T": 4437.49, "pitot_p": 92097.81324963747, "unit_Re": 187656.16069734903, "k": 0.44980000000000003, "mu": 0.00013035000000000002, "composition_massf": {"e-": 0.0, "N-": 0.0, "O2+": 0.0, "N": 0.0032566, "N2": 0.74733, "O+": 0.0, "N2O": 2.7785e-06, "N2+": 0.0, "O": 0.20189, "O2": 0.012193, "NO": 0.03531, "O-": 0.0, "N+": 0.0, "NO2": 3.2665e-06, "NO+": 1.365e-05}, "composition_moles": {"e-": 0.0, "N-": 0.0, "O2+": 0.0,