{"states_dict": {"s4": {"state_name": "s4", "gmodel_type": "CEAGas", "rho": 33.429, "p": 37310000.0, "T": 3861.0, "a": 1256.6, "h": 3288120.0, "u": 2172010.0, "s": 6232.3, "gamma": 1.4148350213656617, "R": 289.06963807669575, "Cp": 985.9, "molecular_mass": 0.028763, "v": 0.0, "M": 0.0, "Ht": 3287120.0, "Ue": 2564.028080969473, "total_p": 37307663.26738406, "total_T": 3861.0, "pitot_p": 37307663.26738406, "composition_massf": {"Ar": 0.83332, "O2": 0.14796, "H2": 0.018713}, "composition_moles": {"Ar": 0.5999995784519876, "O2": 0.1329979086715752, "H2": 0.26700102139016213}}, "s1": {"state_name": "s1", "gmodel_type": "CEAGas", "rho": 2.8828, "p": 247707.6355991714, "T": 298.15, "a": 346.7, "h": 7.000000000000001e-05, "u": -85925.0, "s": 6626.8, "gamma": 1.398557725608831, "R": 288.19792027729636, "Cp": 1011.3000000000001, "molecular_mass": 0.02885, "v": 0.0, "M": 0.0, "Ht": -10.11307, "Ue": null, "total_p": 247650.22552925785, "total_T": 298.14, "pitot_p": 247650.22552925785, "composition_massf": {"e-": 0.0, "N-": 0.0, "O2+": 0.0, "N": 0.0, "N2": 0.76708, "O+": 0.0, "N2O": 0.0, "N2+": 0.0, "O": 0.0, "O2": 0.23292, "NO": 0.0, "O-": 0.0, "N+": 0.0, "NO2": 0.0, "NO+": 0.0}, "composition_moles": {"e-": 0.0, "N-": 0.0, "O2+": 0.0, "N": 0.0, "N2": 0.7899882913177266, "O+": 0.0, "N2O": 0.0, "N2+": 0.0, "O": 0.0, "O2": 0.20999981249296848, "NO": 0.0, "O-": 0.0, "N+": 0.0, "NO2": 0.0, "NO+": 0.0}}, "s2": {"state_name": "s2", "gmodel_type": "CEAGas", "rho": 15.687938832031127, "p": 6639500.0, "T": 1468.5710964113066, "a": 743.1, "h": 1312320.0, "u": 889100.0, "s": 7417.7, "gamma": 1.3047311550413994, "R": 288.18793109424286, "Cp": 1233.9, "molecular_mass": 0.028850999999999998, "v": 1345.282732678424, "M": 1.810365674442772, "Ht": 2217199.99993, "Ue": 2105.8015100811376, "total_p": 37962227.198455594, "total_T": 2167.41, "pitot_p": 30024300.561050586, "unit_Re": 374848375.2272886, "k": 0.09155, "mu": 5.6302e-05, "composition_massf": {"e-": 0.0, "N-": 0.0, "O2+": 0.0, "N": 0.0, "N2": 0.76655, "O+": 0.0, "N2O": 0.0, "N2+": 0.0, "O": 0.0, "O2": 0.23228, "NO": 0.0010872, "O-": 0.0, "N+": 0.0, "NO2": 8.0569e-05, "NO+": 0.0}, "composition_moles": {"e-": 0.0, "N-": 0.0, "O2+": 0.0, "N": 0.0, "N2": 0.7894698269399644, "O+": 0.0, "N2O": 0.0, "N2+": 0.0, "O": 0.0, "O2": 0.2094300498768704, "NO": 0.0010453476859705192, "O-": 0.0, "N+": 0.0, "NO2": 5.05264852898023e-05, "NO+": 0.0}}, "s3": {"state_name": "s3", "gmodel_type": "CEAGas", "rho": 9.9924, "p": 6639499.999999997, "T": 2298.6, "a": 979.8, "h": 1781730.0, "u": 1117270.0, "s": 6232.3, "gamma": 1.444907079947756, "R": 289.06963807669575, "Cp": 938.8, "molecular_mass": 0.028763, "v": 1345.2923452226, "M": 1.3730275007374975, "Ht": 2685640.0, "Ue": 2317.6022091808595, "total_p": 20745486.461704448, "total_T": 3246.03, "pitot_p": 20012245.513329264, "composition_massf": {"Ar": 0.83332, "O2": 0.14796, "H2": 0.018713}, "composition_moles": {"Ar": 0.5999995784519876, "O2": 0.1329979086715752, "H2": 0.26700102139016213}}, "s5": {"state_name": "s5", "gmodel_type": "CEAGas", "rho": 59.604, "p": 45162590.01181547, "T": 2629.0836461751983, "a": 973.5, "h": 2863270.0, "u": 2105560.0, "s": 7637.6, "gamma": 1.24938122592064, "R": 288.20791015286494, "Cp": 1443.8999999999999, "molecular_mass": 0.028849, "v": 0.0, "M": 0.0, "Ht": 2863269.99993, "Ue": 2393.0190136854326, "total_p": 45163780.17450919, "total_T": 2629.08, "pitot_p": 45163780.17450919, "composition_massf": {"e-": 0.0, "N-": 0.0, "O2+": 0.0, "N": 0.0, "N2": 0.75357, "O+": 0.0, "N2O": 4.9123e-05, "N2+": 0.0, "O": 0.00030612, "O2": 0.21695, "NO": 0.028417, "O-": 0.0, "N+": 0.0, "NO2": 0.0007052, "NO+": 0.0}, "composition_moles": {"e-": 0.0, "N-": 0.0, "O2+": 0.0, "N": 0.0, "N2": 0.7760479245646725, "O+": 0.0, "N2O": 3.219857466464301e-05, "N2+": 0.0, "O": 0.0005519741915321825, "O2": 0.19559453948273062, "NO": 0.027321179126910865, "O-": 0.0, "N+": 0.0, "NO2": 0.0004422148395300562, "NO+": 0.0}}, "s5d": {"state_name": "s5d", "gmodel_type": "CEAGas", "rho": 28.162, "p": 34666361.3488651, "T": 4258.322458110087, "a": 1317.1, "h": 3681740.0, "u": 2450780.0, "s": 6350.6, "gamma": 1.4093135238330188, "R": 289.06963807669575, "Cp": 995.3, "molecular_mass": 0.028763, "v": 0.0, "M": 0.0, "Ht": 3680740.0, "Ue": 2713.20474715787, "total_p": 34661018.27577565, "total_T": 4258.32, "pitot_p": 34661018.27577565, "composition_massf": {"Ar": 0.83332, "O2": 0.14796, "H2": 0.018713}, "composition_moles": {"Ar": 0.5999995784519876, "O2": 0.1329979086715752, "H2": 0.26700102139016213}}, "s6": {"state_name": "s6", "gmodel_type": "CEAGas", "rho": 36.978, "p": 24789275.11291931, "T": 2326.29, "a": 920.0, "h": 2435300.0, "u": 1764920.0, "s": 7637.6, "gamma": 1.2620938258264944, "R": 288.17794260363235, "Cp": 1387.7, "molecular_mass": 0.028852, "v": 925.170254601822, "M": 1.005619841958502, "Ht": 2863269.99993, "Ue": 2393.0190136854326, "total_p": 45164185.30181149, "total_T": 2629.08, "pitot_p": 45164528.55801768, "composition_massf": {"e-": 0.0, "N-": 0.0, "O2+": 0.0, "N": 0.0, "N2": 0.75909, "O+": 0.0, "N2O": 2.1535e-05, "N2+": 0.0, "O": 9.1296e-05, "O2": 0.22355, "NO": 0.016811, "O-": 0.0, "N+": 0.0, "NO2": 0.00043385, "NO+": 0.0}, "composition_moles": {"e-": 0.0, "N-": 0.0, "O2+": 0.0, "N": 0.0, "N2": 0.7818138705048298, "O+": 0.0, "N2O": 1.411698006034608e-05, "N2+": 0.0, "O": 0.00016463568583821895, "O2": 0.20156582746853008, "NO": 0.016164412302831756, "O-": 0.0, "N+": 0.0, "NO2": 0.0002720857332275489, "NO+": 0.0}}, "s8": {"state_name": "s8", "gmodel_type": "CEAGas", "rho": 0.081532, "p": 6845.651133406684, "T": 291.34, "a": 342.7, "h": -6886.2, "u": -90849.0, "s": 7637.6, "gamma": 1.398723147542493, "R": 288.19792027729636, "Cp": 1010.9999999999999, "molecular_mass": 0.02885, "v": 2395.8949058754642, "M": 6.991231123068177, "Ht": 2863269.99993, "Ue": 2393.0190136854326, "total_p": 45163775.389920875, "total_T": 2629.08, "pitot_p": 441295.76211699535, "unit_Re": 10679100.342545284, "k": 0.02588, "mu": 1.8292e-05, "composition_massf": {"e-": 0.0, "N-": 0.0, "O2+": 0.0, "N": 0.0, "N2": 0.76708, "O+": 0.0, "N2O": 0.0, "N2+": 0.0, "O": 0.0, "O2": 0.23292, "NO": 0.0, "O-": 0.0, "N+": 0.0, "NO2": 0.0, "NO+": 0.0}, "composition_moles": {"e-": 0.0, "N-": 0.0, "O2+": 0.0, "N": 0.0, "N2": 0.7899882913177266, "O+": 0.0, "N2O": 0.0, "N2+": 0.0, "O": 0.0, "O2": 0.20999981249296848, "NO": 0.0, "O-": 0.0, "N+": 0.0, "NO2": 0.0, "NO+": 0.0}}, "s10f": {"state_name": "s10f", "gmodel_type": "IdealGas", "rho": 0.44484154269053766, "p": 389081.80532800354, "T": 3034.9024877746974, "a": 1106.0726996931894, "h": 3068286.4151402186, "u": 2193633.829919158, "s": 1958.1038252066803, "gamma": 1.3987231475424933, "R": 288.19792027729636, "Cp": 1011.0, "molecular_mass": 0.02885, "v": 439.1230462177561, "M": 0.39701101594819516, "Ht": null, "Ue": null, "total_p": 433687.81619084, "total_T": 3130.2679920870432, "pitot_p": 433687.81619084}, "s10e": {"state_name": "s10e", "gmodel_type": "CEAGas", "rho": 0.5477351255849697, "p": 405199.99999999994, "T": 2561.4858759031213, "a": 955.8, "h": 2799680.0, "u": 2059909.9999999998, "s": 8972.699999999999, "gamma": 1.288955527617024, "R": 288.80857271874675, "Cp": 1288.3, "molecular_mass": 0.028789000000000002, "v": 356.6360715997847, "M": 0.37312834442329434, "Ht": 2863269.99993, "Ue": 2393.0190136854326, "total_p": 441295.76211699535, "total_T": 2602.31, "pitot_p": 441295.76211699535, "unit_Re": 2372211.199886313, "k": 0.18761000000000003, "mu": 8.2346e-05, "composition_massf": {"e-": 0.0, "N-": 0.0, "O2+": 0.0, "N": 0.0, "N2": 0.75517, "O+": 0.0, "N2O": 4.1647e-06, "N2+": 0.0, "O": 0.0023742, "O2": 0.21691, "NO": 0.025478, "O-": 0.0, "N+": 0.0, "NO2": 6.3857e-05, "NO+": 0.0}, "composition_moles": {"e-": 0.0, "N-": 0.0, "O2+": 0.0, "N": 0.0, "N2": 0.7760782029314544, "O+": 0.0, "N2O": 2.7241517990221028e-06, "N2+": 0.0, "O": 0.00427208794079778, "O2": 0.1951517553783267, "NO": 0.024444567671240182, "O-": 0.0, "N+": 0.0, "NO2": 3.995998680592538e-05, "NO+": 0.0}}},