{"states_dict": {"s4": {"state_name": "s4", "gmodel_type": "CEAGas", "rho": 33.429, "p": 37310000.0, "T": 3861.0, "a": 1256.6, "h": 3288120.0, "u": 2172010.0, "s": 6232.3, "gamma": 1.4148350213656617, "R": 289.06963807669575, "Cp": 985.9, "molecular_mass": 0.028763, "v": 0.0, "M": 0.0, "Ht": 3287120.0, "Ue": 2564.028080969473, "total_p": 37307663.26738406, "total_T": 3861.0, "pitot_p": 37307663.26738406, "composition_massf": {"Ar": 0.83332, "O2": 0.14796, "H2": 0.018713}, "composition_moles": {"Ar": 0.5999995784519876, "O2": 0.1329979086715752, "H2": 0.26700102139016213}}, "s1": {"state_name": "s1", "gmodel_type": "CEAGas", "rho": 0.14018, "p": 12045.035402587811, "T": 298.15, "a": 346.7, "h": 7.000000000000001e-05, "u": -85925.0, "s": 7498.1, "gamma": 1.398557725608831, "R": 288.19792027729636, "Cp": 1011.3000000000001, "molecular_mass": 0.02885, "v": 0.0, "M": 0.0, "Ht": null, "Ue": null, "total_p": 12045.804975629317, "total_T": 298.15, "pitot_p": 12045.804975629317, "composition_massf": {"e-": 0.0, "N-": 0.0, "O2+": 0.0, "N": 0.0, "N2": 0.76708, "O+": 0.0, "N2O": 0.0, "N2+": 0.0, "O": 0.0, "O2": 0.23292, "NO": 0.0, "O-": 0.0, "N+": 0.0, "NO2": 0.0, "NO+": 0.0}, "composition_moles": {"e-": 0.0, "N-": 0.0, "O2+": 0.0, "N": 0.0, "N2": 0.7899882913177266, "O+": 0.0, "N2O": 0.0, "N2+": 0.0, "O": 0.0, "O2": 0.20999981249296848, "NO": 0.0, "O-": 0.0, "N+": 0.0, "NO2": 0.0, "NO+": 0.0}}, "s2": {"state_name": "s2", "gmodel_type": "CEAGas", "rho": 1.0543513993143245, "p": 987050.0, "T": 3202.701146544447, "a": 1058.2, "h": 3940070.0, "u": 3003900.0, "s": 9109.8, "gamma": 1.15489261871845, "R": 292.3115595556181, "Cp": 2179.5, "molecular_mass": 0.028444, "v": 2455.740286273266, "M": 2.3206768912051277, "Ht": 6955399.99993, "Ue": 3729.718488017561, "total_p": 13155701.13480371, "total_T": 4679.25, "pitot_p": 6588857.5365644675, "unit_Re": 26728741.686639603, "k": 0.33878, "mu": 9.687e-05, "composition_massf": {"e-": 0.0, "N-": 0.0, "O2+": 0.0, "N": 6.4395e-06, "N2": 0.74125, "O+": 0.0, "N2O": 1.4305e-05, "N2+": 0.0, "O": 0.015868, "O2": 0.18752, "NO": 0.055218, "O-": 0.0, "N+": 0.0, "NO2": 0.00012103, "NO+": 0.0}, "composition_moles": {"e-": 0.0, "N-": 0.0, "O2+": 0.0, "N": 1.3076965880614278e-05, "N2": 0.7526439132700778, "O+": 0.0, "N2O": 9.24484286389414e-06, "N2+": 0.0, "O": 0.02821039488980837, "O2": 0.16668809080340513, "NO": 0.052343383245406765, "O-": 0.0, "N+": 0.0, "NO2": 7.482969036310876e-05, "NO+": 0.0}}, "s3": {"state_name": "s3", "gmodel_type": "CEAGas", "rho": 2.716, "p": 987050.0000000006, "T": 1257.19, "a": 733.8, "h": 828210.0, "u": 464790.0, "s": 6232.3, "gamma": 1.48151760499101, "R": 289.06963807669575, "Cp": 889.4, "molecular_mass": 0.028763, "v": 2455.7426653965613, "M": 3.346610337144401, "Ht": 3842550.0, "Ue": 2772.2012913928165, "total_p": 59374361.19604387, "total_T": 4420.59, "pitot_p": 15432015.919913325, "composition_massf": {"Ar": 0.83332, "O2": 0.14796, "H2": 0.018713}, "composition_moles": {"Ar": 0.5999995784519876, "O2": 0.1329979086715752, "H2": 0.26700102139016213}}, "s5": {"state_name": "s5", "gmodel_type": "CEAGas", "rho": 5.3968, "p": 8887977.453826832, "T": 5153.013795018123, "a": 1419.9, "h": 8418890.0, "u": 6772000.0, "s": 9530.2, "gamma": 1.1355578186196083, "R": 319.5921740467405, "Cp": 2677.2, "molecular_mass": 0.026015999999999997, "v": 0.0, "M": 0.0, "Ht": 8418899.99993, "Ue": 4103.388843365932, "total_p": 8889378.44125059, "total_T": 5153.05, "pitot_p": 8889378.44125059, "composition_massf": {"e-": 0.0, "N-": 0.0, "O2+": 0.0, "N": 0.0021861, "N2": 0.71485, "O+": 0.0, "N2O": 9.2396e-05, "N2+": 0.0, "O": 0.11844, "O2": 0.057277, "NO": 0.10695, "O-": 1.9253e-06, "N+": 0.0, "NO2": 0.00018804, "NO+": 1.8532e-05}, "composition_moles": {"e-": 0.0, "N-": 0.0, "O2+": 0.0, "N": 0.004060455182162821, "N2": 0.6638800574011009, "O+": 0.0, "N2O": 5.461534680820125e-05, "N2+": 0.0, "O": 0.19259066214983062, "O2": 0.046567947298023674, "NO": 0.0927281852689953, "O-": 3.13054785688499e-06, "N+": 0.0, "NO2": 0.00010633616937105347, "NO+": 1.6067977074402307e-05}}, "s5d": {"state_name": "s5d", "gmodel_type": "CEAGas", "rho": 12.486, "p": 21912098.896558776, "T": 6070.940053666445, "a": 1562.7, "h": 5518330.0, "u": 3763400.0, "s": 6842.1, "gamma": 1.39157105015782, "R": 289.06963807669575, "Cp": 1027.3000000000002, "molecular_mass": 0.028763, "v": 0.0, "M": 0.0, "Ht": 5517330.0, "Ue": 3321.8458724028724, "total_p": 21915839.856173065, "total_T": 6070.94, "pitot_p": 21915839.856173065, "composition_massf": {"Ar": 0.83332, "O2": 0.14796, "H2": 0.018713}, "composition_moles": {"Ar": 0.5999995784519876, "O2": 0.1329979086715752, "H2": 0.26700102139016213}}, "s6": {"state_name": "s6", "gmodel_type": "CEAGas", "rho": 3.4081, "p": 5076660.540497739, "T": 4724.16, "a": 1343.7, "h": 7541430.0, "u": 6051830.0, "s": 9530.2, "gamma": 1.124414273321569, "R": 315.3138154651295, "Cp": 2849.7, "molecular_mass": 0.026369, "v": 1343.700935550385, "M": 1.0000006962494494, "Ht": 8444199.99993, "Ue": 4109.549853677408, "total_p": 9026847.227024438, "total_T": 5165.7, "pitot_p": 9030572.150867423, "composition_massf": {"e-": 0.0, "N-": 0.0, "O2+": 0.0, "N": 0.0010228, "N2": 0.71839, "O+": 0.0, "N2O": 6.4532e-05, "N2+": 0.0, "O": 0.10328, "O2": 0.075146, "NO": 0.10191, "O-": 0.0, "N+": 0.0, "NO2": 0.00017085, "NO+": 8.1875e-06}, "composition_moles": {"e-": 0.0, "N-": 0.0, "O2+": 0.0, "N": 0.0019255223000421225, "N2": 0.6762201628506357, "O+": 0.0, "N2O": 3.866248700378072e-05, "N2+": 0.0, "O": 0.17021827818543195, "O2": 0.061924974499043724, "NO": 0.08955728301911944, "O-": 0.0, "N+": 0.0, "NO2": 9.792619686776582e-05, "NO+": 7.195208134052155e-06}}, "s8": {"state_name": "s8", "gmodel_type": "CEAGas", "rho": 0.0068205, "p": 2542.1359998124512, "T": 1293.3, "a": 700.0, "h": 1098610.0, "u": 725890.0, "s": 9530.2, "gamma": 1.3173629118494035, "R": 288.19792027729636, "Cp": 1196.3, "molecular_mass": 0.02885, "v": 3832.9064956243037, "M": 5.47558070803472, "Ht": 8444199.99993, "Ue": 4109.549853677408, "total_p": 9026822.491216999, "total_T": 5165.7, "pitot_p": 97422.51914736826, "unit_Re": 505439.440729391, "k": 0.08199000000000001, "mu": 5.1722000000000004e-05, "composition_massf": {"e-": 0.0, "N-": 0.0, "O2+": 0.0, "N": 0.0, "N2": 0.7669, "O+": 0.0, "N2O": 0.0, "N2+": 0.0, "O": 0.0, "O2": 0.23271, "NO": 0.0003943, "O-": 0.0, "N+": 0.0, "NO2": 1.0798e-06, "NO+": 0.0}, "composition_moles": {"e-": 0.0, "N-": 0.0, "O2+": 0.0, "N": 0.0, "N2": 0.7898029157474639, "O+": 0.0, "N2O": 0.0, "N2+": 0.0, "O": 0.0, "O2": 0.20981047726789756, "NO": 0.0003791080813567908, "O-": 0.0, "N+": 0.0, "NO2": 6.771414287422157e-07, "NO+": 0.0}}, "s10f": {"state_name": "s10f", "gmodel_type": "IdealGas", "rho": 0.041398654835349255, "p": 86233.79651083755, "T": 7227.705264638948, "a": 1654.804602027233, "h": 8703602.67967822, "u": 6620593.05403201, "s": 3885.5640938008687, "gamma": 1.3146258361820982, "R": 288.19792027729636, "Cp": 1204.2, "molecular_mass": 0.02885, "v": 631.4669942622014, "M": 0.38159610717097187, "Ht": null, "Ue": null, "total_p": 94793.16967194344, "total_T": 7393.271850273618, "pitot_p": 94793.16967194344}, "s10e": {"state_name": "s10e", "gmodel_type": "CEAGas", "rho": 0.0625861099302805, "p": 91823.0, "T": 4315.058914862238, "a": 1344.7, "h": 8356959.999999999, "u": 6889810.0, "s": 11028.6, "gamma": 1.3394989679888933, "R": 340.0061339658134, "Cp": 1341.5, "molecular_mass": 0.024454, "v": 417.70192751279046, "M": 0.3106283390442407, "Ht": 8444199.99993, "Ue": 4109.549853677408, "total_p": 97422.51914736826, "total_T": 4358.19, "pitot_p": 97422.51914736826, "unit_Re": 203648.35049782318, "k": 0.45519, "mu": 0.00012837000000000002, "composition_massf": {"e-": 0.0, "N-": 0.0, "O2+": 0.0, "N": 0.0024856, "N2": 0.74662, "O+": 0.0, "N2O": 3.0993e-06, "N2+": 0.0, "O": 0.19656, "O2": 0.015828, "NO": 0.038488, "O-": 0.0, "N+": 0.0, "NO2": 4.279e-06, "NO+": 1.0869e-05}, "composition_moles": {"e-": 0.0, "N-": 0.0, "O2+": 0.0, "N": 0.0043395562409418355,