{"states_dict": {"s4": {"state_name": "s4", "gmodel_type": "CEAGas", "rho": 33.429, "p": 37310000.0, "T": 3861.0, "a": 1256.6, "h": 3288120.0, "u": 2172010.0, "s": 6232.3, "gamma": 1.4148350213656617, "R": 289.06963807669575, "Cp": 985.9, "molecular_mass": 0.028763, "v": 0.0, "M": 0.0, "Ht": 3287120.0, "Ue": 2564.028080969473, "total_p": 37307663.26738406, "total_T": 3861.0, "pitot_p": 37307663.26738406, "composition_massf": {"Ar": 0.83332, "O2": 0.14796, "H2": 0.018713}, "composition_moles": {"Ar": 0.5999995784519876, "O2": 0.1329979086715752, "H2": 0.26700102139016213}}, "s1": {"state_name": "s1", "gmodel_type": "CEAGas", "rho": 2.6267, "p": 225701.97196339216, "T": 298.15, "a": 346.7, "h": 7.000000000000001e-05, "u": -85925.0, "s": 6653.6, "gamma": 1.398557725608831, "R": 288.19792027729636, "Cp": 1011.3000000000001, "molecular_mass": 0.02885, "v": 0.0, "M": 0.0, "Ht": -10.11307, "Ue": null, "total_p": 225658.72383429523, "total_T": 298.14, "pitot_p": 225658.72383429523, "composition_massf": {"e-": 0.0, "N-": 0.0, "O2+": 0.0, "N": 0.0, "N2": 0.76708, "O+": 0.0, "N2O": 0.0, "N2+": 0.0, "O": 0.0, "O2": 0.23292, "NO": 0.0, "O-": 0.0, "N+": 0.0, "NO2": 0.0, "NO+": 0.0}, "composition_moles": {"e-": 0.0, "N-": 0.0, "O2+": 0.0, "N": 0.0, "N2": 0.7899882913177266, "O+": 0.0, "N2O": 0.0, "N2+": 0.0, "O": 0.0, "O2": 0.20999981249296848, "NO": 0.0, "O-": 0.0, "N+": 0.0, "NO2": 0.0, "NO+": 0.0}}, "s2": {"state_name": "s2", "gmodel_type": "CEAGas", "rho": 14.470175159288708, "p": 6322500.0, "T": 1516.1517597114894, "a": 754.3, "h": 1371220.0, "u": 934290.0, "s": 7471.3, "gamma": 1.3021433052580904, "R": 288.18793109424286, "Cp": 1242.0, "molecular_mass": 0.028850999999999998, "v": 1378.3208003348652, "M": 1.827284635204647, "Ht": 2321109.99993, "Ue": 2154.5811657628497, "total_p": 37117030.04993158, "total_T": 2243.59, "pitot_p": 29031577.813673858, "unit_Re": 346759104.37847066, "k": 0.09419, "mu": 5.7517e-05, "composition_massf": {"e-": 0.0, "N-": 0.0, "O2+": 0.0, "N": 0.0, "N2": 0.76641, "O+": 0.0, "N2O": 0.0, "N2+": 0.0, "O": 0.0, "O2": 0.23212, "NO": 0.0013749, "O-": 0.0, "N+": 0.0, "NO2": 8.5859e-05, "NO+": 0.0}, "composition_moles": {"e-": 0.0, "N-": 0.0, "O2+": 0.0, "N": 0.0, "N2": 0.789325640943263, "O+": 0.0, "N2O": 0.0, "N2+": 0.0, "O": 0.0, "O2": 0.20928578946710502, "NO": 0.0013219725289191197, "O-": 0.0, "N+": 0.0, "NO2": 5.384395363597831e-05, "NO+": 0.0}}, "s3": {"state_name": "s3", "gmodel_type": "CEAGas", "rho": 9.6598, "p": 6322499.999999997, "T": 2264.21, "a": 972.8, "h": 1749470.0, "u": 1094950.0, "s": 6232.3, "gamma": 1.4458678091508104, "R": 289.06963807669575, "Cp": 937.4, "molecular_mass": 0.028763, "v": 1378.3274156023722, "M": 1.4168661755780965, "Ht": 2698370.0, "Ue": 2323.0884615098066, "total_p": 21028288.740673605, "total_T": 3259.15, "pitot_p": 20061709.19691554, "composition_massf": {"Ar": 0.83332, "O2": 0.14796, "H2": 0.018713}, "composition_moles": {"Ar": 0.5999995784519876, "O2": 0.1329979086715752, "H2": 0.26700102139016213}}, "s5": {"state_name": "s5", "gmodel_type": "CEAGas", "rho": 55.545, "p": 43487159.64249709, "T": 2716.1814755714536, "a": 988.3, "h": 2989940.0, "u": 2207030.0, "s": 7695.9, "gamma": 1.2454420829763218, "R": 288.237883935381, "Cp": 1462.6, "molecular_mass": 0.028846, "v": 0.0, "M": 0.0, "Ht": 2989939.99993, "Ue": 2445.3793161511776, "total_p": 43487714.20996005, "total_T": 2716.18, "pitot_p": 43487714.20996005, "composition_massf": {"e-": 0.0, "N-": 0.0, "O2+": 0.0, "N": 0.0, "N2": 0.75176, "O+": 0.0, "N2O": 5.484e-05, "N2+": 0.0, "O": 0.00045207, "O2": 0.21473, "NO": 0.032278, "O-": 0.0, "N+": 0.0, "NO2": 0.00072255, "NO+": 0.0}, "composition_moles": {"e-": 0.0, "N-": 0.0, "O2+": 0.0, "N": 0.0, "N2": 0.7741034276453411, "O+": 0.0, "N2O": 3.5942149556492654e-05, "N2+": 0.0, "O": 0.0008150562658599698, "O2": 0.193572933360001, "NO": 0.031030063487090958, "O-": 0.0, "N+": 0.0, "NO2": 0.00045304751171055635, "NO+": 0.0}}, "s5d": {"state_name": "s5d", "gmodel_type": "CEAGas", "rho": 27.791, "p": 34448860.199743085, "T": 4288.061793515034, "a": 1321.5, "h": 3711350.0, "u": 2471800.0, "s": 6359.3, "gamma": 1.4089082229970162, "R": 289.06963807669575, "Cp": 996.0, "molecular_mass": 0.028763, "v": 0.0, "M": 0.0, "Ht": 3710350.0, "Ue": 2724.0961803871755, "total_p": 34449415.263417944, "total_T": 4288.06, "pitot_p": 34449415.263417944, "composition_massf": {"Ar": 0.83332, "O2": 0.14796, "H2": 0.018713}, "composition_moles": {"Ar": 0.5999995784519876, "O2": 0.1329979086715752, "H2": 0.26700102139016213}}, "s6": {"state_name": "s6", "gmodel_type": "CEAGas", "rho": 34.453, "p": 23901824.64645962, "T": 2407.31, "a": 934.6, "h": 2548410.0, "u": 1854650.0, "s": 7695.9, "gamma": 1.258299555168284, "R": 288.18793109424286, "Cp": 1403.8999999999999, "molecular_mass": 0.028850999999999998, "v": 939.7127220592472, "M": 1.005470492252565, "Ht": 2989939.99993, "Ue": 2445.3793161511776, "total_p": 43487718.03007276, "total_T": 2716.18, "pitot_p": 43488742.12431062, "composition_massf": {"e-": 0.0, "N-": 0.0, "O2+": 0.0, "N": 0.0, "N2": 0.75777, "O+": 0.0, "N2O": 2.4653e-05, "N2+": 0.0, "O": 0.00014463, "O2": 0.22199, "NO": 0.019621, "O-": 0.0, "N+": 0.0, "NO2": 0.00045047, "NO+": 0.0}, "composition_moles": {"e-": 0.0, "N-": 0.0, "O2+": 0.0, "N": 0.0, "N2": 0.7804273051468227, "O+": 0.0, "N2O": 1.616038295677621e-05, "N2+": 0.0, "O": 0.00026080478830456144, "O2": 0.20015230227383526, "NO": 0.018865679678465377, "O-": 0.0, "N+": 0.0, "NO2": 0.0002824990483746509, "NO+": 0.0}}, "s8": {"state_name": "s8", "gmodel_type": "CEAGas", "rho": 0.075706, "p": 6689.365353247935, "T": 306.6, "a": 351.5, "h": 8547.599999999999, "u": -79813.0, "s": 7695.9, "gamma": 1.398282327198035, "R": 288.19792027729636, "Cp": 1011.8000000000001, "molecular_mass": 0.02885, "v": 2441.8814058016824, "M": 6.947031026462823, "Ht": 2989939.99993, "Ue": 2445.3793161511776, "total_p": 43487934.980787925, "total_T": 2716.18, "pitot_p": 425954.2770698783, "unit_Re": 9725645.712732645, "k": 0.02692, "mu": 1.9008e-05, "composition_massf": {"e-": 0.0, "N-": 0.0, "O2+": 0.0, "N": 0.0, "N2": 0.76708, "O+": 0.0, "N2O": 0.0, "N2+": 0.0, "O": 0.0, "O2": 0.23292, "NO": 0.0, "O-": 0.0, "N+": 0.0, "NO2": 0.0, "NO+": 0.0}, "composition_moles": {"e-": 0.0, "N-": 0.0, "O2+": 0.0, "N": 0.0, "N2": 0.7899882913177266, "O+": 0.0, "N2O": 0.0, "N2+": 0.0, "O": 0.0, "O2": 0.20999981249296848, "NO": 0.0, "O-": 0.0, "N+": 0.0, "NO2": 0.0, "NO+": 0.0}}, "s10f": {"state_name": "s10f", "gmodel_type": "IdealGas", "rho": 0.41289718747671966, "p": 375333.4174156549, "T": 3154.165418914807, "a": 1127.4183224807139, "h": 3191384.5708580017, "u": 2282360.656916187, "s": 2009.3274458368605, "gamma": 1.398282327198035, "R": 288.19792027729636, "Cp": 1011.8, "molecular_mass": 0.02885, "v": 447.7180120164892, "M": 0.39711791363418086, "Ht": null, "Ue": null, "total_p": 418373.7862560258, "total_T": 3253.222257363116, "pitot_p": 418373.7862560258}, "s10e": {"state_name": "s10e", "gmodel_type": "CEAGas", "rho": 0.5133658714744789, "p": 391540.0, "T": 2638.3749174853506, "a": 967.6, "h": 2925100.0, "u": 2162420.0, "s": 9030.900000000001, "gamma": 1.2883975673669303, "R": 289.06963807669575, "Cp": 1291.4, "molecular_mass": 0.028763, "v": 360.10394141834263, "M": 0.3721619898908047, "Ht": 2989939.99993, "Ue": 2445.3793161511776, "total_p": 425954.2770698783, "total_T": 2678.6, "pitot_p": 425954.2770698783, "unit_Re": 2198288.5273514735, "k": 0.20390000000000003, "mu": 8.4095e-05, "composition_massf": {"e-": 0.0, "N-": 0.0, "O2+": 0.0, "N": 0.0, "N2": 0.75368, "O+": 0.0, "N2O": 4.6068e-06, "N2+": 0.0, "O": 0.0034095, "O2": 0.21418, "NO": 0.028655, "O-": 0.0, "N+": 0.0, "NO2": 6.512e-05, "NO+": 0.0}, "composition_moles": {"e-": 0.0, "N-": 0.0, "O2+": 0.0, "N": 0.0, "N2": 0.7738474387257528, "O+": 0.0, "N2O": 3.0106102860985894e-06, "N2+": 0.0, "O": 0.006129445385451956, "O2": 0.19252157393402256, "NO": 0.027467873699014534, "O-": 0.0, "N+": 0.0, "NO2": 4.071353555553141e-05, "NO+": 0.0}}},