{"states_dict": {"s4": {"state_name": "s4", "gmodel_type": "CEAGas", "rho": 33.429, "p": 37310000.0, "T": 3861.0, "a": 1256.6, "h": 3288120.0, "u": 2172010.0, "s": 6232.3, "gamma": 1.4148350213656617, "R": 289.06963807669575, "Cp": 985.9, "molecular_mass": 0.028763, "v": 0.0, "M": 0.0, "Ht": 3287120.0, "Ue": 2564.028080969473, "total_p": 37307663.26738406, "total_T": 3861.0, "pitot_p": 37307663.26738406, "composition_massf": {"Ar": 0.83332, "O2": 0.14796, "H2": 0.018713}, "composition_moles": {"Ar": 0.5999995784519876, "O2": 0.1329979086715752, "H2": 0.26700102139016213}}, "s1": {"state_name": "s1", "gmodel_type": "CEAGas", "rho": 0.21306, "p": 18307.382802953696, "T": 298.15, "a": 346.7, "h": 7.000000000000001e-05, "u": -85925.0, "s": 7377.5, "gamma": 1.398557725608831, "R": 288.19792027729636, "Cp": 1011.3000000000001, "molecular_mass": 0.02885, "v": 0.0, "M": 0.0, "Ht": -10.11307, "Ue": null, "total_p": 18305.038025851707, "total_T": 298.14, "pitot_p": 18305.038025851707, "composition_massf": {"e-": 0.0, "N-": 0.0, "O2+": 0.0, "N": 0.0, "N2": 0.76708, "O+": 0.0, "N2O": 0.0, "N2+": 0.0, "O": 0.0, "O2": 0.23292, "NO": 0.0, "O-": 0.0, "N+": 0.0, "NO2": 0.0, "NO+": 0.0}, "composition_moles": {"e-": 0.0, "N-": 0.0, "O2+": 0.0, "N": 0.0, "N2": 0.7899882913177266, "O+": 0.0, "N2O": 0.0, "N2+": 0.0, "O": 0.0, "O2": 0.20999981249296848, "NO": 0.0, "O-": 0.0, "N+": 0.0, "NO2": 0.0, "NO+": 0.0}}, "s2": {"state_name": "s2", "gmodel_type": "CEAGas", "rho": 1.5295694160642452, "p": 1331900.0, "T": 3001.626320803163, "a": 1027.6, "h": 3512010.0, "u": 2641230.0, "s": 8884.7, "gamma": 1.1865582581810208, "R": 290.0983915425142, "Cp": 1845.1, "molecular_mass": 0.028661000000000002, "v": 2303.57383905798, "M": 2.241702840655878, "Ht": 6165239.99993, "Ue": 3511.47832114339, "total_p": 15560616.30120791, "total_T": 4390.17, "pitot_p": 8433810.828040978, "unit_Re": 38211845.8270753, "k": 0.25902, "mu": 9.2209e-05, "composition_massf": {"e-": 0.0, "N-": 0.0, "O2+": 0.0, "N": 1.6443e-06, "N2": 0.74572, "O+": 0.0, "N2O": 1.3657e-05, "N2+": 0.0, "O": 0.0073866, "O2": 0.20109, "NO": 0.045643, "O-": 0.0, "N+": 0.0, "NO2": 0.00013783, "NO+": 0.0}, "composition_moles": {"e-": 0.0, "N-": 0.0, "O2+": 0.0, "N": 3.364624236972306e-06, "N2": 0.7629591881028365, "O+": 0.0, "N2O": 8.89339639832049e-06, "N2+": 0.0, "O": 0.013232205120192008, "O2": 0.18011426959760993, "NO": 0.04359693605633522, "O-": 0.0, "N+": 0.0, "NO2": 8.586681222897262e-05, "NO+": 0.0}}, "s3": {"state_name": "s3", "gmodel_type": "CEAGas", "rho": 3.3261, "p": 1331900.0000000007, "T": 1385.26, "a": 768.8, "h": 942570.0, "u": 542130.0, "s": 6232.3, "gamma": 1.4759677042347512, "R": 289.06963807669575, "Cp": 896.4, "molecular_mass": 0.028763, "v": 2303.5645624211106, "M": 2.9963118657922876, "Ht": 3594780.0, "Ue": 2681.3354881476507, "total_p": 48633222.237298556, "total_T": 4171.87, "pitot_p": 16751168.259451061, "composition_massf": {"Ar": 0.83332, "O2": 0.14796, "H2": 0.018713}, "composition_moles": {"Ar": 0.5999995784519876, "O2": 0.1329979086715752, "H2": 0.26700102139016213}}, "s5": {"state_name": "s5", "gmodel_type": "CEAGas", "rho": 7.598, "p": 11492764.859761562, "T": 4862.521475654067, "a": 1355.7, "h": 7502150.0, "u": 5989550.0, "s": 9266.1, "gamma": 1.1316946071987237, "R": 311.0786441185274, "Cp": 2673.2, "molecular_mass": 0.026728000000000002, "v": 0.0, "M": 0.0, "Ht": 7502149.99993, "Ue": 3873.538434023858, "total_p": 11493295.83138955, "total_T": 4862.53, "pitot_p": 11493295.83138955, "composition_massf": {"e-": 0.0, "N-": 0.0, "O2+": 0.0, "N": 0.00095755, "N2": 0.71243, "O+": 0.0, "N2O": 0.00011095, "N2+": 0.0, "O": 0.087096, "O2": 0.084423, "NO": 0.11467, "O-": 1.1498e-06, "N+": 0.0, "NO2": 0.00029911, "NO+": 8.626e-06}, "composition_moles": {"e-": 0.0, "N-": 0.0, "O2+": 0.0, "N": 0.0018272252850421585, "N2": 0.679740018705334, "O+": 0.0, "N2O": 6.737748109640833e-05, "N2+": 0.0, "O": 0.14549932422465844, "O2": 0.0705169551358176, "NO": 0.10214255634687613, "O-": 1.920747070399964e-06, "N+": 0.0, "NO2": 0.00017377513732053776, "NO+": 7.68376907747811e-06}}, "s5d": {"state_name": "s5d", "gmodel_type": "CEAGas", "rho": 14.624, "p": 24178287.383737512, "T": 5719.57919907789, "a": 1518.0, "h": 5158110.0, "u": 3504740.0, "s": 6752.6, "gamma": 1.3938115547690377, "R": 289.06963807669575, "Cp": 1023.0999999999999, "molecular_mass": 0.028763, "v": 0.0, "M": 0.0, "Ht": 5157110.0, "Ue": 3211.5759371374047, "total_p": 24176535.09145652, "total_T": 5719.58, "pitot_p": 24176535.09145652, "composition_massf": {"Ar": 0.83332, "O2": 0.14796, "H2": 0.018713}, "composition_moles": {"Ar": 0.5999995784519876, "O2": 0.1329979086715752, "H2": 0.26700102139016213}}, "s6": {"state_name": "s6", "gmodel_type": "CEAGas", "rho": 4.7875, "p": 6573565.942754826, "T": 4470.26, "a": 1285.9, "h": 6696950.0, "u": 5323870.0, "s": 9266.1, "gamma": 1.1250019664727344, "R": 307.1598507517825, "Cp": 2764.4, "molecular_mass": 0.027069, "v": 1285.900366336825, "M": 1.0000002848874912, "Ht": 7523729.99993, "Ue": 3879.105566990927, "total_p": 11658128.718679477, "total_T": 4873.24, "pitot_p": 11658212.804401053, "composition_massf": {"e-": 0.0, "N-": 0.0, "O2+": 0.0, "N": 0.00043823, "N2": 0.71733, "O+": 0.0, "N2O": 7.5087e-05, "N2+": 0.0, "O": 0.072593, "O2": 0.10394, "NO": 0.10536, "O-": 0.0, "N+": 0.0, "NO2": 0.00025555, "NO+": 3.6349e-06}, "composition_moles": {"e-": 0.0, "N-": 0.0, "O2+": 0.0, "N": 0.000846912396924329, "N2": 0.6931470571226627, "O+": 0.0, "N2O": 4.6180429397811546e-05, "N2+": 0.0, "O": 0.12281835050064378, "O2": 0.087926792879733, "NO": 0.09504700177630548, "O-": 0.0, "N+": 0.0, "NO2": 0.00015036208605492823, "NO+": 3.279163471730101e-06}}, "s8": {"state_name": "s8", "gmodel_type": "CEAGas", "rho": 0.0096122, "p": 2979.5897742986294, "T": 1075.59, "a": 641.7, "h": 840600.0, "u": 530620.0, "s": 9266.1, "gamma": 1.329368268894434, "R": 288.19792027729636, "Cp": 1163.2, "molecular_mass": 0.02885, "v": 3655.9868369764654, "M": 5.697345857840837, "Ht": 7523709.99993, "Ue": 3879.100411159783, "total_p": 11658084.971948054, "total_T": 4873.23, "pitot_p": 124612.77903535539, "unit_Re": 768317.5555736937, "k": 0.07039, "mu": 4.5739000000000004e-05, "composition_massf": {"e-": 0.0, "N-": 0.0, "O2+": 0.0, "N": 0.0, "N2": 0.76705, "O+": 0.0, "N2O": 0.0, "N2+": 0.0, "O": 0.0, "O2": 0.23288, "NO": 7.0537e-05, "O-": 0.0, "N+": 0.0, "NO2": 0.0, "NO+": 0.0}, "composition_moles": {"e-": 0.0, "N-": 0.0, "O2+": 0.0, "N": 0.0, "N2": 0.7899573953893495, "O+": 0.0, "N2O": 0.0, "N2+": 0.0, "O": 0.0, "O2": 0.20996374864057404, "NO": 6.781929174401206e-05, "O-": 0.0, "N+": 0.0, "NO2": 0.0, "NO+": 0.0}}, "s10f": {"state_name": "s10f", "gmodel_type": "IdealGas", "rho": 0.05736133372157366, "p": 109928.20590951644, "T": 6649.6541317861665, "a": 1595.654100339752, "h": 7748841.9597704215, "u": 5832425.468426317, "s": 3594.4476958707896, "gamma": 1.3285796795378826, "R": 288.19792027729636, "Cp": 1165.3000000000002, "molecular_mass": 0.02885, "v": 612.6384632100227, "M": 0.3839418976077445, "Ht": null, "Ue": null, "total_p": 121096.09398907979, "total_T": 6810.696733092415, "pitot_p": 121096.09398907979}, "s10e": {"state_name": "s10e", "gmodel_type": "CEAGas", "rho": 0.08799226936247598, "p": 117419.99999999999, "T": 4028.207145198324, "a": 1266.9, "h": 7443970.0, "u": 6109520.0, "s": 10726.699999999999, "gamma": 1.3302344724291306, "R": 331.2685764373083, "Cp": 1334.4, "molecular_mass": 0.025099, "v": 399.37686491094644, "M": 0.31523945450386487, "Ht": 7523729.99993, "Ue": 3879.105566990927, "total_p": 124612.77903535539, "total_T": 4062.48, "pitot_p": 124612.77903535539, "unit_Re": 291248.7707142813, "k": 0.55614, "mu": 0.00012066, "composition_massf": {"e-": 0.0, "N-": 0.0, "O2+": 0.0, "N": 0.00082489, "N2": 0.74222, "O+": 0.0, "N2O": 4.6152e-06, "N2+": 0.0, "O": 0.16486, "O2": 0.040601, "NO": 0.051474, "O-": 0.0, "N+": 0.0, "NO2": 1.1538e-05, "NO+": 4.1778e-06}, "composition_moles": {"e-": 0.0, "N-": 0.0, "O2+": 0.0,