{"states_dict": {"s4": {"state_name": "s4", "gmodel_type": "CEAGas", "rho": 33.429, "p": 37310000.0, "T": 3861.0, "a": 1256.6, "h": 3288120.0, "u": 2172010.0, "s": 6232.3, "gamma": 1.4148350213656617, "R": 289.06963807669575, "Cp": 985.9, "molecular_mass": 0.028763, "v": 0.0, "M": 0.0, "Ht": 3287120.0, "Ue": 2564.028080969473, "total_p": 37307663.26738406, "total_T": 3861.0, "pitot_p": 37307663.26738406, "composition_massf": {"Ar": 0.83332, "O2": 0.14796, "H2": 0.018713}, "composition_moles": {"Ar": 0.5999995784519876, "O2": 0.1329979086715752, "H2": 0.26700102139016213}}, "s1": {"state_name": "s1", "gmodel_type": "CEAGas", "rho": 0.39006, "p": 33516.02650938841, "T": 298.15, "a": 346.7, "h": 7.000000000000001e-05, "u": -85925.0, "s": 7203.2, "gamma": 1.398557725608831, "R": 288.19792027729636, "Cp": 1011.3000000000001, "molecular_mass": 0.02885, "v": 0.0, "M": 0.0, "Ht": null, "Ue": null, "total_p": 33516.68540798657, "total_T": 298.15, "pitot_p": 33516.68540798657, "composition_massf": {"e-": 0.0, "N-": 0.0, "O2+": 0.0, "N": 0.0, "N2": 0.76708, "O+": 0.0, "N2O": 0.0, "N2+": 0.0, "O": 0.0, "O2": 0.23292, "NO": 0.0, "O-": 0.0, "N+": 0.0, "NO2": 0.0, "NO+": 0.0}, "composition_moles": {"e-": 0.0, "N-": 0.0, "O2+": 0.0, "N": 0.0, "N2": 0.7899882913177266, "O+": 0.0, "N2O": 0.0, "N2+": 0.0, "O": 0.0, "O2": 0.20999981249296848, "NO": 0.0, "O-": 0.0, "N+": 0.0, "NO2": 0.0, "NO+": 0.0}}, "s2": {"state_name": "s2", "gmodel_type": "CEAGas", "rho": 2.6325901848791995, "p": 2015200.0, "T": 2652.4048173616966, "a": 974.3, "h": 2916550.0, "u": 2151070.0, "s": 8554.5, "gamma": 1.231656450428421, "R": 288.59805623047555, "Cp": 1534.4, "molecular_mass": 0.02881, "v": 2080.2929123198255, "M": 2.135166696417762, "Ht": 5080349.99993, "Ue": 3187.585292954527, "total_p": 19678827.30179203, "total_T": 3928.83, "pitot_p": 11869954.600716602, "unit_Re": 64927369.6504634, "k": 0.18211, "mu": 8.4349e-05, "composition_massf": {"e-": 0.0, "N-": 0.0, "O2+": 0.0, "N": 0.0, "N2": 0.75331, "O+": 0.0, "N2O": 1.0726e-05, "N2+": 0.0, "O": 0.0016024, "O2": 0.21554, "NO": 0.029378, "O-": 0.0, "N+": 0.0, "NO2": 0.0001501, "NO+": 0.0}, "composition_moles": {"e-": 0.0, "N-": 0.0, "O2+": 0.0, "N": 0.0, "N2": 0.7747314178214711, "O+": 0.0, "N2O": 7.021049785516941e-06, "N2+": 0.0, "O": 0.002885429703613885, "O2": 0.19406063352375713, "NO": 0.028206937256091264, "O-": 0.0, "N+": 0.0, "NO2": 9.399704383171578e-05, "NO+": 0.0}}, "s3": {"state_name": "s3", "gmodel_type": "CEAGas", "rho": 4.4067, "p": 2015200.000000001, "T": 1581.98, "a": 819.3, "h": 1119940.0, "u": 662630.0, "s": 6232.3, "gamma": 1.4680301615622187, "R": 289.06963807669575, "Cp": 906.6999999999999, "molecular_mass": 0.028763, "v": 2080.282572733703, "M": 2.5390974889951217, "Ht": 3282720.0, "Ue": 2562.3114564783104, "total_p": 37161080.025310986, "total_T": 3856.54, "pitot_p": 18380462.18237486, "composition_massf": {"Ar": 0.83332, "O2": 0.14796, "H2": 0.018713}, "composition_moles": {"Ar": 0.5999995784519876, "O2": 0.1329979086715752, "H2": 0.26700102139016213}}, "s5": {"state_name": "s5", "gmodel_type": "CEAGas", "rho": 12.381, "p": 16483543.211773839, "T": 4432.094586938798, "a": 1267.8, "h": 6248770.0, "u": 4917380.0, "s": 8886.300000000001, "gamma": 1.1414719789751435, "R": 300.40140183539273, "Cp": 2423.8, "molecular_mass": 0.027678, "v": 0.0, "M": 0.0, "Ht": 6248759.99993, "Ue": 3535.183163551784, "total_p": 16485891.78258512, "total_T": 4432.11, "pitot_p": 16485891.78258512, "composition_massf": {"e-": 0.0, "N-": 0.0, "O2+": 0.0, "N": 0.0002439, "N2": 0.71383, "O+": 0.0, "N2O": 0.00012826, "N2+": 0.0, "O": 0.046902, "O2": 0.12534, "NO": 0.11307, "O-": 0.0, "N+": 0.0, "NO2": 0.00048736, "NO+": 2.2587e-06}, "composition_moles": {"e-": 0.0, "N-": 0.0, "O2+": 0.0, "N": 0.00048195964788279896, "N2": 0.7052834265030307, "O+": 0.0, "N2O": 8.065790588192527e-05, "N2+": 0.0, "O": 0.08113763991149668, "O2": 0.10841533182494344, "NO": 0.10429717490776876, "O-": 0.0, "N+": 0.0, "NO2": 0.0002932073356446512, "NO+": 2.083491076921186e-06}}, "s5d": {"state_name": "s5d", "gmodel_type": "CEAGas", "rho": 17.94, "p": 27294905.12827314, "T": 5263.291029459253, "a": 1458.3, "h": 4692820.0, "u": 3171360.0, "s": 6632.799999999999, "gamma": 1.397657950772449, "R": 289.06963807669575, "Cp": 1016.0, "molecular_mass": 0.028763, "v": 0.0, "M": 0.0, "Ht": 4691820.0, "Ue": 3063.2727596477594, "total_p": 27290785.149981827, "total_T": 5263.29, "pitot_p": 27290785.149981827, "composition_massf": {"Ar": 0.83332, "O2": 0.14796, "H2": 0.018713}, "composition_moles": {"Ar": 0.5999995784519876, "O2": 0.1329979086715752, "H2": 0.26700102139016213}}, "s6": {"state_name": "s6", "gmodel_type": "CEAGas", "rho": 7.7623, "p": 9395222.996738039, "T": 4069.35, "a": 1205.9, "h": 5534840.0, "u": 4324470.0, "s": 8886.300000000001, "gamma": 1.1426504645763782, "R": 297.4354296343994, "Cp": 2382.5, "molecular_mass": 0.027954, "v": 1205.9009603484965, "M": 1.0000007963749038, "Ht": 6261939.99993, "Ue": 3538.9094365157184, "total_p": 16649672.555676859, "total_T": 4438.84, "pitot_p": 16653317.011263497, "composition_massf": {"e-": 0.0, "N-": 0.0, "O2+": 0.0, "N": 9.9705e-05, "N2": 0.7209, "O+": 0.0, "N2O": 8.2333e-05, "N2+": 0.0, "O": 0.035615, "O2": 0.14456, "NO": 0.098346, "O-": 0.0, "N+": 0.0, "NO2": 0.00038703, "NO+": 0.0}, "composition_moles": {"e-": 0.0, "N-": 0.0, "O2+": 0.0, "N": 0.0001989871682837499, "N2": 0.7193713936901626, "O+": 0.0, "N2O": 5.2292439517594886e-05, "N2+": 0.0, "O": 0.062226190357138396, "O2": 0.1262869307599035, "NO": 0.09162017336474917, "O-": 0.0, "N+": 0.0, "NO2": 0.00023516833030833275, "NO+": 0.0}}, "s8": {"state_name": "s8", "gmodel_type": "CEAGas", "rho": 0.015799, "p": 3706.2402202917638, "T": 813.98, "a": 562.9, "h": 542780.0, "u": 308200.0, "s": 8886.300000000001, "gamma": 1.350860957613583, "R": 288.19792027729636, "Cp": 1109.6, "molecular_mass": 0.02885, "v": 3382.058119868644, "M": 6.008275217389668, "Ht": 6261939.99993, "Ue": 3538.9094365157184, "total_p": 16649595.2981465, "total_T": 4438.84, "pitot_p": 174399.4513258803, "unit_Re": 1410105.7249572405, "k": 0.056499999999999995, "mu": 3.7893e-05, "composition_massf": {"e-": 0.0, "N-": 0.0, "O2+": 0.0, "N": 0.0, "N2": 0.76708, "O+": 0.0, "N2O": 0.0, "N2+": 0.0, "O": 0.0, "O2": 0.23292, "NO": 2.6412e-06, "O-": 0.0, "N+": 0.0, "NO2": 0.0, "NO+": 0.0}, "composition_moles": {"e-": 0.0, "N-": 0.0, "O2+": 0.0, "N": 0.0, "N2": 0.7899882913177266, "O+": 0.0, "N2O": 0.0, "N2+": 0.0, "O": 0.0, "O2": 0.20999981249296848, "NO": 2.5394376476783053e-06, "O-": 0.0, "N+": 0.0, "NO2": 0.0, "NO+": 0.0}}, "s10f": {"state_name": "s10f", "gmodel_type": "IdealGas", "rho": 0.09143661102373744, "p": 153195.13504531988, "T": 5813.450918472518, "a": 1504.3677741890388, "h": 6451767.829320801, "u": 4776343.364982883, "s": 3177.340411599608, "gamma": 1.3507755486385393, "R": 288.19792027729636, "Cp": 1109.8000000000002, "molecular_mass": 0.02885, "v": 584.3727196985029, "M": 0.3884507031623443, "Ht": null, "Ue": null, "total_p": 169406.17141371567, "total_T": 5967.303628658059, "pitot_p": 169406.17141371567}, "s10e": {"state_name": "s10e", "gmodel_type": "CEAGas", "rho": 0.13840441047064792, "p": 163790.0, "T": 3733.4374503740787, "a": 1179.7, "h": 6187410.0, "u": 5004010.0, "s": 10294.4, "gamma": 1.3140123664488828, "R": 316.97266592962524, "Cp": 1326.4, "molecular_mass": 0.026231, "v": 386.0652709989797, "M": 0.32725715944645223, "Ht": 6261949.99993, "Ue": 3538.9122622438663, "total_p": 174399.4513258803, "total_T": 3762.13, "pitot_p": 174399.4513258803, "unit_Re": 476911.24808822473, "k": 0.67459, "mu": 0.00011204000000000002, "composition_massf": {"e-": 0.0, "N-": 0.0, "O2+": 0.0, "N": 0.00021724, "N2": 0.73806, "O+": 0.0, "N2O": 6.4917e-06, "N2+": 0.0, "O": 0.11052, "O2": 0.089489, "NO": 0.061667, "O-": 0.0, "N+": 0.0, "NO2": 2.7817e-05, "NO+": 1.2132e-06}, "composition_moles": {"e-": 0.0, "N-": 0.0, "O2+": 0.0, "N": 0.0004068354744515125, "N2": 0.6910996830088458, "O+": 0.0,