{"states_dict": {"s4": {"state_name": "s4", "gmodel_type": "CEAGas", "rho": 33.429, "p": 37310000.0, "T": 3861.0, "a": 1256.6, "h": 3288120.0, "u": 2172010.0, "s": 6232.3, "gamma": 1.4148350213656617, "R": 289.06963807669575, "Cp": 985.9, "molecular_mass": 0.028763, "v": 0.0, "M": 0.0, "Ht": 3287120.0, "Ue": 2564.028080969473, "total_p": 37307663.26738406, "total_T": 3861.0, "pitot_p": 37307663.26738406, "composition_massf": {"Ar": 0.83332, "O2": 0.14796, "H2": 0.018713}, "composition_moles": {"Ar": 0.5999995784519876, "O2": 0.1329979086715752, "H2": 0.26700102139016213}}, "s1": {"state_name": "s1", "gmodel_type": "CEAGas", "rho": 6.6597, "p": 572236.765935022, "T": 298.15, "a": 346.7, "h": 7.000000000000001e-05, "u": -85925.0, "s": 6385.4, "gamma": 1.398557725608831, "R": 288.19792027729636, "Cp": 1011.3000000000001, "molecular_mass": 0.02885, "v": 0.0, "M": 0.0, "Ht": -10.11307, "Ue": null, "total_p": 572286.0842026267, "total_T": 298.14, "pitot_p": 572286.0842026267, "composition_massf": {"e-": 0.0, "N-": 0.0, "O2+": 0.0, "N": 0.0, "N2": 0.76708, "O+": 0.0, "N2O": 0.0, "N2+": 0.0, "O": 0.0, "O2": 0.23292, "NO": 0.0, "O-": 0.0, "N+": 0.0, "NO2": 0.0, "NO+": 0.0}, "composition_moles": {"e-": 0.0, "N-": 0.0, "O2+": 0.0, "N": 0.0, "N2": 0.7899882913177266, "O+": 0.0, "N2O": 0.0, "N2+": 0.0, "O": 0.0, "O2": 0.20999981249296848, "NO": 0.0, "O-": 0.0, "N+": 0.0, "NO2": 0.0, "NO+": 0.0}}, "s2": {"state_name": "s2", "gmodel_type": "CEAGas", "rho": 31.87771695238934, "p": 10000000.0, "T": 1088.5594871459991, "a": 645.3, "h": 855760.0, "u": 542050.0, "s": 6940.400000000001, "gamma": 1.3276307150409503, "R": 288.18793109424286, "Cp": 1167.8, "molecular_mass": 0.028850999999999998, "v": 1058.2900365740918, "M": 1.6399969573440134, "Ht": 1415739.99993, "Ue": 1682.700210928851, "total_p": 44121040.89743187, "total_T": 1551.82, "pitot_p": 38482866.34431025, "unit_Re": 731686517.002682, "k": 0.07108, "mu": 4.6107e-05, "composition_massf": {"e-": 0.0, "N-": 0.0, "O2+": 0.0, "N": 0.0, "N2": 0.76703, "O+": 0.0, "N2O": 0.0, "N2+": 0.0, "O": 0.0, "O2": 0.23285, "NO": 7.9669e-05, "O-": 0.0, "N+": 0.0, "NO2": 3.749e-05, "NO+": 0.0}, "composition_moles": {"e-": 0.0, "N-": 0.0, "O2+": 0.0, "N": 0.0, "N2": 0.7899641789286556, "O+": 0.0, "N2O": 0.0, "N2+": 0.0, "O": 0.0, "O2": 0.2099439775866595, "NO": 7.660210153935366e-05, "O-": 0.0, "N+": 0.0, "NO2": 2.3510753931595136e-05, "NO+": 0.0}}, "s3": {"state_name": "s3", "gmodel_type": "CEAGas", "rho": 13.277, "p": 9999999.999999996, "T": 2605.6, "a": 1040.5, "h": 2071679.9999999998, "u": 1318480.0, "s": 6232.3, "gamma": 1.4373677693297437, "R": 289.06963807669575, "Cp": 950.0, "molecular_mass": 0.028763, "v": 1058.2824952722563, "M": 1.017090336638401, "Ht": 2630670.0, "Ue": 2293.7611035153595, "total_p": 19554915.814366374, "total_T": 3189.3, "pitot_p": 19555123.306580245, "composition_massf": {"Ar": 0.83332, "O2": 0.14796, "H2": 0.018713}, "composition_moles": {"Ar": 0.5999995784519876, "O2": 0.1329979086715752, "H2": 0.26700102139016213}}, "s5": {"state_name": "s5", "gmodel_type": "CEAGas", "rho": 109.57, "p": 60319547.59253182, "T": 1910.5206026252795, "a": 839.9, "h": 1874650.0, "u": 1324130.0, "s": 7116.1, "gamma": 1.2817929807111927, "R": 288.14798128573904, "Cp": 1310.7, "molecular_mass": 0.028855, "v": 0.0, "M": 0.0, "Ht": 1874649.99993, "Ue": 1936.3109254094497, "total_p": 60319547.59253182, "total_T": 1910.52, "pitot_p": 60319547.59253182, "composition_massf": {"e-": 0.0, "N-": 0.0, "O2+": 0.0, "N": 0.0, "N2": 0.76408, "O+": 0.0, "N2O": 1.25e-05, "N2+": 0.0, "O": 3.3461e-06, "O2": 0.22933, "NO": 0.0061052, "O-": 0.0, "N+": 0.0, "NO2": 0.00046447, "NO+": 0.0}, "composition_moles": {"e-": 0.0, "N-": 0.0, "O2+": 0.0, "N": 0.0, "N2": 0.7870350760707376, "O+": 0.0, "N2O": 8.19505916460666e-06, "N2+": 0.0, "O": 6.034708520319512e-06, "O2": 0.20679891589684612, "NO": 0.005870991098476643, "O-": 0.0, "N+": 0.0, "NO2": 0.00029131912162676205, "NO+": 0.0}}, "s5d": {"state_name": "s5d", "gmodel_type": "CEAGas", "rho": 30.82, "p": 36119303.14454765, "T": 4054.198417806778, "a": 1286.4, "h": 3479050.0, "u": 2307100.0, "s": 6289.900000000001, "gamma": 1.4120557765799147, "R": 289.06963807669575, "Cp": 990.6, "molecular_mass": 0.028763, "v": 0.0, "M": 0.0, "Ht": 3478050.0, "Ue": 2637.4419424889716, "total_p": 36120534.26217002, "total_T": 4054.2, "pitot_p": 36120534.26217002, "composition_massf": {"Ar": 0.83332, "O2": 0.14796, "H2": 0.018713}, "composition_moles": {"Ar": 0.5999995784519876, "O2": 0.1329979086715752, "H2": 0.26700102139016213}}, "s6": {"state_name": "s6", "gmodel_type": "CEAGas", "rho": 68.182, "p": 32746450.203400806, "T": 1666.66, "a": 788.3, "h": 1560180.0, "u": 1079900.0, "s": 7116.1, "gamma": 1.2941293552852535, "R": 288.16795480539287, "Cp": 1267.9, "molecular_mass": 0.028853, "v": 793.0573749735892, "M": 1.0060349803039315, "Ht": 1874649.99993, "Ue": 1936.3109254094497, "total_p": 60319290.91614395, "total_T": 1910.52, "pitot_p": 60318781.93854417, "composition_massf": {"e-": 0.0, "N-": 0.0, "O2+": 0.0, "N": 0.0, "N2": 0.76577, "O+": 0.0, "N2O": 4.1381e-06, "N2+": 0.0, "O": 0.0, "O2": 0.23133, "NO": 0.0026425, "O-": 0.0, "N+": 0.0, "NO2": 0.00024975, "NO+": 0.0}, "composition_moles": {"e-": 0.0, "N-": 0.0, "O2+": 0.0, "N": 0.0, "N2": 0.788721176651174, "O+": 0.0, "N2O": 2.7127699055729247e-06, "N2+": 0.0, "O": 0.0, "O2": 0.20858796236108856, "NO": 0.0025409517564761834, "O-": 0.0, "N+": 0.0, "NO2": 0.00015663424481855435, "NO+": 0.0}}, "s8": {"state_name": "s8", "gmodel_type": "CEAGas", "rho": 0.15474, "p": 8144.639967555808, "T": 182.64, "a": 271.4, "h": -116630.0, "u": -169270.0, "s": 7116.1, "gamma": 1.3998294793879724, "R": 288.19792027729636, "Cp": 1008.9999999999999, "molecular_mass": 0.02885, "v": 1995.63523721145, "M": 7.353114359658991, "Ht": 1874659.99993, "Ue": 1936.3160898623964, "total_p": 60319769.20111016, "total_T": 1910.53, "pitot_p": 577431.5872292836, "unit_Re": null, "k": NaN, "mu": NaN, "composition_massf": {"e-": 0.0, "N-": 0.0, "O2+": 0.0, "N": 0.0, "N2": 0.76708, "O+": 0.0, "N2O": 0.0, "N2+": 0.0, "O": 0.0, "O2": 0.23292, "NO": 0.0, "O-": 0.0, "N+": 0.0, "NO2": 0.0, "NO+": 0.0}, "composition_moles": {"e-": 0.0, "N-": 0.0, "O2+": 0.0, "N": 0.0, "N2": 0.7899882913177266, "O+": 0.0, "N2O": 0.0, "N2+": 0.0, "O": 0.0, "O2": 0.20999981249296848, "NO": 0.0, "O-": 0.0, "N+": 0.0, "NO2": 0.0, "NO+": 0.0}}, "s10f": {"state_name": "s10f", "gmodel_type": "IdealGas", "rho": 0.8500632450089447, "p": 512210.01826901786, "T": 2090.7686886027545, "a": 918.4086862019956, "h": 2109585.606800179, "u": 1507030.418963975, "s": 1498.2232088510616, "gamma": 1.3998294793879726, "R": 288.19792027729636, "Cp": 1009.0, "molecular_mass": 0.02885, "v": 363.25790617637114, "M": 0.3955296935165048, "Ht": null, "Ue": null, "total_p": 570523.6423280005, "total_T": 2156.158334985134, "pitot_p": 570523.6423280005}, "s10e": {"state_name": "s10e", "gmodel_type": "CEAGas", "rho": 0.9761956148655165, "p": 526720.0, "T": 1872.2094065167578, "a": 832.1, "h": 1824610.0, "u": 1285050.0, "s": 8455.8, "gamma": 1.2991770975520547, "R": 288.19792027729636, "Cp": 1251.5, "molecular_mass": 0.02885, "v": 316.33475084667486, "M": 0.38016434424549317, "Ht": 1874649.99993, "Ue": 1936.3109254094497, "total_p": 577431.5872292836, "total_T": 1910.4, "pitot_p": 577431.5872292836, "unit_Re": 4656702.907472023, "k": 0.11520999999999999, "mu": 6.6314e-05, "composition_massf": {"e-": 0.0, "N-": 0.0, "O2+": 0.0, "N": 0.0, "N2": 0.76453, "O+": 0.0, "N2O": 1.0446e-06, "N2+": 0.0, "O": 2.5817e-05, "O2": 0.22996, "NO": 0.0054355, "O-": 0.0, "N+": 0.0, "NO2": 4.1585e-05, "NO+": 0.0}, "composition_moles": {"e-": 0.0, "N-": 0.0, "O2+": 0.0, "N": 0.0, "N2": 0.7873621374056703, "O+": 0.0, "N2O": 6.847260342445835e-07, "N2+": 0.0, "O": 4.655302386339488e-05, "O2": 0.2073310874157781, "NO": 0.0052260765311053425, "O-": 0.0, "N+": 0.0, "NO2": 2.6077909163034856e-05, "NO+": 0.0}}}, "config_data": {"output_filename": "HYPULSE_RST_M8_condition_builder_87",