driver_condition,area_ratio,test_gas_gas_model,test_gas_name,accelerator_gas_gas_model,accelerator_gas_name,p1,p5,vs1,vs2,Ht,h,Ue,pitot_p,total_p,basic_test_time_us,p2,T2,rho2,v2,M2,a2,gamma2,R2,Ht2,h2,p3,T3,rho3,v3,M3,a3,p7,T7,rho7,v7,M7,a7,p6,T6,rho6,v6,M6,a6,p8,T8,rho8,v8,M8,a8,gamma8,R8,unit_Re8,p10f,T10f,rho10f,v10f,M10f,a10f,p10e,T10e,rho10e,v10e,M10e,a10e,unit_Re10e,s2 Xe-,s2 XN-,s2 XO2+,s2 XN,s2 XN2,s2 XO+,s2 XN2O,s2 XN2+,s2 XO,s2 XO2,s2 XNO,s2 XO-,s2 XN+,s2 XNO2,s2 XNO+,s7 Xe-,s7 XN-,s7 XO2+,s7 XN,s7 XN2,s7 XO+,s7 XN2O,s7 XN2+,s7 XO,s7 XO2,s7 XNO,s7 XO-,s7 XN+,s7 XNO2,s7 XNO+,s8 Xe-,s8 XN-,s8 XO2+,s8 XN,s8 XN2,s8 XO+,s8 XN2O,s8 XN2+,s8 XO,s8 XO2,s8 XNO,s8 XO-,s8 XN+,s8 XNO2,s8 XNO+,s10e Xe-,s10e XN-,s10e XO2+,s10e XN,s10e XN2,s10e XO+,s10e XN2O,s10e XN2+,s10e XO,s10e XO2,s10e XNO,s10e XO-,s10e XN+,s10e XNO2,s10e XNO+
custom_from_dict,16,CEAGas,n2-o2-with-ions,CEAGas,air13species,34437.08609271523,34.85535029627048,3366.641675081628,7578.992626689149,29788999.99993,179850.0,7718.678643385797,84415.53081299164,22021994999.996445,68.67637309326187,4036099.9999999995,3994.8493523594516,3.365296946977177,2965.7015286998394,2.477818972929935,1196.9,1.127627928923709,300.21700667990615,9984449.99993,5586760.0,4036100.0000000023,2416.19,1.7917,2965.7160839881462,1.7408523620498628,1703.6,8715.080620461817,1268.23,0.023845,7578.992626689143,10.927036659009723,693.6,22021.0,6668.555907238181,0.006788131862927558,7124.37355327528,3.70694289675596,1921.9,200.74499595211608,474.56,0.0014678,7695.348545414197,17.66608940636868,435.6,1.3876743530026134,288.19792027729636,432883.63143214496,72774.59239362007,28394.879792113905,0.008893012539798352,1270.1123731068064,0.376905892740949,3369.8395211341704,81637.0,7181.6404593780435,0.023260171054088764,485.6040210836471,0.2419551674557285,2007.0,55723.89045367024,0.0,0.0,0.0,0.00023177535750747857,0.7158896599484532,0.0,3.133092520812127e-05,0.0,0.08002597253647012,0.1191622060827281,0.08450703373647359,0.0,0.0,0.00014182358739715906,0.0,0.0,0.0,0.0,0.0,0.7898235130330487,0.0,0.0,0.0,0.0,0.20983752515719342,0.00032045834013750543,0.0,0.0,1.177879927399985e-06,0.0,0.0,0.0,0.0,0.0,0.7899882913177266,0.0,0.0,0.0,0.0,0.20999981249296848,0.0,0.0,0.0,0.0,0.0,0.0,0.0,0.0,0.5731731649853286,0.17793766090513827,0.0001226406346895628,0.0,2.7344353527681235e-05,0.24519842431591188,2.3084316724377168e-05,0.0018846004879007935,0.0,0.00031361837699398284,0.0,0.0004211185854094986