{"states_dict": {"s4": {"state_name": "s4", "gmodel_type": "CEAGas", "rho": 6.564, "p": 20463660.85059053, "T": 3282.1666775582953, "a": 1953.7, "h": 1942650.0, "u": -1174900.0, "s": 20371.1, "gamma": 1.1675861970187844, "R": 949.7955220470643, "Cp": 6617.3, "molecular_mass": 0.008754, "v": 592.4149649051079, "M": 0.3032271919461063, "Ht": 2117150.0, "Ue": 2057.741480361418, "total_p": 21642910.225146476, "total_T": 3312.67, "pitot_p": 21642910.225146476, "composition_massf": {"H2O": 0.63246, "OH": 0.039556, "He": 0.28943, "HO2": 0.00014803, "O": 0.0031132, "O2": 0.028864, "H2": 0.0059375, "H": 0.00045175, "H2O2": 3.9129e-05}, "composition_moles": {"H2O": 0.3073254948021901, "OH": 0.020360222351055484, "He": 0.6330057847370284, "HO2": 3.9260303198680023e-05, "O": 0.0017033734265034938, "O2": 0.007896404115154318, "H2": 0.025783714804452643, "H": 0.00392346717066492, "H2O2": 1.0070218682051395e-05}}, "s1": {"state_name": "s1", "gmodel_type": "CEAGas", "rho": 0.40078, "p": 34437.08609271523, "T": 298.15, "a": 346.7, "h": 7.000000000000001e-05, "u": -85925.0, "s": 7195.400000000001, "gamma": 1.398557725608831, "R": 288.19792027729636, "Cp": 1011.3000000000001, "molecular_mass": 0.02885, "v": 0.0, "M": 0.0, "Ht": -10.11307, "Ue": null, "total_p": 34433.050023786964, "total_T": 298.14, "pitot_p": 34433.050023786964, "composition_massf": {"e-": 0.0, "N-": 0.0, "O2+": 0.0, "N": 0.0, "N2": 0.76708, "O+": 0.0, "N2O": 0.0, "N2+": 0.0, "O": 0.0, "O2": 0.23292, "NO": 0.0, "O-": 0.0, "N+": 0.0, "NO2": 0.0, "NO+": 0.0}, "composition_moles": {"e-": 0.0, "N-": 0.0, "O2+": 0.0, "N": 0.0, "N2": 0.7899882913177266, "O+": 0.0, "N2O": 0.0, "N2+": 0.0, "O": 0.0, "O2": 0.20999981249296848, "NO": 0.0, "O-": 0.0, "N+": 0.0, "NO2": 0.0, "NO+": 0.0}}, "s2": {"state_name": "s2", "gmodel_type": "CEAGas", "rho": 3.365296946977177, "p": 4036099.9999999995, "T": 3994.8493523594516, "a": 1196.9, "h": 5586760.0, "u": 4387450.0, "s": 9151.6, "gamma": 1.127627928923709, "R": 300.21700667990615, "Cp": 2652.5, "molecular_mass": 0.027695, "v": 2965.7015286998394, "M": 2.477818972929935, "Ht": 9984449.99993, "Ue": 4468.657516509852, "total_p": 69058784.40716201, "total_T": 6236.1, "pitot_p": 30251706.534357596, "unit_Re": 86801759.43798153, "k": 0.49884000000000006, "mu": 0.00011498, "composition_massf": {"e-": 0.0, "N-": 0.0, "O2+": 0.0, "N": 0.00011722, "N2": 0.72412, "O+": 0.0, "N2O": 4.9791e-05, "N2+": 0.0, "O": 0.046231, "O2": 0.13768, "NO": 0.091559, "O-": 0.0, "N+": 0.0, "NO2": 0.00023559, "NO+": 0.0}, "composition_moles": {"e-": 0.0, "N-": 0.0, "O2+": 0.0, "N": 0.00023177535750747857, "N2": 0.7158896599484532, "O+": 0.0, "N2O": 3.133092520812127e-05, "N2+": 0.0, "O": 0.08002597253647012, "O2": 0.1191622060827281, "NO": 0.08450703373647359, "O-": 0.0, "N+": 0.0, "NO2": 0.00014182358739715906, "NO+": 0.0}}, "s3": {"state_name": "s3", "gmodel_type": "CEAGas", "rho": 1.7917, "p": 4036100.0000000023, "T": 2416.19, "a": 1703.6, "h": -2402290.0, "u": -4654900.0, "s": 20371.1, "gamma": 1.2688399057748387, "R": 932.3289975330794, "Cp": 4400.299999999999, "molecular_mass": 0.008917999999999999, "v": 2965.7160839881462, "M": 1.7408523620498628, "Ht": 1994460.0, "Ue": 1997.22807911365, "total_p": 20813218.83526654, "total_T": 3291.37, "pitot_p": 16988730.586629163, "composition_massf": {"H2O": 0.69754, "OH": 0.0052389, "He": 0.28943, "HO2": 5.7888e-06, "O": 0.00011367, "O2": 0.0065155, "H2": 0.0011248, "H": 2.1589e-05, "H2O2": 2.1035e-06}, "composition_moles": {"H2O": 0.34529919712599527, "OH": 0.0027470792140334706, "He": 0.6448647005123167, "HO2": 1.5640598980693036e-06, "O": 6.335919221970824e-05, "O2": 0.0018158565008687825, "H2": 0.004975973966704367, "H": 0.00019101405043951027, "H2O2": 5.514975592891069e-07}}, "s5": {"state_name": "s5", "gmodel_type": "CEAGas", "rho": 0.00040718, "p": 34.85535029627048, "T": 298.15, "a": 346.2, "h": 7.000000000000001e-05, "u": -85601.0, "s": 9150.4, "gamma": 1.3999978043324515, "R": 287.11315998480615, "Cp": 1004.8999999999999, "molecular_mass": 0.028959, "v": 0.0, "M": 0.0, "Ht": -10.04807, "Ue": null, "total_p": 34.85272563065159, "total_T": 298.14, "pitot_p": 34.85272563065159, "composition_massf": {"e-": 0.0, "O+": 0.0, "N2": 0.75566, "N": 0.0, "O2+": 0.0, "N2+": 0.0, "Ar": 0.01283, "O": 0.0, "O2": 0.23151, "NO": 0.0, "Ar+": 0.0, "N+": 0.0, "NO+": 0.0}, "composition_moles": {"e-": 0.0, "O+": 0.0, "N2": 0.7811675105485232, "N": 0.0, "O2+": 0.0, "N2+": 0.0, "Ar": 0.009300690147191348, "O": 0.0, "O2": 0.20951717220645774, "NO": 0.0, "Ar+": 0.0, "N+": 0.0, "NO+": 0.0}}, "s6": {"state_name": "s6", "gmodel_type": "CEAGas", "rho": 0.006788131862927558, "p": 22021.0, "T": 6668.555907238181, "a": 1921.9, "h": 28617300.0, "u": 25373200.0, "s": 14980.0, "gamma": 1.0330501192672013, "R": 486.4562368359467, "Cp": 15205.199999999999, "molecular_mass": 0.017092, "v": 7124.37355327528, "M": 3.70694289675596, "Ht": 53995699.99993, "Ue": 10391.891069476238, "total_p": 3916383.888229425, "total_T": 12868.95, "pitot_p": 341814.1627662999, "composition_massf": {"e-": 0.0, "O+": 8.6248e-05, "N2": 0.28513, "N": 0.46905, "O2+": 0.0, "N2+": 2.4271e-05, "Ar": 0.012829, "O": 0.22994, "O2": 2.2766e-05, "NO": 0.0021288, "Ar+": 1.4164e-06, "N+": 0.00017271, "NO+": 0.00061638}, "composition_moles": {"e-": 0.0, "O+": 9.214104057495027e-05, "N2": 0.17396824234116529, "N": 0.572369123348112, "O2+": 0.0, "N2+": 1.4808914882545657e-05, "Ar": 0.005488967357564834, "O": 0.24564261659812245, "O2": 1.216034576296611e-05, "NO": 0.0012126017576426127, "Ar+": 6.060238626387063e-07, "N+": 0.0002107616314928596, "NO+": 0.0003511072607717517}}, "s7": {"state_name": "s7", "gmodel_type": "CEAGas", "rho": 0.023845, "p": 8715.080620461817, "T": 1268.23, "a": 693.6, "h": 1068480.0, "u": 702980.0, "s": 9151.6, "gamma": 1.3161097541479256, "R": 288.19792027729636, "Cp": 1199.8999999999999, "molecular_mass": 0.02885, "v": 7578.992626689143, "M": 10.927036659009723, "Ht": 29788999.99993, "Ue": 7718.678643385797, "total_p": 22021995000.383884, "total_T": 15338.1, "pitot_p": 1328924.0455960566, "unit_Re": 3539941.2203910258, "k": 0.08063000000000001, "mu": 5.1052e-05, "composition_massf": {"e-": 0.0, "N-": 0.0, "O2+": 0.0, "N": 0.0, "N2": 0.76692, "O+": 0.0, "N2O": 0.0, "N2+": 0.0, "O": 0.0, "O2": 0.23274, "NO": 0.0003333, "O-": 0.0, "N+": 0.0, "NO2": 1.8783e-06, "NO+": 0.0}, "composition_moles": {"e-": 0.0, "N-": 0.0, "O2+": 0.0, "N": 0.0, "N2": 0.7898235130330487, "O+": 0.0, "N2O": 0.0, "N2+": 0.0, "O": 0.0, "O2": 0.20983752515719342, "NO": 0.00032045834013750543, "O-": 0.0, "N+": 0.0, "NO2": 1.177879927399985e-06, "NO+": 0.0}}, "s8": {"state_name": "s8", "gmodel_type": "CEAGas", "rho": 0.0014678, "p": 200.74499595211608, "T": 474.56, "a": 435.6, "h": 179850.0, "u": 43080.0, "s": 9151.6, "gamma": 1.3876743530026134, "R": 288.19792027729636, "Cp": 1031.6000000000001, "molecular_mass": 0.02885, "v": 7695.348545414197, "M": 17.66608940636868, "Ht": 29788999.99993, "Ue": 7718.678643385797, "total_p": 22021994999.996445, "total_T": 15338.1, "pitot_p": 84415.53081299164, "unit_Re": 432883.63143214496, "k": 0.037469999999999996, "mu": 2.6093000000000002e-05, "composition_massf": {"e-": 0.0, "N-": 0.0, "O2+": 0.0, "N": 0.0, "N2": 0.76708, "O+": 0.0, "N2O": 0.0, "N2+": 0.0, "O": 0.0, "O2": 0.23292, "NO": 0.0, "O-": 0.0, "N+": 0.0, "NO2": 0.0, "NO+": 0.0}, "composition_moles": {"e-": 0.0, "N-": 0.0, "O2+": 0.0, "N": 0.0, "N2": 0.7899882913177266, "O+": 0.0, "N2O": 0.0, "N2+": 0.0, "O": 0.0, "O2": 0.20999981249296848, "NO": 0.0, "O-": 0.0, "N+": 0.0, "NO2": 0.0, "NO+": 0.0}}, "s10f": {"state_name": "s10f", "gmodel_type": "IdealGas", "rho": 0.008893012539798352, "p": 72774.59239362007, "T": 28394.879792113905, "a": 3369.8395211341704, "h": 29292157.9935447, "u": 21108812.690933645, "s": 4795.73240793697, "gamma": 1.3876743530026134, "R": 288.19792027729636, "Cp": 1031.6, "molecular_mass": 0.02885, "v": 1270.1123731068064, "M": 0.376905892740949, "Ht": null, "Ue": null, "total_p": 80206.08648860817,