{"states_dict": {"s4": {"state_name": "s4", "gmodel_type": "CEAGas", "rho": 33.429, "p": 37310000.0, "T": 3861.0, "a": 1256.6, "h": 3288120.0, "u": 2172010.0, "s": 6232.3, "gamma": 1.4148350213656617, "R": 289.06963807669575, "Cp": 985.9, "molecular_mass": 0.028763, "v": 0.0, "M": 0.0, "Ht": 3287120.0, "Ue": 2564.028080969473, "total_p": 37307663.26738406, "total_T": 3861.0, "pitot_p": 37307663.26738406, "composition_massf": {"Ar": 0.83332, "O2": 0.14796, "H2": 0.018713}, "composition_moles": {"Ar": 0.5999995784519876, "O2": 0.1329979086715752, "H2": 0.26700102139016213}}, "s1": {"state_name": "s1", "gmodel_type": "CEAGas", "rho": 5.7923, "p": 497702.35643321136, "T": 298.15, "a": 346.7, "h": 7.000000000000001e-05, "u": -85925.0, "s": 6425.7, "gamma": 1.398557725608831, "R": 288.19792027729636, "Cp": 1011.3000000000001, "molecular_mass": 0.02885, "v": 0.0, "M": 0.0, "Ht": -10.11307, "Ue": null, "total_p": 497600.1155314473, "total_T": 298.14, "pitot_p": 497600.1155314473, "composition_massf": {"e-": 0.0, "N-": 0.0, "O2+": 0.0, "N": 0.0, "N2": 0.76708, "O+": 0.0, "N2O": 0.0, "N2+": 0.0, "O": 0.0, "O2": 0.23292, "NO": 0.0, "O-": 0.0, "N+": 0.0, "NO2": 0.0, "NO+": 0.0}, "composition_moles": {"e-": 0.0, "N-": 0.0, "O2+": 0.0, "N": 0.0, "N2": 0.7899882913177266, "O+": 0.0, "N2O": 0.0, "N2+": 0.0, "O": 0.0, "O2": 0.20999981249296848, "NO": 0.0, "O-": 0.0, "N+": 0.0, "NO2": 0.0, "NO+": 0.0}}, "s2": {"state_name": "s2", "gmodel_type": "CEAGas", "rho": 28.39908410187005, "p": 9376500.0, "T": 1145.6686104192188, "a": 661.1, "h": 922760.0, "u": 592590.0, "s": 7018.900000000001, "gamma": 1.323729525986411, "R": 288.18793109424286, "Cp": 1178.3999999999999, "molecular_mass": 0.028850999999999998, "v": 1104.6394572791046, "M": 1.6709112952338596, "Ht": 1532879.99993, "Ue": 1750.9311807892393, "total_p": 43331203.40324636, "total_T": 1645.07, "pitot_p": 37195108.37465109, "unit_Re": 657543625.9303983, "k": 0.0741, "mu": 4.770900000000001e-05, "composition_massf": {"e-": 0.0, "N-": 0.0, "O2+": 0.0, "N": 0.0, "N2": 0.76701, "O+": 0.0, "N2O": 0.0, "N2+": 0.0, "O": 0.0, "O2": 0.23282, "NO": 0.00013182, "O-": 0.0, "N+": 0.0, "NO2": 4.37e-05, "NO+": 0.0}, "composition_moles": {"e-": 0.0, "N-": 0.0, "O2+": 0.0, "N": 0.0, "N2": 0.7899435809291268, "O+": 0.0, "N2O": 0.0, "N2+": 0.0, "O": 0.0, "O2": 0.2099169287598285, "NO": 0.00012674552241044319, "O-": 0.0, "N+": 0.0, "NO2": 2.7405173294497394e-05, "NO+": 0.0}}, "s3": {"state_name": "s3", "gmodel_type": "CEAGas", "rho": 12.695, "p": 9376499.999999998, "T": 2555.01, "a": 1030.8, "h": 2023660.0, "u": 1285090.0, "s": 6232.3, "gamma": 1.4385621642935813, "R": 289.06963807669575, "Cp": 948.2, "molecular_mass": 0.028763, "v": 1104.6463522225113, "M": 1.0716398449966156, "Ht": 2632790.0, "Ue": 2294.6851635899857, "total_p": 19599935.372086626, "total_T": 3191.49, "pitot_p": 19592937.805117354, "composition_massf": {"Ar": 0.83332, "O2": 0.14796, "H2": 0.018713}, "composition_moles": {"Ar": 0.5999995784519876, "O2": 0.1329979086715752, "H2": 0.26700102139016213}}, "s5": {"state_name": "s5", "gmodel_type": "CEAGas", "rho": 99.372, "p": 57869446.38964805, "T": 2021.0093132950092, "a": 862.1, "h": 2020540.0, "u": 1438190.0, "s": 7202.3, "gamma": 1.27649323333964, "R": 288.14798128573904, "Cp": 1330.3, "molecular_mass": 0.028855, "v": 0.0, "M": 0.0, "Ht": 2020539.99993, "Ue": 2010.24376627811, "total_p": 57865477.74312009, "total_T": 2021.01, "pitot_p": 57865477.74312009, "composition_massf": {"e-": 0.0, "N-": 0.0, "O2+": 0.0, "N": 0.0, "N2": 0.76302, "O+": 0.0, "N2O": 1.6547e-05, "N2+": 0.0, "O": 8.2004e-06, "O2": 0.2281, "NO": 0.0083363, "O-": 0.0, "N+": 0.0, "NO2": 0.00051129, "NO+": 0.0}, "composition_moles": {"e-": 0.0, "N-": 0.0, "O2+": 0.0, "N": 0.0, "N2": 0.7859432307395747, "O+": 0.0, "N2O": 1.0848291519739712e-05, "N2+": 0.0, "O": 1.4789463479880496e-05, "O2": 0.20568976024100905, "NO": 0.008016501194757065, "O-": 0.0, "N+": 0.0, "NO2": 0.0003206849822303855, "NO+": 0.0}}, "s5d": {"state_name": "s5d", "gmodel_type": "CEAGas", "rho": 30.461, "p": 35934573.48708303, "T": 4080.9909138544926, "a": 1290.5, "h": 3505600.0, "u": 2325900.0, "s": 6297.900000000001, "gamma": 1.4117036575442548, "R": 289.06963807669575, "Cp": 991.1999999999999, "molecular_mass": 0.028763, "v": 0.0, "M": 0.0, "Ht": 3504610.0, "Ue": 2647.49315390994, "total_p": 35937311.41683381, "total_T": 4081.0, "pitot_p": 35937311.41683381, "composition_massf": {"Ar": 0.83332, "O2": 0.14796, "H2": 0.018713}, "composition_moles": {"Ar": 0.5999995784519876, "O2": 0.1329979086715752, "H2": 0.26700102139016213}}, "s6": {"state_name": "s6", "gmodel_type": "CEAGas", "rho": 61.802, "p": 31472603.575302333, "T": 1767.19, "a": 810.1, "h": 1688520.0, "u": 1179270.0, "s": 7202.3, "gamma": 1.2889678046288189, "R": 288.16795480539287, "Cp": 1285.4, "molecular_mass": 0.028853, "v": 814.8864951635902, "M": 1.0059085238409953, "Ht": 2020539.99993, "Ue": 2010.24376627811, "total_p": 57865455.69738293, "total_T": 2021.01, "pitot_p": 57866510.16690396, "composition_massf": {"e-": 0.0, "N-": 0.0, "O2+": 0.0, "N": 0.0, "N2": 0.7652, "O+": 0.0, "N2O": 5.7892e-06, "N2+": 0.0, "O": 1.2639e-06, "O2": 0.23067, "NO": 0.0038405, "O-": 0.0, "N+": 0.0, "NO2": 0.00028187, "NO+": 0.0}, "composition_moles": {"e-": 0.0, "N-": 0.0, "O2+": 0.0, "N": 0.0, "N2": 0.7881340929697931, "O+": 0.0, "N2O": 3.7951638523338668e-06, "N2+": 0.0, "O": 2.279292142205333e-06, "O2": 0.20799284691925946, "NO": 0.0036929139908218668, "O-": 0.0, "N+": 0.0, "NO2": 0.00017677875710512875, "NO+": 0.0}}, "s8": {"state_name": "s8", "gmodel_type": "CEAGas", "rho": 0.1396, "p": 7947.377931650082, "T": 197.54, "a": 282.3, "h": -101600.0, "u": -158530.0, "s": 7202.3, "gamma": 1.3998294793879724, "R": 288.19792027729636, "Cp": 1008.9999999999999, "molecular_mass": 0.02885, "v": 2060.1650419323205, "M": 7.2977861917545885, "Ht": 2020539.99993, "Ue": 2010.24376627811, "total_p": 57865446.59988835, "total_T": 2021.01, "pitot_p": 555696.9274912878, "unit_Re": 21365354.717610274, "k": 0.018670000000000003, "mu": 1.3461000000000002e-05, "composition_massf": {"e-": 0.0, "N-": 0.0, "O2+": 0.0, "N": 0.0, "N2": 0.76708, "O+": 0.0, "N2O": 0.0, "N2+": 0.0, "O": 0.0, "O2": 0.23292, "NO": 0.0, "O-": 0.0, "N+": 0.0, "NO2": 0.0, "NO+": 0.0}, "composition_moles": {"e-": 0.0, "N-": 0.0, "O2+": 0.0, "N": 0.0, "N2": 0.7899882913177266, "O+": 0.0, "N2O": 0.0, "N2+": 0.0, "O": 0.0, "O2": 0.20999981249296848, "NO": 0.0, "O-": 0.0, "N+": 0.0, "NO2": 0.0, "NO+": 0.0}}, "s10f": {"state_name": "s10f", "gmodel_type": "IdealGas", "rho": 0.7659435677360142, "p": 492453.7674266927, "T": 2230.888416061865, "a": 948.6847361227933, "h": 2250966.4118064214, "u": 1608029.0099266802, "s": 1575.0111490533682, "gamma": 1.3998294793879726, "R": 288.19792027729636, "Cp": 1009.0, "molecular_mass": 0.02885, "v": 375.47689194830207, "M": 0.3957867958146447, "Ht": null, "Ue": null, "total_p": 548593.9420721079, "total_T": 2300.7511000991067, "pitot_p": 548593.9420721079}, "s10e": {"state_name": "s10e", "gmodel_type": "CEAGas", "rho": 0.888620634970573, "p": 507369.99999999994, "T": 1981.0975634616188, "a": 853.9, "h": 1968160.0, "u": 1397200.0, "s": 8541.1, "gamma": 1.2969403039316514, "R": 288.20791015286494, "Cp": 1258.8, "molecular_mass": 0.028849, "v": 323.6465917351513, "M": 0.3790216556214443, "Ht": 2020529.99993, "Ue": 2010.2387917508706, "total_p": 555696.9274912878, "total_T": 2020.38, "pitot_p": 555696.9274912878, "unit_Re": 4173061.317126903, "k": 0.12240000000000001, "mu": 6.8918e-05, "composition_massf": {"e-": 0.0, "N-": 0.0, "O2+": 0.0, "N": 0.0, "N2": 0.76357, "O+": 0.0, "N2O": 1.3958e-06, "N2+": 0.0, "O": 6.4597e-05, "O2": 0.22883, "NO": 0.007485, "O-": 0.0, "N+": 0.0, "NO2": 4.6023e-05, "NO+": 0.0}, "composition_moles": {"e-": 0.0, "N-": 0.0, "O2+": 0.0, "N": 0.0, "N2": 0.7863462103850299, "O+": 0.0, "N2O": 9.149028055474771e-07, "N2+": 0.0, "O": 0.00011647679619235723, "O2": 0.20630513237996428, "NO": 0.007196362239677932, "O-": 0.0, "N+": 0.0,