{"states_dict": {"s4": {"state_name": "s4", "gmodel_type": "CEAGas", "rho": 33.429, "p": 37310000.0, "T": 3861.0, "a": 1256.6, "h": 3288120.0, "u": 2172010.0, "s": 6232.3, "gamma": 1.4148350213656617, "R": 289.06963807669575, "Cp": 985.9, "molecular_mass": 0.028763, "v": 0.0, "M": 0.0, "Ht": 3287120.0, "Ue": 2564.028080969473, "total_p": 37307663.26738406, "total_T": 3861.0, "pitot_p": 37307663.26738406, "composition_massf": {"Ar": 0.83332, "O2": 0.14796, "H2": 0.018713}, "composition_moles": {"Ar": 0.5999995784519876, "O2": 0.1329979086715752, "H2": 0.26700102139016213}}, "s1": {"state_name": "s1", "gmodel_type": "CEAGas", "rho": 0.12192, "p": 10476.157527896641, "T": 298.15, "a": 346.7, "h": 7.000000000000001e-05, "u": -85925.0, "s": 7538.400000000001, "gamma": 1.398557725608831, "R": 288.19792027729636, "Cp": 1011.3000000000001, "molecular_mass": 0.02885, "v": 0.0, "M": 0.0, "Ht": -10.11307, "Ue": null, "total_p": 10473.575064928147, "total_T": 298.14, "pitot_p": 10473.575064928147, "composition_massf": {"e-": 0.0, "N-": 0.0, "O2+": 0.0, "N": 0.0, "N2": 0.76708, "O+": 0.0, "N2O": 0.0, "N2+": 0.0, "O": 0.0, "O2": 0.23292, "NO": 0.0, "O-": 0.0, "N+": 0.0, "NO2": 0.0, "NO+": 0.0}, "composition_moles": {"e-": 0.0, "N-": 0.0, "O2+": 0.0, "N": 0.0, "N2": 0.7899882913177266, "O+": 0.0, "N2O": 0.0, "N2+": 0.0, "O": 0.0, "O2": 0.20999981249296848, "NO": 0.0, "O-": 0.0, "N+": 0.0, "NO2": 0.0, "NO+": 0.0}}, "s2": {"state_name": "s2", "gmodel_type": "CEAGas", "rho": 0.931878406960469, "p": 891290.0, "T": 3261.1777236244793, "a": 1067.6, "h": 4084840.0, "u": 3128400.0, "s": 9184.4, "gamma": 1.1455762818712005, "R": 293.28077601410934, "Cp": 2307.9, "molecular_mass": 0.02835, "v": 2505.8507817487057, "M": 2.34718132423071, "Ht": 7224489.99993, "Ue": 3801.181395284892, "total_p": 12421380.03457724, "total_T": 4772.06, "pitot_p": 6056606.090596863, "unit_Re": 23762333.08480253, "k": 0.36886, "mu": 9.827100000000001e-05, "composition_massf": {"e-": 0.0, "N-": 0.0, "O2+": 0.0, "N": 9.3899e-06, "N2": 0.74003, "O+": 0.0, "N2O": 1.4259e-05, "N2+": 0.0, "O": 0.019611, "O2": 0.18238, "NO": 0.057837, "O-": 0.0, "N+": 0.0, "NO2": 0.00011452, "NO+": 0.0}, "composition_moles": {"e-": 0.0, "N-": 0.0, "O2+": 0.0, "N": 1.90054520336696e-05, "N2": 0.7489219623465913, "O+": 0.0, "N2O": 9.184661053148177e-06, "N2+": 0.0, "O": 0.034749543732889986, "O2": 0.16158334062527344, "NO": 0.054644853879711124, "O-": 0.0, "N+": 0.0, "NO2": 7.05707361076393e-05, "NO+": 0.0}}, "s3": {"state_name": "s3", "gmodel_type": "CEAGas", "rho": 2.5353, "p": 891290.0000000001, "T": 1216.13, "a": 722.1, "h": 791740.0, "u": 440190.0, "s": 6232.3, "gamma": 1.483288688350788, "R": 289.06963807669575, "Cp": 887.2, "molecular_mass": 0.028763, "v": 2505.8410838593863, "M": 3.470213382993195, "Ht": 3930350.0, "Ue": 2803.693991861451, "total_p": 63555027.948491566, "total_T": 4508.4, "pitot_p": 14967806.613307321, "composition_massf": {"Ar": 0.83332, "O2": 0.14796, "H2": 0.018713}, "composition_moles": {"Ar": 0.5999995784519876, "O2": 0.1329979086715752, "H2": 0.26700102139016213}}, "s5": {"state_name": "s5", "gmodel_type": "CEAGas", "rho": 4.8099, "p": 8147580.243942922, "T": 5252.408619932288, "a": 1441.8, "h": 8732520.0, "u": 7038610.0, "s": 9618.5, "gamma": 1.138378988849859, "R": 322.505333385051, "Cp": 2653.1, "molecular_mass": 0.025781, "v": 0.0, "M": 0.0, "Ht": 8732509.99993, "Ue": 4179.117131627206, "total_p": 8146571.893792422, "total_T": 5252.38, "pitot_p": 8146571.893792422, "composition_massf": {"e-": 0.0, "N-": 0.0, "O2+": 0.0, "N": 0.00285, "N2": 0.71607, "O+": 0.0, "N2O": 8.5626e-05, "N2+": 0.0, "O": 0.12884, "O2": 0.049035, "NO": 0.10294, "O-": 2.2105e-06, "N+": 0.0, "NO2": 0.00015679, "NO+": 2.3511e-05}, "composition_moles": {"e-": 0.0, "N-": 0.0, "O2+": 0.0, "N": 0.005245764526976376, "N2": 0.6590060710231531, "O+": 0.0, "N2O": 5.015640690889923e-05, "N2+": 0.0, "O": 0.20760928784829433, "O2": 0.039506835725089694, "NO": 0.08844522080510296, "O-": 3.5618177235894366e-06, "N+": 0.0, "NO2": 8.786347262827271e-05, "NO+": 2.0200831603447884e-05}}, "s5d": {"state_name": "s5d", "gmodel_type": "CEAGas", "rho": 11.814, "p": 21157788.239314023, "T": 6195.442622330973, "a": 1578.2, "h": 5646330.0, "u": 3855410.0, "s": 6873.1, "gamma": 1.3907770357365252, "R": 289.06963807669575, "Cp": 1028.8, "molecular_mass": 0.028763, "v": 0.0, "M": 0.0, "Ht": 5645340.0, "Ue": 3360.1607104422847, "total_p": 21161209.99626955, "total_T": 6195.45, "pitot_p": 21161209.99626955, "composition_massf": {"Ar": 0.83332, "O2": 0.14796, "H2": 0.018713}, "composition_moles": {"Ar": 0.5999995784519876, "O2": 0.1329979086715752, "H2": 0.26700102139016213}}, "s6": {"state_name": "s6", "gmodel_type": "CEAGas", "rho": 3.0387, "p": 4649061.831550869, "T": 4808.56, "a": 1363.7, "h": 7829460.0, "u": 6299500.0, "s": 9618.5, "gamma": 1.1263281809446324, "R": 318.17350375019134, "Cp": 2836.8, "molecular_mass": 0.026132000000000002, "v": 1363.700640454273, "M": 1.0000004696445501, "Ht": 8759289.99993, "Ue": 4185.520278276047, "total_p": 8276192.635196749, "total_T": 5265.83, "pitot_p": 8276208.285415828, "composition_massf": {"e-": 0.0, "N-": 0.0, "O2+": 0.0, "N": 0.001336, "N2": 0.71929, "O+": 0.0, "N2O": 6.0434e-05, "N2+": 0.0, "O": 0.11392, "O2": 0.065902, "NO": 0.099341, "O-": 0.0, "N+": 0.0, "NO2": 0.00014571, "NO+": 1.0493e-05}, "composition_moles": {"e-": 0.0, "N-": 0.0, "O2+": 0.0, "N": 0.0024925465670000784, "N2": 0.6709819686292988, "O+": 0.0, "N2O": 3.5881863639668465e-05, "N2+": 0.0, "O": 0.18606681750565646, "O2": 0.05381923897146143, "NO": 0.08651504234139058, "O-": 0.0, "N+": 0.0, "NO2": 8.276605449348449e-05, "NO+": 9.13841150074649e-06}}, "s8": {"state_name": "s8", "gmodel_type": "CEAGas", "rho": 0.0060821, "p": 2406.8412426405803, "T": 1373.13, "a": 720.0, "h": 1195290.0, "u": 799560.0, "s": 9618.5, "gamma": 1.3139403783969104, "R": 288.19792027729636, "Cp": 1206.2, "molecular_mass": 0.02885, "v": 3889.4754706483745, "M": 5.402049264789409, "Ht": 8759299.99993, "Ue": 4185.522667464602, "total_p": 8276154.650870056, "total_T": 5265.83, "pitot_p": 89501.72960264556, "unit_Re": 439460.87237656466, "k": 0.08633, "mu": 5.3830000000000005e-05, "composition_massf": {"e-": 0.0, "N-": 0.0, "O2+": 0.0, "N": 0.0, "N2": 0.76678, "O+": 0.0, "N2O": 0.0, "N2+": 0.0, "O": 1.0111e-06, "O2": 0.23257, "NO": 0.00064635, "O-": 0.0, "N+": 0.0, "NO2": 1.2631e-06, "NO+": 0.0}, "composition_moles": {"e-": 0.0, "N-": 0.0, "O2+": 0.0, "N": 0.0, "N2": 0.7896793320339552, "O+": 0.0, "N2O": 0.0, "N2+": 0.0, "O": 1.8232080578021676e-06, "O2": 0.20968425378451694, "NO": 0.0006214468891325431, "O-": 0.0, "N+": 0.0, "NO2": 7.920886633119953e-07, "NO+": 0.0}}, "s10f": {"state_name": "s10f", "gmodel_type": "IdealGas", "rho": 0.037115888690245846, "p": 79338.24249202717, "T": 7417.0613214879295, "a": 1673.3826817517613, "h": 9033238.983440148, "u": 6895657.336018152, "s": 3984.7562770581953, "gamma": 1.3099895402656896, "R": 288.19792027729636, "Cp": 1217.8999999999999, "molecular_mass": 0.02885, "v": 637.3472553444448, "M": 0.38087358157504364, "Ht": null, "Ue": null, "total_p": 87154.6764489978, "total_T": 7583.8285125114535, "pitot_p": 87154.6764489978}, "s10e": {"state_name": "s10e", "gmodel_type": "CEAGas", "rho": 0.05557402773191722, "p": 84347.0, "T": 4432.878909763088, "a": 1370.1, "h": 8668700.0, "u": 7150960.0, "s": 11128.9, "gamma": 1.341732386999558, "R": 342.38634491846483, "Cp": 1344.3, "molecular_mass": 0.024284, "v": 425.66968286238296, "M": 0.31068511996378584, "Ht": 8759309.99993, "Ue": 4185.525056651793, "total_p": 89501.72960264556, "total_T": 4478.54, "pitot_p": 89501.72960264556, "unit_Re": 180072.91436424202, "k": 0.45088, "mu": 0.00013137, "composition_massf": {"e-": 0.0, "N-": 0.0, "O2+": 0.0, "N": 0.0037338, "N2": 0.74759, "O+": 0.0, "N2O": 2.6246e-06, "N2+": 0.0, "O": 0.20427, "O2": 0.010647, "NO": 0.03374, "O-": 0.0, "N+": 0.0, "NO2": 2.8395e-06, "NO+": 1.5307e-05}, "composition_moles": {"e-": 0.0, "N-": 0.0, "O2+": 0.0,