{"states_dict": {"s4": {"state_name": "s4", "gmodel_type": "CEAGas", "rho": 33.429, "p": 37310000.0, "T": 3861.0, "a": 1256.6, "h": 3288120.0, "u": 2172010.0, "s": 6232.3, "gamma": 1.4148350213656617, "R": 289.06963807669575, "Cp": 985.9, "molecular_mass": 0.028763, "v": 0.0, "M": 0.0, "Ht": 3287120.0, "Ue": 2564.028080969473, "total_p": 37307663.26738406, "total_T": 3861.0, "pitot_p": 37307663.26738406, "composition_massf": {"Ar": 0.83332, "O2": 0.14796, "H2": 0.018713}, "composition_moles": {"Ar": 0.5999995784519876, "O2": 0.1329979086715752, "H2": 0.26700102139016213}}, "s1": {"state_name": "s1", "gmodel_type": "CEAGas", "rho": 0.19413, "p": 16681.005372000593, "T": 298.15, "a": 346.7, "h": 7.000000000000001e-05, "u": -85925.0, "s": 7404.3, "gamma": 1.398557725608831, "R": 288.19792027729636, "Cp": 1011.3000000000001, "molecular_mass": 0.02885, "v": 0.0, "M": 0.0, "Ht": -10.11307, "Ue": null, "total_p": 16679.14409406684, "total_T": 298.14, "pitot_p": 16679.14409406684, "composition_massf": {"e-": 0.0, "N-": 0.0, "O2+": 0.0, "N": 0.0, "N2": 0.76708, "O+": 0.0, "N2O": 0.0, "N2+": 0.0, "O": 0.0, "O2": 0.23292, "NO": 0.0, "O-": 0.0, "N+": 0.0, "NO2": 0.0, "NO+": 0.0}, "composition_moles": {"e-": 0.0, "N-": 0.0, "O2+": 0.0, "N": 0.0, "N2": 0.7899882913177266, "O+": 0.0, "N2O": 0.0, "N2+": 0.0, "O": 0.0, "O2": 0.20999981249296848, "NO": 0.0, "O-": 0.0, "N+": 0.0, "NO2": 0.0, "NO+": 0.0}}, "s2": {"state_name": "s2", "gmodel_type": "CEAGas", "rho": 1.4078161169401637, "p": 1247200.0, "T": 3049.6092842594016, "a": 1034.7, "h": 3606240.0, "u": 2720340.0, "s": 8934.900000000001, "gamma": 1.1791947091483603, "R": 290.4936761931381, "Cp": 1911.6, "molecular_mass": 0.028622, "v": 2337.6078634832006, "M": 2.2592131666021076, "Ht": 6338449.99993, "Ue": 3560.46345295946, "total_p": 14999867.612456348, "total_T": 4456.17, "pitot_p": 7989937.297509024, "unit_Re": 35270585.98464939, "k": 0.27505, "mu": 9.330500000000002e-05, "composition_massf": {"e-": 0.0, "N-": 0.0, "O2+": 0.0, "N": 2.3035e-06, "N2": 0.74464, "O+": 0.0, "N2O": 1.3907e-05, "N2+": 0.0, "O": 0.0089185, "O2": 0.19832, "NO": 0.047965, "O-": 0.0, "N+": 0.0, "NO2": 0.00013455, "NO+": 0.0}, "composition_moles": {"e-": 0.0, "N-": 0.0, "O2+": 0.0, "N": 4.707088536200532e-06, "N2": 0.7608175401772008, "O+": 0.0, "N2O": 9.043872555256651e-06, "N2+": 0.0, "O": 0.01595467998799955, "O2": 0.1773914971811443, "NO": 0.04575250465738633, "O-": 0.0, "N+": 0.0, "NO2": 8.370934127441283e-05, "NO+": 0.0}}, "s3": {"state_name": "s3", "gmodel_type": "CEAGas", "rho": 3.1813, "p": 1247199.9999999998, "T": 1356.2, "a": 761.0, "h": 916540.0, "u": 524500.0, "s": 6232.3, "gamma": 1.4772249440474585, "R": 289.06963807669575, "Cp": 894.8000000000001, "molecular_mass": 0.028763, "v": 2337.597351677971, "M": 3.0717442203389895, "Ht": 3647720.0, "Ue": 2701.007219538667, "total_p": 50801979.971364945, "total_T": 4225.14, "pitot_p": 16470356.121875456, "composition_massf": {"Ar": 0.83332, "O2": 0.14796, "H2": 0.018713}, "composition_moles": {"Ar": 0.5999995784519876, "O2": 0.1329979086715752, "H2": 0.26700102139016213}}, "s5": {"state_name": "s5", "gmodel_type": "CEAGas", "rho": 7.0444, "p": 10860033.423968282, "T": 4926.684640621512, "a": 1369.7, "h": 7702630.0, "u": 6160980.0, "s": 9324.7, "gamma": 1.1318441549319391, "R": 312.91671371043617, "Cp": 2686.3, "molecular_mass": 0.026571, "v": 0.0, "M": 0.0, "Ht": 7702639.99993, "Ue": 3924.956050691523, "total_p": 10861440.065251665, "total_T": 4926.71, "pitot_p": 10861440.065251665, "composition_massf": {"e-": 0.0, "N-": 0.0, "O2+": 0.0, "N": 0.0011566, "N2": 0.71276, "O+": 0.0, "N2O": 0.00010715, "N2+": 0.0, "O": 0.093959, "O2": 0.078177, "NO": 0.11355, "O-": 1.3078e-06, "N+": 0.0, "NO2": 0.00027246, "NO+": 1.0308e-05}, "composition_moles": {"e-": 0.0, "N-": 0.0, "O2+": 0.0, "N": 0.002194094154940136, "N2": 0.6760602411702971, "O+": 0.0, "N2O": 6.468760565108333e-05, "N2+": 0.0, "O": 0.1560423884020651, "O2": 0.06491621770191383, "NO": 0.10055078967276654, "O-": 2.171854089581263e-06, "N+": 0.0, "NO2": 0.00015736237319450934, "NO+": 9.128106474323949e-06}}, "s5d": {"state_name": "s5d", "gmodel_type": "CEAGas", "rho": 14.133, "p": 23671124.154275257, "T": 5793.915990149599, "a": 1527.6, "h": 5234200.0, "u": 3559340.0, "s": 6771.9, "gamma": 1.3932757788675654, "R": 289.06963807669575, "Cp": 1024.1, "molecular_mass": 0.028763, "v": 0.0, "M": 0.0, "Ht": 5233200.0, "Ue": 3235.181602321576, "total_p": 23673241.28875061, "total_T": 5793.92, "pitot_p": 23673241.28875061, "composition_massf": {"Ar": 0.83332, "O2": 0.14796, "H2": 0.018713}, "composition_moles": {"Ar": 0.5999995784519876, "O2": 0.1329979086715752, "H2": 0.26700102139016213}}, "s6": {"state_name": "s6", "gmodel_type": "CEAGas", "rho": 4.4414, "p": 6211326.643273858, "T": 4527.48, "a": 1298.5, "h": 6882040.0, "u": 5483520.0, "s": 9324.7, "gamma": 1.1240487055705837, "R": 308.8943790169781, "Cp": 2799.0, "molecular_mass": 0.026917, "v": 1298.5004772414466, "M": 1.0000003675328815, "Ht": 7725099.99993, "Ue": 3930.674242399133, "total_p": 11020657.427807989, "total_T": 4937.86, "pitot_p": 11020901.783063797, "composition_massf": {"e-": 0.0, "N-": 0.0, "O2+": 0.0, "N": 0.0005335, "N2": 0.71734, "O+": 0.0, "N2O": 7.303e-05, "N2+": 0.0, "O": 0.079166, "O2": 0.097481, "NO": 0.10517, "O-": 0.0, "N+": 0.0, "NO2": 0.00023577, "NO+": 4.4028e-06}, "composition_moles": {"e-": 0.0, "N-": 0.0, "O2+": 0.0, "N": 0.0010252393140425654, "N2": 0.6892644512983072, "O+": 0.0, "N2O": 4.466310959539044e-05, "N2+": 0.0, "O": 0.13318694588547073, "O2": 0.0819998273997775, "NO": 0.09434284662118703, "O-": 0.0, "N+": 0.0, "NO2": 0.0001379448346393366, "NO+": 3.94960805819419e-06}}, "s8": {"state_name": "s8", "gmodel_type": "CEAGas", "rho": 0.0089068, "p": 2878.0748716920198, "T": 1121.23, "a": 654.4, "h": 893980.0, "u": 570850.0, "s": 9324.7, "gamma": 1.3264581347246283, "R": 288.19792027729636, "Cp": 1171.0, "molecular_mass": 0.02885, "v": 3696.244511581487, "M": 5.648295402783447, "Ht": 7725099.99993, "Ue": 3930.674242399133, "total_p": 11020645.048244735, "total_T": 4937.86, "pitot_p": 118099.24470275154, "unit_Re": 700059.7660015307, "k": 0.0728, "mu": 4.7027e-05, "composition_massf": {"e-": 0.0, "N-": 0.0, "O2+": 0.0, "N": 0.0, "N2": 0.76703, "O+": 0.0, "N2O": 0.0, "N2+": 0.0, "O": 0.0, "O2": 0.23286, "NO": 0.00010694, "O-": 0.0, "N+": 0.0, "NO2": 0.0, "NO+": 0.0}, "composition_moles": {"e-": 0.0, "N-": 0.0, "O2+": 0.0, "N": 0.0, "N2": 0.7899367981037647, "O+": 0.0, "N2O": 0.0, "N2+": 0.0, "O": 0.0, "O2": 0.2099457167143768, "NO": 0.00010281972665558003, "O-": 0.0, "N+": 0.0, "NO2": 0.0, "NO+": 0.0}}, "s10f": {"state_name": "s10f", "gmodel_type": "IdealGas", "rho": 0.05336410602405282, "p": 104253.5399824984, "T": 6778.767361510052, "a": 1609.157392821754, "h": 7956917.1289405, "u": 6003290.473309687, "s": 3658.685500976076, "gamma": 1.3254259750242858, "R": 288.19792027729636, "Cp": 1173.8, "molecular_mass": 0.02885, "v": 616.9187787020817, "M": 0.38338001083926143, "Ht": null, "Ue": null, "total_p": 114787.77767719519, "total_T": 6940.885601208153, "pitot_p": 114787.77767719519}, "s10e": {"state_name": "s10e", "gmodel_type": "CEAGas", "rho": 0.08176465527580641, "p": 111310.0, "T": 4083.515700348118, "a": 1283.1, "h": 7644040.0, "u": 6282670.0, "s": 10793.8, "gamma": 1.3325758503623668, "R": 333.3805132317562, "Cp": 1335.8000000000002, "molecular_mass": 0.02494, "v": 402.6398754413301, "M": 0.31380241247083634, "Ht": 7725099.99993, "Ue": 3930.674242399133, "total_p": 118099.24470275154, "total_T": 4119.46, "pitot_p": 118099.24470275154, "unit_Re": 269408.4338441406, "k": 0.5285000000000001, "mu": 0.00012220000000000002, "composition_massf": {"e-": 0.0, "N-": 0.0, "O2+": 0.0, "N": 0.0010349, "N2": 0.74319, "O+": 0.0, "N2O": 4.2822e-06, "N2+": 0.0, "O": 0.17272, "O2": 0.034092, "NO": 0.048938, "O-": 0.0, "N+": 0.0, "NO2": 9.5682e-06, "NO+": 5.1067e-06}, "composition_moles": {"e-": 0.0, "N-": 0.0, "O2+": 0.0, "N": 0.0018427185561195715,