{"states_dict": {"s4": {"state_name": "s4", "gmodel_type": "CEAGas", "rho": 33.429, "p": 37310000.0, "T": 3861.0, "a": 1256.6, "h": 3288120.0, "u": 2172010.0, "s": 6232.3, "gamma": 1.4148350213656617, "R": 289.06963807669575, "Cp": 985.9, "molecular_mass": 0.028763, "v": 0.0, "M": 0.0, "Ht": 3287120.0, "Ue": 2564.028080969473, "total_p": 37307663.26738406, "total_T": 3861.0, "pitot_p": 37307663.26738406, "composition_massf": {"Ar": 0.83332, "O2": 0.14796, "H2": 0.018713}, "composition_moles": {"Ar": 0.5999995784519876, "O2": 0.1329979086715752, "H2": 0.26700102139016213}}, "s1": {"state_name": "s1", "gmodel_type": "CEAGas", "rho": 8.8038, "p": 756463.3275546291, "T": 298.15, "a": 346.7, "h": 7.000000000000001e-05, "u": -85925.0, "s": 6305.0, "gamma": 1.398557725608831, "R": 288.19792027729636, "Cp": 1011.3000000000001, "molecular_mass": 0.02885, "v": 0.0, "M": 0.0, "Ht": null, "Ue": null, "total_p": 756493.0911922035, "total_T": 298.15, "pitot_p": 756493.0911922035, "composition_massf": {"e-": 0.0, "N-": 0.0, "O2+": 0.0, "N": 0.0, "N2": 0.76708, "O+": 0.0, "N2O": 0.0, "N2+": 0.0, "O": 0.0, "O2": 0.23292, "NO": 0.0, "O-": 0.0, "N+": 0.0, "NO2": 0.0, "NO+": 0.0}, "composition_moles": {"e-": 0.0, "N-": 0.0, "O2+": 0.0, "N": 0.0, "N2": 0.7899882913177266, "O+": 0.0, "N2O": 0.0, "N2+": 0.0, "O": 0.0, "O2": 0.20999981249296848, "NO": 0.0, "O-": 0.0, "N+": 0.0, "NO2": 0.0, "NO+": 0.0}}, "s2": {"state_name": "s2", "gmodel_type": "CEAGas", "rho": 40.01830258039549, "p": 11322000.0, "T": 981.6820266365976, "a": 614.7, "h": 732060.0, "u": 449150.0, "s": 6785.0, "gamma": 1.3357221333824028, "R": 288.18793109424286, "Cp": 1146.6000000000001, "molecular_mass": 0.028850999999999998, "v": 967.5186363488009, "M": 1.5739688243839285, "Ht": 1200109.99993, "Ue": 1549.264341505348, "total_p": 45364142.49284292, "total_T": 1376.99, "pitot_p": 40793752.83745897, "unit_Re": 900094233.3452191, "k": 0.06544, "mu": 4.3016e-05, "composition_massf": {"e-": 0.0, "N-": 0.0, "O2+": 0.0, "N": 0.0, "N2": 0.76706, "O+": 0.0, "N2O": 0.0, "N2+": 0.0, "O": 0.0, "O2": 0.23288, "NO": 2.6528e-05, "O-": 0.0, "N+": 0.0, "NO2": 2.6648e-05, "NO+": 0.0}, "composition_moles": {"e-": 0.0, "N-": 0.0, "O2+": 0.0, "N": 0.0, "N2": 0.7899950759279487, "O+": 0.0, "N2O": 0.0, "N2+": 0.0, "O": 0.0, "O2": 0.20997102641349052, "NO": 2.550679121911878e-05, "O-": 0.0, "N+": 0.0, "NO2": 1.671151162361022e-05, "NO+": 0.0}}, "s3": {"state_name": "s3", "gmodel_type": "CEAGas", "rho": 14.475, "p": 11321999.999999996, "T": 2705.75, "a": 1059.5, "h": 2166990.0, "u": 1384840.0, "s": 6232.3, "gamma": 1.4351293492590187, "R": 289.06963807669575, "Cp": 953.4, "molecular_mass": 0.028763, "v": 967.5200421919018, "M": 0.9131855046643717, "Ht": 2634040.0, "Ue": 2295.22983598593, "total_p": 19626430.10972732, "total_T": 3192.78, "pitot_p": 19626430.10972732, "composition_massf": {"Ar": 0.83332, "O2": 0.14796, "H2": 0.018713}, "composition_moles": {"Ar": 0.5999995784519876, "O2": 0.1329979086715752, "H2": 0.26700102139016213}}, "s5": {"state_name": "s5", "gmodel_type": "CEAGas", "rho": 132.47, "p": 64949723.24497722, "T": 1701.4727396202102, "a": 795.9, "h": 1604510.0, "u": 1114210.0, "s": 6945.1, "gamma": 1.2922962891194758, "R": 288.15796769945246, "Cp": 1274.0, "molecular_mass": 0.028853999999999998, "v": 0.0, "M": 0.0, "Ht": 1604499.99993, "Ue": 1791.3681921536956, "total_p": 64945755.57583131, "total_T": 1701.47, "pitot_p": 64945755.57583131, "composition_massf": {"e-": 0.0, "N-": 0.0, "O2+": 0.0, "N": 0.0, "N2": 0.76555, "O+": 0.0, "N2O": 6.6204e-06, "N2+": 0.0, "O": 0.0, "O2": 0.23105, "NO": 0.0030225, "O-": 0.0, "N+": 0.0, "NO2": 0.00036989, "NO+": 0.0}, "composition_moles": {"e-": 0.0, "N-": 0.0, "O2+": 0.0, "N": 0.0, "N2": 0.7885219109426203, "O+": 0.0, "N2O": 4.3402151555911015e-06, "N2+": 0.0, "O": 0.0, "O2": 0.20834270972661476, "NO": 0.0029064495219305406, "O-": 0.0, "N+": 0.0, "NO2": 0.00023198978513438613, "NO+": 0.0}}, "s5d": {"state_name": "s5d", "gmodel_type": "CEAGas", "rho": 31.437, "p": 36422356.39678649, "T": 4007.922939370467, "a": 1279.3, "h": 3433230.0, "u": 2274660.0, "s": 6276.099999999999, "gamma": 1.4127028949501026, "R": 289.06963807669575, "Cp": 989.5, "molecular_mass": 0.028763, "v": 0.0, "M": 0.0, "Ht": 3432230.0, "Ue": 2620.0114503566583, "total_p": 36426123.97387796, "total_T": 4007.92, "pitot_p": 36426123.97387796, "composition_massf": {"Ar": 0.83332, "O2": 0.14796, "H2": 0.018713}, "composition_moles": {"Ar": 0.5999995784519876, "O2": 0.1329979086715752, "H2": 0.26700102139016213}}, "s6": {"state_name": "s6", "gmodel_type": "CEAGas", "rho": 82.518, "p": 35135649.60658772, "T": 1477.54, "a": 745.1, "h": 1323480.0, "u": 897680.0, "s": 6945.1, "gamma": 1.3041706073379595, "R": 288.17794260363235, "Cp": 1235.6000000000001, "molecular_mass": 0.028852, "v": 749.7066092812574, "M": 1.00618253829185, "Ht": 1604499.99993, "Ue": 1791.3681921536956, "total_p": 64945691.84699572, "total_T": 1701.47, "pitot_p": 64945050.50110295, "composition_massf": {"e-": 0.0, "N-": 0.0, "O2+": 0.0, "N": 0.0, "N2": 0.76649, "O+": 0.0, "N2O": 1.9379e-06, "N2+": 0.0, "O": 0.0, "O2": 0.23218, "NO": 0.0011375, "O-": 0.0, "N+": 0.0, "NO2": 0.00018846, "NO+": 0.0}, "composition_moles": {"e-": 0.0, "N-": 0.0, "O2+": 0.0, "N": 0.0, "N2": 0.7894353944897798, "O+": 0.0, "N2O": 1.2703643212883527e-06, "N2+": 0.0, "O": 0.0, "O2": 0.20934714301786317, "NO": 0.001093749270981567, "O-": 0.0, "N+": 0.0, "NO2": 0.00011819125800176066, "NO+": 0.0}}, "s8": {"state_name": "s8", "gmodel_type": "CEAGas", "rho": 0.18897, "p": 8499.061068147299, "T": 156.06, "a": 250.9, "h": -143460.0, "u": -188440.0, "s": 6945.1, "gamma": -0.0, "R": 288.19792027729636, "Cp": 0.0, "molecular_mass": 0.02885, "v": 1869.743297888777, "M": 7.452145467870773, "Ht": 1604499.99993, "Ue": 1791.3681921536956, "total_p": 64945111.64193392, "total_T": 1701.47, "pitot_p": 617851.9374639681, "unit_Re": null, "k": 0.0, "mu": 0.0, "composition_massf": {"e-": 0.0, "N-": 0.0, "O2+": 0.0, "N": 0.0, "N2": 0.76708, "O+": 0.0, "N2O": 0.0, "N2+": 0.0, "O": 0.0, "O2": 0.23292, "NO": 0.0, "O-": 0.0, "N+": 0.0, "NO2": 0.0, "NO+": 0.0}, "composition_moles": {"e-": 0.0, "N-": 0.0, "O2+": 0.0, "N": 0.0, "N2": 0.7899882913177266, "O+": 0.0, "N2O": 0.0, "N2+": 0.0, "O": 0.0, "O2": 0.20999981249296848, "NO": 0.0, "O-": 0.0, "N+": 0.0, "NO2": 0.0, "NO+": 0.0}}, "s10f": {"state_name": "s10f", "gmodel_type": "IdealGas", "rho": 1.041374846218426, "p": 549243.7568095764, "T": 1830.067899125224, "a": 859.108108257995, "h": 1848002.5645366511, "u": 1320580.8020425206, "s": 1345.1790787438972, "gamma": 1.3993862107327142, "R": 288.19792027729636, "Cp": 1009.8000000000001, "molecular_mass": 0.02885, "v": 339.28402103060813, "M": 0.3949258746010103, "Ht": null, "Ue": null, "total_p": 611555.7038344619, "total_T": 1887.0661398296697, "pitot_p": 611555.7038344619}, "s10e": {"state_name": "s10e", "gmodel_type": "CEAGas", "rho": 1.1718505628940865, "p": 562590.0, "T": 1665.8652075914765, "a": 788.2, "h": 1559050.0, "u": 1078960.0, "s": 8286.6, "gamma": 1.304184357105662, "R": 288.18793109424286, "Cp": 1235.6000000000001, "molecular_mass": 0.028850999999999998, "v": 301.51062105516627, "M": 0.3825306027089143, "Ht": 1604509.99993, "Ue": 1791.3737744703085, "total_p": 617851.9374639681, "total_T": 1701.63, "pitot_p": 617851.9374639681, "unit_Re": 5766224.251359317, "k": 0.10273000000000002, "mu": 6.1275e-05, "composition_massf": {"e-": 0.0, "N-": 0.0, "O2+": 0.0, "N": 0.0, "N2": 0.76584, "O+": 0.0, "N2O": 0.0, "N2+": 0.0, "O": 3.2999e-06, "O2": 0.23149, "NO": 0.0026352, "O-": 0.0, "N+": 0.0, "NO2": 3.2718e-05, "NO+": 0.0}, "composition_moles": {"e-": 0.0, "N-": 0.0, "O2+": 0.0, "N": 0.0, "N2": 0.7887385979566921, "O+": 0.0, "N2O": 0.0, "N2+": 0.0, "O": 5.950561577309149e-06, "O2": 0.2087177641036539, "NO": 0.0025337566428159605, "O-": 0.0, "N+": 0.0, "NO2": 2.0518134092662832e-05, "NO+": 0.0}}}, "config_data": {"output_filename": "HYPULSE_RST_M8_condition_builder_93",