{"states_dict": {"s4": {"state_name": "s4", "gmodel_type": "CEAGas", "rho": 33.429, "p": 37310000.0, "T": 3861.0, "a": 1256.6, "h": 3288120.0, "u": 2172010.0, "s": 6232.3, "gamma": 1.4148350213656617, "R": 289.06963807669575, "Cp": 985.9, "molecular_mass": 0.028763, "v": 0.0, "M": 0.0, "Ht": 3287120.0, "Ue": 2564.028080969473, "total_p": 37307663.26738406, "total_T": 3861.0, "pitot_p": 37307663.26738406, "composition_massf": {"Ar": 0.83332, "O2": 0.14796, "H2": 0.018713}, "composition_moles": {"Ar": 0.5999995784519876, "O2": 0.1329979086715752, "H2": 0.26700102139016213}}, "s1": {"state_name": "s1", "gmodel_type": "CEAGas", "rho": 0.59286, "p": 50941.38014816386, "T": 298.15, "a": 346.7, "h": 7.000000000000001e-05, "u": -85925.0, "s": 7082.6, "gamma": 1.398557725608831, "R": 288.19792027729636, "Cp": 1011.3000000000001, "molecular_mass": 0.02885, "v": 0.0, "M": 0.0, "Ht": -10.11307, "Ue": null, "total_p": 50928.952529122216, "total_T": 298.14, "pitot_p": 50928.952529122216, "composition_massf": {"e-": 0.0, "N-": 0.0, "O2+": 0.0, "N": 0.0, "N2": 0.76708, "O+": 0.0, "N2O": 0.0, "N2+": 0.0, "O": 0.0, "O2": 0.23292, "NO": 0.0, "O-": 0.0, "N+": 0.0, "NO2": 0.0, "NO+": 0.0}, "composition_moles": {"e-": 0.0, "N-": 0.0, "O2+": 0.0, "N": 0.0, "N2": 0.7899882913177266, "O+": 0.0, "N2O": 0.0, "N2+": 0.0, "O": 0.0, "O2": 0.20999981249296848, "NO": 0.0, "O-": 0.0, "N+": 0.0, "NO2": 0.0, "NO+": 0.0}}, "s2": {"state_name": "s2", "gmodel_type": "CEAGas", "rho": 3.842990632428427, "p": 2647400.0, "T": 2389.6100587636925, "a": 930.4, "h": 2527540.0, "u": 1838660.0, "s": 8321.400000000001, "gamma": 1.254163490709494, "R": 288.27785867831636, "Cp": 1422.5, "molecular_mass": 0.028842, "v": 1924.5360625924764, "M": 2.068503936578328, "Ht": 4379459.99993, "Ue": 2959.5472626501505, "total_p": 23065059.24662032, "total_T": 3573.16, "pitot_p": 14848942.840914859, "unit_Re": 94325575.63944924, "k": 0.15181, "mu": 7.8409e-05, "composition_massf": {"e-": 0.0, "N-": 0.0, "O2+": 0.0, "N": 0.0, "N2": 0.75817, "O+": 0.0, "N2O": 7.94e-06, "N2+": 0.0, "O": 0.00039563, "O2": 0.22229, "NO": 0.018987, "O-": 0.0, "N+": 0.0, "NO2": 0.00014811, "NO+": 0.0}, "composition_moles": {"e-": 0.0, "N-": 0.0, "O2+": 0.0, "N": 0.0, "N2": 0.7805956842082717, "O+": 0.0, "N2O": 5.2031563545150505e-06, "N2+": 0.0, "O": 0.0007131992737227646, "O2": 0.20036026913509256, "NO": 0.01825039088718627, "O-": 0.0, "N+": 0.0, "NO2": 9.285386790709806e-05, "NO+": 0.0}}, "s3": {"state_name": "s3", "gmodel_type": "CEAGas", "rho": 5.3086, "p": 2647400.0000000014, "T": 1725.17, "a": 854.1, "h": 1250280.0, "u": 751590.0, "s": 6232.3, "gamma": 1.4626369902814966, "R": 289.06963807669575, "Cp": 913.9000000000001, "molecular_mass": 0.028763, "v": 1924.525514217133, "M": 2.2532789067054595, "Ht": 3101180.0, "Ue": 2490.453773913501, "total_p": 31449811.109921105, "total_T": 3671.96, "pitot_p": 19236780.038823534, "composition_massf": {"Ar": 0.83332, "O2": 0.14796, "H2": 0.018713}, "composition_moles": {"Ar": 0.5999995784519876, "O2": 0.1329979086715752, "H2": 0.26700102139016213}}, "s5": {"state_name": "s5", "gmodel_type": "CEAGas", "rho": 17.308, "p": 20941389.308606073, "T": 4103.082485559006, "a": 1208.9, "h": 5436200.0, "u": 4226290.0, "s": 8624.800000000001, "gamma": 1.1590334599647092, "R": 294.88260746205134, "Cp": 2149.1, "molecular_mass": 0.028196000000000002, "v": 0.0, "M": 0.0, "Ht": 5436199.99993, "Ue": 3297.332254999487, "total_p": 20943117.341368075, "total_T": 4103.09, "pitot_p": 20943117.341368075, "composition_massf": {"e-": 0.0, "N-": 0.0, "O2+": 0.0, "N": 7.4709e-05, "N2": 0.71874, "O+": 0.0, "N2O": 0.00012925, "N2+": 0.0, "O": 0.025903, "O2": 0.15172, "NO": 0.10281, "O-": 0.0, "N+": 0.0, "NO2": 0.00061429, "NO+": 0.0}, "composition_moles": {"e-": 0.0, "N-": 0.0, "O2+": 0.0, "N": 0.00015039195270834675, "N2": 0.7234249694788923, "O+": 0.0, "N2O": 8.280166224371091e-05, "N2+": 0.0, "O": 0.045649273597759915, "O2": 0.13368929834868806, "NO": 0.09660804836349943, "O-": 0.0, "N+": 0.0, "NO2": 0.00037648804686396195, "NO+": 0.0}}, "s5d": {"state_name": "s5d", "gmodel_type": "CEAGas", "rho": 20.301, "p": 29270459.38452239, "T": 4987.703739838179, "a": 1421.0, "h": 4413530.0, "u": 2971730.0, "s": 6558.099999999999, "gamma": 1.4004675521080534, "R": 289.06963807669575, "Cp": 1010.8999999999999, "molecular_mass": 0.028763, "v": 0.0, "M": 0.0, "Ht": 4412520.0, "Ue": 2970.6968879372394, "total_p": 29265797.053571533, "total_T": 4987.7, "pitot_p": 29265797.053571533, "composition_massf": {"Ar": 0.83332, "O2": 0.14796, "H2": 0.018713}, "composition_moles": {"Ar": 0.5999995784519876, "O2": 0.1329979086715752, "H2": 0.26700102139016213}}, "s6": {"state_name": "s6", "gmodel_type": "CEAGas", "rho": 10.808, "p": 11861718.054139623, "T": 3748.75, "a": 1150.9, "h": 4780850.0, "u": 3683340.0, "s": 8624.800000000001, "gamma": 1.1663022735450594, "R": 292.76443661971837, "Cp": 2053.2, "molecular_mass": 0.028399999999999998, "v": 1150.9000698058921, "M": 1.000000060653308, "Ht": 5443139.99993, "Ue": 3299.43631547269, "total_p": 21063557.798573036, "total_T": 4106.82, "pitot_p": 21065288.380448934, "composition_massf": {"e-": 0.0, "N-": 0.0, "O2+": 0.0, "N": 2.5954e-05, "N2": 0.72709, "O+": 0.0, "N2O": 7.8933e-05, "N2+": 0.0, "O": 0.017763, "O2": 0.16937, "NO": 0.085207, "O-": 0.0, "N+": 0.0, "NO2": 0.00046516, "NO+": 0.0}, "composition_moles": {"e-": 0.0, "N-": 0.0, "O2+": 0.0, "N": 5.2624358342793084e-05, "N2": 0.7371242334025859, "O+": 0.0, "N2O": 5.093284680820125e-05, "N2+": 0.0, "O": 0.031530507394027275, "O2": 0.1503215120567021, "NO": 0.08064622860018462, "O-": 0.0, "N+": 0.0, "NO2": 0.00028715140581017483, "NO+": 0.0}}, "s8": {"state_name": "s8", "gmodel_type": "CEAGas", "rho": 0.022315, "p": 4278.615881558519, "T": 665.3, "a": 511.9, "h": 380440.0, "u": 188700.0, "s": 8624.800000000001, "gamma": 1.3668497420208237, "R": 288.19792027729636, "Cp": 1073.8000000000002, "molecular_mass": 0.02885, "v": 3182.04194986163, "M": 6.216139773122935, "Ht": 5443139.99993, "Ue": 3299.43631547269, "total_p": 21063474.863937557, "total_T": 4106.82, "pitot_p": 217089.36924043047, "unit_Re": 2150888.0171799683, "k": 0.048380000000000006, "mu": 3.3013e-05, "composition_massf": {"e-": 0.0, "N-": 0.0, "O2+": 0.0, "N": 0.0, "N2": 0.76708, "O+": 0.0, "N2O": 0.0, "N2+": 0.0, "O": 0.0, "O2": 0.23292, "NO": 0.0, "O-": 0.0, "N+": 0.0, "NO2": 0.0, "NO+": 0.0}, "composition_moles": {"e-": 0.0, "N-": 0.0, "O2+": 0.0, "N": 0.0, "N2": 0.7899882913177266, "O+": 0.0, "N2O": 0.0, "N2+": 0.0, "O": 0.0, "O2": 0.20999981249296848, "NO": 0.0, "O-": 0.0, "N+": 0.0, "NO2": 0.0, "NO+": 0.0}}, "s10f": {"state_name": "s10f", "gmodel_type": "IdealGas", "rho": 0.12615602985242574, "p": 190259.42325762205, "T": 5232.958856870078, "a": 1435.7766571030318, "h": 5618627.924621404, "u": 4110500.065174789, "s": 2894.7152669495704, "gamma": 1.366896444601439, "R": 288.19792027729636, "Cp": 1073.7, "molecular_mass": 0.02885, "v": 562.8501944890834, "M": 0.39201793099544247, "Ht": null, "Ue": null, "total_p": 211022.8153702314, "total_T": 5380.4862581164225, "pitot_p": 211022.8153702314}, "s10e": {"state_name": "s10e", "gmodel_type": "CEAGas", "rho": 0.18600459989249388, "p": 203120.0, "T": 3548.9870755101, "a": 1130.3, "h": 5370260.0, "u": 4278230.0, "s": 10002.800000000001, "gamma": 1.3036384002267456, "R": 307.70548832389625, "Cp": 1321.1, "molecular_mass": 0.027021, "v": 381.75005431157484, "M": 0.33774224038890105, "Ht": 5443129.99993, "Ue": 3299.4332846505627, "total_p": 217089.36924043047, "total_T": 3577.34, "pitot_p": 217089.36924043047, "unit_Re": 665859.5846883184, "k": 0.64525, "mu": 0.00010664000000000001, "composition_massf": {"e-": 0.0, "N-": 0.0, "O2+": 0.0, "N": 8.5433e-05, "N2": 0.73778, "O+": 0.0, "N2O": 7.3305e-06, "N2+": 0.0, "O": 0.074998, "O2": 0.12454, "NO": 0.062545, "O-": 0.0, "N+": 0.0, "NO2": 4.0918e-05, "NO+": 0.0}, "composition_moles": {"e-": 0.0, "N-": 0.0, "O2+": 0.0, "N": 0.0001648129176037182, "N2": 0.7116434770502689, "O+": 0.0,