{"states_dict": {"s4": {"state_name": "s4", "gmodel_type": "CEAGas", "rho": 33.429, "p": 37310000.0, "T": 3861.0, "a": 1256.6, "h": 3288120.0, "u": 2172010.0, "s": 6232.3, "gamma": 1.4148350213656617, "R": 289.06963807669575, "Cp": 985.9, "molecular_mass": 0.028763, "v": 0.0, "M": 0.0, "Ht": 3287120.0, "Ue": 2564.028080969473, "total_p": 37307663.26738406, "total_T": 3861.0, "pitot_p": 37307663.26738406, "composition_massf": {"Ar": 0.83332, "O2": 0.14796, "H2": 0.018713}, "composition_moles": {"Ar": 0.5999995784519876, "O2": 0.1329979086715752, "H2": 0.26700102139016213}}, "s1": {"state_name": "s1", "gmodel_type": "CEAGas", "rho": 5.2777, "p": 453487.8508128582, "T": 298.15, "a": 346.7, "h": 7.000000000000001e-05, "u": -85925.0, "s": 6452.5, "gamma": 1.398557725608831, "R": 288.19792027729636, "Cp": 1011.3000000000001, "molecular_mass": 0.02885, "v": 0.0, "M": 0.0, "Ht": -10.11307, "Ue": null, "total_p": 453414.24205053557, "total_T": 298.14, "pitot_p": 453414.24205053557, "composition_massf": {"e-": 0.0, "N-": 0.0, "O2+": 0.0, "N": 0.0, "N2": 0.76708, "O+": 0.0, "N2O": 0.0, "N2+": 0.0, "O": 0.0, "O2": 0.23292, "NO": 0.0, "O-": 0.0, "N+": 0.0, "NO2": 0.0, "NO+": 0.0}, "composition_moles": {"e-": 0.0, "N-": 0.0, "O2+": 0.0, "N": 0.0, "N2": 0.7899882913177266, "O+": 0.0, "N2O": 0.0, "N2+": 0.0, "O": 0.0, "O2": 0.20999981249296848, "NO": 0.0, "O-": 0.0, "N+": 0.0, "NO2": 0.0, "NO+": 0.0}}, "s2": {"state_name": "s2", "gmodel_type": "CEAGas", "rho": 26.27643531349346, "p": 8974800.0, "T": 1185.1721293123176, "a": 671.7, "h": 969450.0, "u": 627890.0, "s": 7071.6, "gamma": 1.3211680095261382, "R": 288.18793109424286, "Cp": 1185.5, "molecular_mass": 0.028850999999999998, "v": 1135.9131957790996, "M": 1.6911019737667106, "Ht": 1614599.99993, "Ue": 1796.9974957856787, "total_p": 42738366.73935405, "total_T": 1709.43, "pitot_p": 36306686.065910265, "unit_Re": 611646747.0774636, "k": 0.0762, "mu": 4.8799e-05, "composition_massf": {"e-": 0.0, "N-": 0.0, "O2+": 0.0, "N": 0.0, "N2": 0.76698, "O+": 0.0, "N2O": 0.0, "N2+": 0.0, "O": 0.0, "O2": 0.23279, "NO": 0.00018151, "O-": 0.0, "N+": 0.0, "NO2": 4.8116e-05, "NO+": 0.0}, "composition_moles": {"e-": 0.0, "N-": 0.0, "O2+": 0.0, "N": 0.0, "N2": 0.7899126839298336, "O+": 0.0, "N2O": 0.0, "N2+": 0.0, "O": 0.0, "O2": 0.2098898799329975, "NO": 0.00017452268072158658, "O-": 0.0, "N+": 0.0, "NO2": 3.0174538174783447e-05, "NO+": 0.0}}, "s3": {"state_name": "s3", "gmodel_type": "CEAGas", "rho": 12.315, "p": 8974800.000000002, "T": 2521.11, "a": 1024.2, "h": 1991540.0, "u": 1262760.0, "s": 6232.3, "gamma": 1.43936205836689, "R": 289.06963807669575, "Cp": 947.0, "molecular_mass": 0.028763, "v": 1135.9152768424967, "M": 1.1090756462043514, "Ht": 2635690.0, "Ue": 2295.9486056965648, "total_p": 19661827.184059963, "total_T": 3194.49, "pitot_p": 19634738.915737756, "composition_massf": {"Ar": 0.83332, "O2": 0.14796, "H2": 0.018713}, "composition_moles": {"Ar": 0.5999995784519876, "O2": 0.1329979086715752, "H2": 0.26700102139016213}}, "s5": {"state_name": "s5", "gmodel_type": "CEAGas", "rho": 93.019, "p": 56203565.96875672, "T": 2096.8975594567323, "a": 876.9, "h": 2122000.0, "u": 1517790.0, "s": 7260.0, "gamma": 1.2729314992328005, "R": 288.14798128573904, "Cp": 1343.9, "molecular_mass": 0.028855, "v": 0.0, "M": 0.0, "Ht": 2122009.99993, "Ue": 2060.1019391913596, "total_p": 56198922.58038313, "total_T": 2096.9, "pitot_p": 56198922.58038313, "composition_massf": {"e-": 0.0, "N-": 0.0, "O2+": 0.0, "N": 0.0, "N2": 0.76218, "O+": 0.0, "N2O": 1.9701e-05, "N2+": 0.0, "O": 1.4392e-05, "O2": 0.22712, "NO": 0.010124, "O-": 0.0, "N+": 0.0, "NO2": 0.00054176, "NO+": 0.0}, "composition_moles": {"e-": 0.0, "N-": 0.0, "O2+": 0.0, "N": 0.0, "N2": 0.7850779948167663, "O+": 0.0, "N2O": 1.2916068848153266e-05, "N2+": 0.0, "O": 2.595604585171944e-05, "O2": 0.20480604272660224, "NO": 0.00973562109037829, "O-": 0.0, "N+": 0.0, "NO2": 0.00033979599830455057, "NO+": 0.0}}, "s5d": {"state_name": "s5d", "gmodel_type": "CEAGas", "rho": 30.197, "p": 35786150.89346718, "T": 4099.600059718313, "a": 1293.3, "h": 3524050.0, "u": 2338970.0, "s": 6303.6, "gamma": 1.411410684396598, "R": 289.06963807669575, "Cp": 991.7, "molecular_mass": 0.028763, "v": 0.0, "M": 0.0, "Ht": 3523050.0, "Ue": 2654.4490953868376, "total_p": 35789468.160367705, "total_T": 4099.6, "pitot_p": 35789468.160367705, "composition_massf": {"Ar": 0.83332, "O2": 0.14796, "H2": 0.018713}, "composition_moles": {"Ar": 0.5999995784519876, "O2": 0.1329979086715752, "H2": 0.26700102139016213}}, "s6": {"state_name": "s6", "gmodel_type": "CEAGas", "rho": 57.83, "p": 30603454.41611431, "T": 1836.43, "a": 824.7, "h": 1777940.0, "u": 1248740.0, "s": 7260.0, "gamma": 1.2854753385106148, "R": 288.16795480539287, "Cp": 1297.6000000000001, "molecular_mass": 0.028853, "v": 829.529987402505, "M": 1.0058566598793561, "Ht": 2121989.99993, "Ue": 2060.0922309110338, "total_p": 56198542.25887432, "total_T": 2096.89, "pitot_p": 56198263.92496299, "composition_massf": {"e-": 0.0, "N-": 0.0, "O2+": 0.0, "N": 0.0, "N2": 0.76472, "O+": 0.0, "N2O": 7.1361e-06, "N2+": 0.0, "O": 2.4622e-06, "O2": 0.23012, "NO": 0.0048495, "O-": 0.0, "N+": 0.0, "NO2": 0.00030348, "NO+": 0.0}, "composition_moles": {"e-": 0.0, "N-": 0.0, "O2+": 0.0, "N": 0.0, "N2": 0.787639706711788, "O+": 0.0, "N2O": 4.678136662516359e-06, "N2+": 0.0, "O": 4.440282548095553e-06, "O2": 0.2074969173844019, "NO": 0.0046631392783467365, "O-": 0.0, "N+": 0.0, "NO2": 0.00019033177424438385, "NO+": 0.0}}, "s8": {"state_name": "s8", "gmodel_type": "CEAGas", "rho": 0.13022, "p": 7810.764307949372, "T": 208.13, "a": 289.8, "h": -90914.0, "u": -150900.0, "s": 7260.0, "gamma": 1.3997740170040183, "R": 288.19792027729636, "Cp": 1009.1000000000001, "molecular_mass": 0.02885, "v": 2103.7651960235485, "M": 7.259369206430463, "Ht": 2121989.99993, "Ue": 2060.0922309110338, "total_p": 56198375.469650775, "total_T": 2096.89, "pitot_p": 540854.2975836814, "unit_Re": 19494222.14660119, "k": 0.01958, "mu": 1.4052999999999999e-05, "composition_massf": {"e-": 0.0, "N-": 0.0, "O2+": 0.0, "N": 0.0, "N2": 0.76708, "O+": 0.0, "N2O": 0.0, "N2+": 0.0, "O": 0.0, "O2": 0.23292, "NO": 0.0, "O-": 0.0, "N+": 0.0, "NO2": 0.0, "NO+": 0.0}, "composition_moles": {"e-": 0.0, "N-": 0.0, "O2+": 0.0, "N": 0.0, "N2": 0.7899882913177266, "O+": 0.0, "N2O": 0.0, "N2+": 0.0, "O": 0.0, "O2": 0.20999981249296848, "NO": 0.0, "O-": 0.0, "N+": 0.0, "NO2": 0.0, "NO+": 0.0}}, "s10f": {"state_name": "s10f", "gmodel_type": "IdealGas", "rho": 0.7139142113958816, "p": 479009.43658924225, "T": 2328.129851611849, "a": 969.1209562660893, "h": 2349315.833261518, "u": 1678353.651891492, "s": 1626.2434682278245, "gamma": 1.3997740170040183, "R": 288.19792027729636, "Cp": 1009.1000000000003, "molecular_mass": 0.02885, "v": 383.7242492688786, "M": 0.3959508323370941, "Ht": null, "Ue": null, "total_p": 533661.8176863579, "total_T": 2401.088081458725, "pitot_p": 533661.8176863579}, "s10e": {"state_name": "s10e", "gmodel_type": "CEAGas", "rho": 0.8340420566568404, "p": 494160.0, "T": 2055.688916893934, "a": 868.4, "h": 2068050.0000000002, "u": 1475560.0, "s": 8598.2, "gamma": 1.2955832138997754, "R": 288.21790072102056, "Cp": 1263.3000000000002, "molecular_mass": 0.028848, "v": 328.46341696999326, "M": 0.3782397708083755, "Ht": 2121999.99993, "Ue": 2060.0970850569156, "total_p": 540854.2975836814, "total_T": 2095.63, "pitot_p": 540854.2975836814, "unit_Re": 3875787.725849023, "k": 0.12772, "mu": 7.0683e-05, "composition_massf": {"e-": 0.0, "N-": 0.0, "O2+": 0.0, "N": 0.0, "N2": 0.7628, "O+": 0.0, "N2O": 1.6709e-06, "N2+": 0.0, "O": 0.00011464, "O2": 0.2279, "NO": 0.0091327, "O-": 0.0, "N+": 0.0, "NO2": 4.8923e-05, "NO+": 0.0}, "composition_moles": {"e-": 0.0, "N-": 0.0, "O2+": 0.0, "N": 0.0, "N2": 0.7855260125511362, "O+": 0.0, "N2O": 1.0951842009597207e-06, "N2+": 0.0, "O": 0.00020670367138767704, "O2": 0.2054595547333025, "NO": 0.008780219008801543, "O-": 0.0, "N+": 0.0, "NO2": 3.067743430676767e-05, "NO+": 0.0}}},