{"states_dict": {"s4": {"state_name": "s4", "gmodel_type": "CEAGas", "rho": 33.429, "p": 37310000.0, "T": 3861.0, "a": 1256.6, "h": 3288120.0, "u": 2172010.0, "s": 6232.3, "gamma": 1.4148350213656617, "R": 289.06963807669575, "Cp": 985.9, "molecular_mass": 0.028763, "v": 0.0, "M": 0.0, "Ht": 3287120.0, "Ue": 2564.028080969473, "total_p": 37307663.26738406, "total_T": 3861.0, "pitot_p": 37307663.26738406, "composition_massf": {"Ar": 0.83332, "O2": 0.14796, "H2": 0.018713}, "composition_moles": {"Ar": 0.5999995784519876, "O2": 0.1329979086715752, "H2": 0.26700102139016213}}, "s1": {"state_name": "s1", "gmodel_type": "CEAGas", "rho": 7.309, "p": 628029.1441834259, "T": 298.15, "a": 346.7, "h": 7.000000000000001e-05, "u": -85925.0, "s": 6358.6, "gamma": 1.398557725608831, "R": 288.19792027729636, "Cp": 1011.3000000000001, "molecular_mass": 0.02885, "v": 0.0, "M": 0.0, "Ht": null, "Ue": null, "total_p": 628069.6335539197, "total_T": 298.15, "pitot_p": 628069.6335539197, "composition_massf": {"e-": 0.0, "N-": 0.0, "O2+": 0.0, "N": 0.0, "N2": 0.76708, "O+": 0.0, "N2O": 0.0, "N2+": 0.0, "O": 0.0, "O2": 0.23292, "NO": 0.0, "O-": 0.0, "N+": 0.0, "NO2": 0.0, "NO+": 0.0}, "composition_moles": {"e-": 0.0, "N-": 0.0, "O2+": 0.0, "N": 0.0, "N2": 0.7899882913177266, "O+": 0.0, "N2O": 0.0, "N2+": 0.0, "O": 0.0, "O2": 0.20999981249296848, "NO": 0.0, "O-": 0.0, "N+": 0.0, "NO2": 0.0, "NO+": 0.0}}, "s2": {"state_name": "s2", "gmodel_type": "CEAGas", "rho": 34.407882845053514, "p": 10430000.0, "T": 1051.7970415199377, "a": 635.0, "h": 812960.0, "u": 509840.0, "s": 6888.3, "gamma": 1.3302589333374983, "R": 288.18793109424286, "Cp": 1160.8, "molecular_mass": 0.028850999999999998, "v": 1027.7021339600196, "M": 1.6184285574173538, "Ht": 1341049.99993, "Ue": 1637.7118183184732, "total_p": 44584570.66676779, "total_T": 1491.73, "pitot_p": 39293472.64098498, "unit_Re": 784772290.2174448, "k": 0.06914000000000001, "mu": 4.5059000000000003e-05, "composition_massf": {"e-": 0.0, "N-": 0.0, "O2+": 0.0, "N": 0.0, "N2": 0.76704, "O+": 0.0, "N2O": 0.0, "N2+": 0.0, "O": 0.0, "O2": 0.23286, "NO": 5.5971e-05, "O-": 0.0, "N+": 0.0, "NO2": 3.3627e-05, "NO+": 0.0}, "composition_moles": {"e-": 0.0, "N-": 0.0, "O2+": 0.0, "N": 0.0, "N2": 0.78997447792842, "O+": 0.0, "N2O": 0.0, "N2+": 0.0, "O": 0.0, "O2": 0.20995299386226984, "NO": 5.381636803849884e-05, "O-": 0.0, "N+": 0.0, "NO2": 2.1088186782015194e-05, "NO+": 0.0}}, "s3": {"state_name": "s3", "gmodel_type": "CEAGas", "rho": 13.671, "p": 10430000.0, "T": 2639.18, "a": 1046.9, "h": 2103600.0, "u": 1340690.0, "s": 6232.3, "gamma": 1.4366410586319671, "R": 289.06963807669575, "Cp": 951.0999999999999, "molecular_mass": 0.028763, "v": 1027.7102384983975, "M": 0.9816699192839788, "Ht": 2630700.0, "Ue": 2293.774182433833, "total_p": 19555612.434524763, "total_T": 3189.33, "pitot_p": 19555612.434524763, "composition_massf": {"Ar": 0.83332, "O2": 0.14796, "H2": 0.018713}, "composition_moles": {"Ar": 0.5999995784519876, "O2": 0.1329979086715752, "H2": 0.26700102139016213}}, "s5": {"state_name": "s5", "gmodel_type": "CEAGas", "rho": 116.82, "p": 61903952.2643843, "T": 1838.9293688596279, "a": 825.2, "h": 1781270.0, "u": 1251370.0, "s": 7058.8, "gamma": 1.2853495482288375, "R": 288.15796769945246, "Cp": 1298.0, "molecular_mass": 0.028853999999999998, "v": 0.0, "M": 0.0, "Ht": 1781269.99993, "Ue": 1887.4692050097135, "total_p": 61906285.01998933, "total_T": 1838.93, "pitot_p": 61906285.01998933, "composition_massf": {"e-": 0.0, "N-": 0.0, "O2+": 0.0, "N": 0.0, "N2": 0.76466, "O+": 0.0, "N2O": 1.0226e-05, "N2+": 0.0, "O": 1.7705e-06, "O2": 0.23, "NO": 0.0048878, "O-": 0.0, "N+": 0.0, "NO2": 0.00043277, "NO+": 0.0}, "composition_moles": {"e-": 0.0, "N-": 0.0, "O2+": 0.0, "N": 0.0, "N2": 0.7876052046520593, "O+": 0.0, "N2O": 6.703981659880763e-06, "N2+": 0.0, "O": 3.1929951748190557e-06, "O2": 0.207395902346338, "NO": 0.004700130346829479, "O-": 0.0, "N+": 0.0, "NO2": 0.0002714272332655878, "NO+": 0.0}}, "s5d": {"state_name": "s5d", "gmodel_type": "CEAGas", "rho": 31.039, "p": 36228337.57735393, "T": 4037.7147537041656, "a": 1283.9, "h": 3462720.0, "u": 2295540.0, "s": 6285.0, "gamma": 1.412290857414497, "R": 289.06963807669575, "Cp": 990.1999999999999, "molecular_mass": 0.028763, "v": 0.0, "M": 0.0, "Ht": 3461730.0, "Ue": 2631.246852729709, "total_p": 36228957.496665746, "total_T": 4037.72, "pitot_p": 36228957.496665746, "composition_massf": {"Ar": 0.83332, "O2": 0.14796, "H2": 0.018713}, "composition_moles": {"Ar": 0.5999995784519876, "O2": 0.1329979086715752, "H2": 0.26700102139016213}}, "s6": {"state_name": "s6", "gmodel_type": "CEAGas", "rho": 72.722, "p": 33566331.91868138, "T": 1601.71, "a": 773.8, "h": 1478200.0, "u": 1016630.0, "s": 7058.8, "gamma": 1.297544016063328, "R": 288.17794260363235, "Cp": 1256.6999999999998, "molecular_mass": 0.028852, "v": 778.5499341724974, "M": 1.0061384520192522, "Ht": 1781269.99993, "Ue": 1887.4692050097135, "total_p": 61907000.098438114, "total_T": 1838.93, "pitot_p": 61906646.501637265, "composition_massf": {"e-": 0.0, "N-": 0.0, "O2+": 0.0, "N": 0.0, "N2": 0.76606, "O+": 0.0, "N2O": 3.255e-06, "N2+": 0.0, "O": 0.0, "O2": 0.23168, "NO": 0.0020237, "O-": 0.0, "N+": 0.0, "NO2": 0.00022869, "NO+": 0.0}, "composition_moles": {"e-": 0.0, "N-": 0.0, "O2+": 0.0, "N": 0.0, "N2": 0.7889925221501137, "O+": 0.0, "N2O": 2.1337715391886e-06, "N2+": 0.0, "O": 0.0, "O2": 0.20889631361176045, "NO": 0.001945864087635514, "O-": 0.0, "N+": 0.0, "NO2": 0.00014342119703078982, "NO+": 0.0}}, "s8": {"state_name": "s8", "gmodel_type": "CEAGas", "rho": 0.16555, "p": 8268.868146580257, "T": 173.31, "a": 264.4, "h": -126050.0, "u": -176000.0, "s": 7058.8, "gamma": 1.39971857000487, "R": 288.19792027729636, "Cp": 1009.2, "molecular_mass": 0.02885, "v": 1953.1103399449812, "M": 7.38695287422459, "Ht": 1781269.99993, "Ue": 1887.4692050097135, "total_p": 61907178.30627479, "total_T": 1838.93, "pitot_p": 591382.143405963, "unit_Re": 26844119.28417531, "k": 0.01644, "mu": 1.2045e-05, "composition_massf": {"e-": 0.0, "N-": 0.0, "O2+": 0.0, "N": 0.0, "N2": 0.76708, "O+": 0.0, "N2O": 0.0, "N2+": 0.0, "O": 0.0, "O2": 0.23292, "NO": 0.0, "O-": 0.0, "N+": 0.0, "NO2": 0.0, "NO+": 0.0}, "composition_moles": {"e-": 0.0, "N-": 0.0, "O2+": 0.0, "N": 0.0, "N2": 0.7899882913177266, "O+": 0.0, "N2O": 0.0, "N2+": 0.0, "O": 0.0, "O2": 0.20999981249296848, "NO": 0.0, "O-": 0.0, "N+": 0.0, "NO2": 0.0, "NO+": 0.0}}, "s10f": {"state_name": "s10f", "gmodel_type": "IdealGas", "rho": 0.9104028526925152, "p": 524948.6872200568, "T": 2000.7480468598226, "a": 898.3839495419364, "h": 2019154.9288909328, "u": 1442543.5027870692, "s": 1447.1173824553598, "gamma": 1.3997185700048702, "R": 288.19792027729636, "Cp": 1009.2, "molecular_mass": 0.02885, "v": 355.1605921525282, "M": 0.3953327442388254, "Ht": null, "Ue": null, "total_p": 584646.0391754428, "total_T": 2063.2426198969483, "pitot_p": 584646.0391754428}, "s10e": {"state_name": "s10e", "gmodel_type": "CEAGas", "rho": 1.0383218755633308, "p": 539090.0, "T": 1801.5578975009184, "a": 817.4, "h": 1732780.0, "u": 1213580.0, "s": 8399.1, "gamma": 1.30076945810919, "R": 288.19792027729636, "Cp": 1246.3999999999999, "molecular_mass": 0.02885, "v": 311.4038376610993, "M": 0.3809687272585017, "Ht": 1781259.99993, "Ue": 1887.463906902593, "total_p": 591382.143405963, "total_T": 1838.96, "pitot_p": 591382.143405963, "unit_Re": 5004835.798744549, "k": 0.11081000000000002, "mu": 6.460500000000001e-05, "composition_massf": {"e-": 0.0, "N-": 0.0, "O2+": 0.0, "N": 0.0, "N2": 0.76505, "O+": 0.0, "N2O": 0.0, "N2+": 0.0, "O": 1.3443e-05, "O2": 0.23057, "NO": 0.0043236, "O-": 0.0, "N+": 0.0, "NO2": 3.8597e-05, "NO+": 0.0}, "composition_moles": {"e-": 0.0, "N-": 0.0, "O2+": 0.0, "N": 0.0, "N2": 0.7878976668308739, "O+": 0.0, "N2O": 0.0, "N2+": 0.0, "O": 2.4240318386939512e-05, "O2": 0.20788106116479368, "NO": 0.0041570167399295485, "O-": 0.0, "N+": 0.0, "NO2": 2.4204137548771344e-05, "NO+": 0.0}}},