{"states_dict": {"s4": {"state_name": "s4", "gmodel_type": "CEAGas", "rho": 33.429, "p": 37310000.0, "T": 3861.0, "a": 1256.6, "h": 3288120.0, "u": 2172010.0, "s": 6232.3, "gamma": 1.4148350213656617, "R": 289.06963807669575, "Cp": 985.9, "molecular_mass": 0.028763, "v": 0.0, "M": 0.0, "Ht": 3287120.0, "Ue": 2564.028080969473, "total_p": 37307663.26738406, "total_T": 3861.0, "pitot_p": 37307663.26738406, "composition_massf": {"Ar": 0.83332, "O2": 0.14796, "H2": 0.018713}, "composition_moles": {"Ar": 0.5999995784519876, "O2": 0.1329979086715752, "H2": 0.26700102139016213}}, "s1": {"state_name": "s1", "gmodel_type": "CEAGas", "rho": 8.4036, "p": 722080.9018385471, "T": 298.15, "a": 346.7, "h": 7.000000000000001e-05, "u": -85925.0, "s": 6318.4, "gamma": 1.398557725608831, "R": 288.19792027729636, "Cp": 1011.3000000000001, "molecular_mass": 0.02885, "v": 0.0, "M": 0.0, "Ht": null, "Ue": null, "total_p": 722124.8418073785, "total_T": 298.15, "pitot_p": 722124.8418073785, "composition_massf": {"e-": 0.0, "N-": 0.0, "O2+": 0.0, "N": 0.0, "N2": 0.76708, "O+": 0.0, "N2O": 0.0, "N2+": 0.0, "O": 0.0, "O2": 0.23292, "NO": 0.0, "O-": 0.0, "N+": 0.0, "NO2": 0.0, "NO+": 0.0}, "composition_moles": {"e-": 0.0, "N-": 0.0, "O2+": 0.0, "N": 0.0, "N2": 0.7899882913177266, "O+": 0.0, "N2O": 0.0, "N2+": 0.0, "O": 0.0, "O2": 0.20999981249296848, "NO": 0.0, "O-": 0.0, "N+": 0.0, "NO2": 0.0, "NO+": 0.0}}, "s2": {"state_name": "s2", "gmodel_type": "CEAGas", "rho": 38.54545615025553, "p": 11095000.0, "T": 998.8052917173899, "a": 619.7, "h": 751720.0, "u": 463880.0, "s": 6810.7, "gamma": 1.334320065216802, "R": 288.18793109424286, "Cp": 1150.1999999999998, "molecular_mass": 0.028850999999999998, "v": 982.4598431973812, "M": 1.5853797695616931, "Ht": 1234329.99993, "Ue": 1571.1969958792563, "total_p": 45192575.79125049, "total_T": 1405.02, "pitot_p": 40443241.28413499, "unit_Re": 870159990.931792, "k": 0.06634, "mu": 4.352e-05, "composition_massf": {"e-": 0.0, "N-": 0.0, "O2+": 0.0, "N": 0.0, "N2": 0.76706, "O+": 0.0, "N2O": 0.0, "N2+": 0.0, "O": 0.0, "O2": 0.23288, "NO": 3.2144e-05, "O-": 0.0, "N+": 0.0, "NO2": 2.8301e-05, "NO+": 0.0}, "composition_moles": {"e-": 0.0, "N-": 0.0, "O2+": 0.0, "N": 0.0, "N2": 0.7899950759279487, "O+": 0.0, "N2O": 0.0, "N2+": 0.0, "O": 0.0, "O2": 0.20997102641349052, "NO": 3.090660045790689e-05, "O-": 0.0, "N+": 0.0, "NO2": 1.7748142091706426e-05, "NO+": 0.0}}, "s3": {"state_name": "s3", "gmodel_type": "CEAGas", "rho": 14.273, "p": 11095000.000000007, "T": 2689.18, "a": 1056.4, "h": 2151200.0, "u": 1373830.0, "s": 6232.3, "gamma": 1.4355226981617253, "R": 289.06963807669575, "Cp": 952.8, "molecular_mass": 0.028763, "v": 982.4518049400597, "M": 0.9299998153540889, "Ht": 2632800.0, "Ue": 2294.6895214821548, "total_p": 19600266.41880381, "total_T": 3191.5, "pitot_p": 19600266.41880381, "composition_massf": {"Ar": 0.83332, "O2": 0.14796, "H2": 0.018713}, "composition_moles": {"Ar": 0.5999995784519876, "O2": 0.1329979086715752, "H2": 0.26700102139016213}}, "s5": {"state_name": "s5", "gmodel_type": "CEAGas", "rho": 128.42, "p": 64210076.93679572, "T": 1735.1511110273184, "a": 803.2, "h": 1647510.0, "u": 1147510.0, "s": 6973.4, "gamma": 1.2905573811679751, "R": 288.15796769945246, "Cp": 1279.9, "molecular_mass": 0.028853999999999998, "v": 0.0, "M": 0.0, "Ht": 1647509.99993, "Ue": 1815.2189950141, "total_p": 64211359.16744504, "total_T": 1735.15, "pitot_p": 64211359.16744504, "composition_massf": {"e-": 0.0, "N-": 0.0, "O2+": 0.0, "N": 0.0, "N2": 0.76536, "O+": 0.0, "N2O": 7.4133e-06, "N2+": 0.0, "O": 0.0, "O2": 0.23082, "NO": 0.0034247, "O-": 0.0, "N+": 0.0, "NO2": 0.0003855, "NO+": 0.0}, "composition_moles": {"e-": 0.0, "N-": 0.0, "O2+": 0.0, "N": 0.0, "N2": 0.7883262095996916, "O+": 0.0, "N2O": 4.860026133306675e-06, "N2+": 0.0, "O": 0.0, "O2": 0.20813531382426842, "NO": 0.0032932068412756072, "O-": 0.0, "N+": 0.0, "NO2": 0.00024178015672039212, "NO+": 0.0}}, "s5d": {"state_name": "s5d", "gmodel_type": "CEAGas", "rho": 31.344, "p": 36379125.07728377, "T": 4015.019663207206, "a": 1280.4, "h": 3440260.0, "u": 2279630.0, "s": 6278.2, "gamma": 1.4125850859262923, "R": 289.06963807669575, "Cp": 989.7, "molecular_mass": 0.028763, "v": 0.0, "M": 0.0, "Ht": 3439260.0, "Ue": 2622.693272191775, "total_p": 36382255.31876113, "total_T": 4015.02, "pitot_p": 36382255.31876113, "composition_massf": {"Ar": 0.83332, "O2": 0.14796, "H2": 0.018713}, "composition_moles": {"Ar": 0.5999995784519876, "O2": 0.1329979086715752, "H2": 0.26700102139016213}}, "s6": {"state_name": "s6", "gmodel_type": "CEAGas", "rho": 79.984, "p": 34755828.27676079, "T": 1507.89, "a": 752.3, "h": 1361050.0, "u": 926520.0, "s": 6973.4, "gamma": 1.3025420150283349, "R": 288.17794260363235, "Cp": 1240.6999999999998, "molecular_mass": 0.028852, "v": 756.9147904487004, "M": 1.0061342422553508, "Ht": 1647509.99993, "Ue": 1815.2189950141, "total_p": 64211289.910053514, "total_T": 1735.15, "pitot_p": 64212418.94037037, "composition_massf": {"e-": 0.0, "N-": 0.0, "O2+": 0.0, "N": 0.0, "N2": 0.7664, "O+": 0.0, "N2O": 2.2175e-06, "N2+": 0.0, "O": 0.0, "O2": 0.23207, "NO": 0.0013211, "O-": 0.0, "N+": 0.0, "NO2": 0.00019826, "NO+": 0.0}, "composition_moles": {"e-": 0.0, "N-": 0.0, "O2+": 0.0, "N": 0.0, "N2": 0.789342700279152, "O+": 0.0, "N2O": 1.4536523465900828e-06, "N2+": 0.0, "O": 0.0, "O2": 0.20924796054852057, "NO": 0.0012702876148516467, "O-": 0.0, "N+": 0.0, "NO2": 0.00012433725358924476, "NO+": 0.0}}, "s8": {"state_name": "s8", "gmodel_type": "CEAGas", "rho": 0.1829, "p": 8444.439833131019, "T": 160.2, "a": 254.2, "h": -139280.0, "u": -185450.0, "s": 6973.4, "gamma": 1.3994969357283742, "R": 288.19792027729636, "Cp": 1009.6, "molecular_mass": 0.02885, "v": 1890.391493844595, "M": 7.4366305816073766, "Ht": 1647509.99993, "Ue": 1815.2189950141, "total_p": 64211125.39893104, "total_T": 1735.15, "pitot_p": 611507.3536651589, "unit_Re": 30766382.294374127, "k": 0.015120000000000001, "mu": 1.1238e-05, "composition_massf": {"e-": 0.0, "N-": 0.0, "O2+": 0.0, "N": 0.0, "N2": 0.76708, "O+": 0.0, "N2O": 0.0, "N2+": 0.0, "O": 0.0, "O2": 0.23292, "NO": 0.0, "O-": 0.0, "N+": 0.0, "NO2": 0.0, "NO+": 0.0}, "composition_moles": {"e-": 0.0, "N-": 0.0, "O2+": 0.0, "N": 0.0, "N2": 0.7899882913177266, "O+": 0.0, "N2O": 0.0, "N2+": 0.0, "O": 0.0, "O2": 0.20999981249296848, "NO": 0.0, "O-": 0.0, "N+": 0.0, "NO2": 0.0, "NO+": 0.0}}, "s10f": {"state_name": "s10f", "gmodel_type": "IdealGas", "rho": 1.0073748839775383, "p": 543386.1625200484, "T": 1871.6585113366862, "a": 868.8497969574616, "h": 1889626.4330455184, "u": 1350218.3426089848, "s": 1370.5938696373644, "gamma": 1.3994969357283742, "R": 288.19792027729636, "Cp": 1009.5999999999999, "molecular_mass": 0.02885, "v": 343.2243783721699, "M": 0.3950330420448656, "Ht": null, "Ue": null, "total_p": 605073.1936637545, "total_T": 1929.999920760697, "pitot_p": 605073.1936637545}, "s10e": {"state_name": "s10e", "gmodel_type": "CEAGas", "rho": 1.1374012492240444, "p": 556950.0, "T": 1699.1107036860892, "a": 795.5, "h": 1601310.0, "u": 1111640.0, "s": 8314.6, "gamma": 1.3032880138284433, "R": 288.18793109424286, "Cp": 1238.3999999999999, "molecular_mass": 0.028850999999999998, "v": 303.9847234738445, "M": 0.38213038777353175, "Ht": 1647509.99993, "Ue": 1815.2189950141, "total_p": 611507.3536651589, "total_T": 1735.29, "pitot_p": 611507.3536651589, "unit_Re": 5567943.7690093955, "k": 0.10467, "mu": 6.2097e-05, "composition_massf": {"e-": 0.0, "N-": 0.0, "O2+": 0.0, "N": 0.0, "N2": 0.76567, "O+": 0.0, "N2O": 0.0, "N2+": 0.0, "O": 4.7502e-06, "O2": 0.23129, "NO": 0.0029973, "O-": 0.0, "N+": 0.0, "NO2": 3.4171e-05, "NO+": 0.0}, "composition_moles": {"e-": 0.0, "N-": 0.0, "O2+": 0.0, "N": 0.0, "N2": 0.7885635149606973, "O+": 0.0, "N2O": 0.0, "N2+": 0.0, "O": 8.565822480843032e-06, "O2": 0.2085374385914472, "NO": 0.0028819174201245744, "O-": 0.0, "N+": 0.0, "NO2": 2.1429340426688115e-05, "NO+": 0.0}}}, "config_data": {"output_filename": "HYPULSE_RST_M8_condition_builder_92",