driver_condition,area_ratio,test_gas_gas_model,test_gas_name,accelerator_gas_gas_model,accelerator_gas_name,p1,p5,vs1,vs2,Ht,h,Ue,pitot_p,total_p,basic_test_time_us,p2,T2,rho2,v2,M2,a2,gamma2,R2,Ht2,h2,p3,T3,rho3,v3,M3,a3,p7,T7,rho7,v7,M7,a7,p6,T6,rho6,v6,M6,a6,p8,T8,rho8,v8,M8,a8,gamma8,R8,unit_Re8,p10f,T10f,rho10f,v10f,M10f,a10f,p10e,T10e,rho10e,v10e,M10e,a10e,unit_Re10e,s2 Xe-,s2 XN-,s2 XO2+,s2 XN,s2 XN2,s2 XO+,s2 XN2O,s2 XN2+,s2 XO,s2 XO2,s2 XNO,s2 XO-,s2 XN+,s2 XNO2,s2 XNO+,s7 Xe-,s7 XN-,s7 XO2+,s7 XN,s7 XN2,s7 XO+,s7 XN2O,s7 XN2+,s7 XO,s7 XO2,s7 XNO,s7 XO-,s7 XN+,s7 XNO2,s7 XNO+,s8 Xe-,s8 XN-,s8 XO2+,s8 XN,s8 XN2,s8 XO+,s8 XN2O,s8 XN2+,s8 XO,s8 XO2,s8 XNO,s8 XO-,s8 XN+,s8 XNO2,s8 XNO+,s10e Xe-,s10e XN-,s10e XO2+,s10e XN,s10e XN2,s10e XO+,s10e XN2O,s10e XN2+,s10e XO,s10e XO2,s10e XNO,s10e XO-,s10e XN+,s10e XNO2,s10e XNO+
custom_from_dict,16,CEAGas,n2-o2-with-ions,CEAGas,air13species,34437.08609271523,34.85535029627048,3665.158313544369,8233.65185019404,35328499.99993,327000.0,8405.77182654038,100190.78621474536,None,64.32473670787552,4811100.0,4396.76226625675,3.5538676310025012,3251.827739246094,2.549653237608667,1275.4,1.121282192896805,307.89920011850097,11918399.99993,6631270.0,4811100.000000006,3096.52,1.6315,3251.8302300894725,1.7222764843437703,1888.1,10794.740632580859,1564.88,0.023936,8233.651850194037,10.755913586145052,765.5,26033.0,7107.043299035199,0.007001957482145552,7754.84597784894,3.740880838325586,2073.0,261.0457189109624,615.25,0.0014722,8366.778519251224,16.96083218984639,493.3,1.372588423266572,288.19792027729636,393784.2498734542,86834.69121647834,32739.008768044507,0.009203158370556649,1338.4294610243721,0.37191794833183583,3598.7224252758756,96979.0,7694.955910107047,0.02392745713629502,514.7881476029229,0.23682575682151305,2173.7,57894.20631717263,0.0,0.0,0.0,0.0007955428873324908,0.6934491164942491,0.0,3.757434119165334e-05,0.0,0.12736407890295887,0.08723463004862683,0.0909849797207901,0.0,0.0,0.00012521314364586844,2.956750916432084e-06,0.0,0.0,0.0,0.0,0.7891643998943363,0.0,0.0,0.0,1.3141848131804943e-05,0.2091613279247972,0.0016565186745361778,0.0,0.0,2.421981502211692e-06,0.0,0.0,0.0,0.0,0.0,0.7899882913177266,0.0,0.0,0.0,0.0,0.20999981249296848,0.0,0.0,0.0,0.0,0.0,0.0,0.0,0.0,0.6732326029685792,0.094366394653987,0.0002679076524205981,0.0,4.4661210675611544e-05,0.22799785491955948,1.3303657074640298e-05,0.001144831037689003,0.0,0.0009472624692604708,0.0,0.0003734171364036322