{"states_dict": {"s4": {"state_name": "s4", "gmodel_type": "CEAGas", "rho": 3.7538, "p": 13107577.030782277, "T": 3584.8184862776443, "a": 2046.8, "h": 4613380.0, "u": 1121590.0, "s": 21575.3, "gamma": 1.1208959372005505, "R": 974.0522492970947, "Cp": 9031.0, "molecular_mass": 0.008536, "v": 1613.8750460436086, "M": 0.7884869288858748, "Ht": 5914680.0, "Ue": 3439.383665716868, "total_p": 18821423.868868396, "total_T": 3771.3, "pitot_p": 18821423.868868396, "composition_massf": {"H2O": 0.55717, "OH": 0.078545, "He": 0.28943, "HO2": 0.00028617, "O": 0.011538, "O2": 0.050478, "H2": 0.010916, "H": 0.0015821, "H2O2": 5.1174e-05}, "composition_moles": {"H2O": 0.26399829034020006, "OH": 0.03942180964218978, "He": 0.6172421040113406, "HO2": 7.400752452377908e-05, "O": 0.006155753840769028, "O2": 0.013465511456679626, "H2": 0.04622248149691449, "H": 0.013398422128301285, "H2O2": 1.284213945273041e-05}}, "s1": {"state_name": "s1", "gmodel_type": "CEAGas", "rho": 0.40078, "p": 34437.08609271523, "T": 298.15, "a": 346.7, "h": 7.000000000000001e-05, "u": -85925.0, "s": 7195.400000000001, "gamma": 1.398557725608831, "R": 288.19792027729636, "Cp": 1011.3000000000001, "molecular_mass": 0.02885, "v": 0.0, "M": 0.0, "Ht": -10.11307, "Ue": null, "total_p": 34432.761710821265, "total_T": 298.14, "pitot_p": 34432.761710821265, "composition_massf": {"e-": 0.0, "N-": 0.0, "O2+": 0.0, "N": 0.0, "N2": 0.76708, "O+": 0.0, "N2O": 0.0, "N2+": 0.0, "O": 0.0, "O2": 0.23292, "NO": 0.0, "O-": 0.0, "N+": 0.0, "NO2": 0.0, "NO+": 0.0}, "composition_moles": {"e-": 0.0, "N-": 0.0, "O2+": 0.0, "N": 0.0, "N2": 0.7899882913177266, "O+": 0.0, "N2O": 0.0, "N2+": 0.0, "O": 0.0, "O2": 0.20999981249296848, "NO": 0.0, "O-": 0.0, "N+": 0.0, "NO2": 0.0, "NO+": 0.0}}, "s2": {"state_name": "s2", "gmodel_type": "CEAGas", "rho": 3.5538676310025012, "p": 4811100.0, "T": 4396.76226625675, "a": 1275.4, "h": 6631270.0, "u": 5277510.0, "s": 9347.300000000001, "gamma": 1.121282192896805, "R": 307.89920011850097, "Cp": 2846.6, "molecular_mass": 0.027004, "v": 3251.827739246094, "M": 2.549653237608667, "Ht": 11918399.99993, "Ue": 4882.294542513796, "total_p": 92560005.36226813, "total_T": 7091.98, "pitot_p": 38187138.755593136, "unit_Re": 92578429.41682877, "k": 0.56657, "mu": 0.00012483, "composition_massf": {"e-": 0.0, "N-": 0.0, "O2+": 0.0, "N": 0.00041264, "N2": 0.71937, "O+": 0.0, "N2O": 6.1241e-05, "N2+": 0.0, "O": 0.075461, "O2": 0.10337, "NO": 0.1011, "O-": 0.0, "N+": 0.0, "NO2": 0.00021332, "NO+": 3.2854e-06}, "composition_moles": {"e-": 0.0, "N-": 0.0, "O2+": 0.0, "N": 0.0007955428873324908, "N2": 0.6934491164942491, "O+": 0.0, "N2O": 3.757434119165334e-05, "N2+": 0.0, "O": 0.12736407890295887, "O2": 0.08723463004862683, "NO": 0.0909849797207901, "O-": 0.0, "N+": 0.0, "NO2": 0.00012521314364586844, "NO+": 2.956750916432084e-06}}, "s3": {"state_name": "s3", "gmodel_type": "CEAGas", "rho": 1.6315, "p": 4811100.000000006, "T": 3096.52, "a": 1888.1, "h": 1391870.0, "u": -1556950.0, "s": 21575.3, "gamma": 1.148968682069178, "R": 952.2975604169054, "Cp": 7344.9, "molecular_mass": 0.008731, "v": 3251.8302300894725, "M": 1.7222764843437703, "Ht": 6678040.0, "Ue": 3654.5971050171865, "total_p": 23042987.6830929, "total_T": 3879.18, "pitot_p": 19003400.21830706, "composition_massf": {"H2O": 0.62524, "OH": 0.041186, "He": 0.28943, "HO2": 8.4098e-05, "O": 0.0039112, "O2": 0.033026, "H2": 0.0065142, "H": 0.00058928, "H2O2": 1.5631e-05}, "composition_moles": {"H2O": 0.30301890617298205, "OH": 0.02114351603484143, "He": 0.6313426441100064, "HO2": 2.224574853499618e-05, "O": 0.0021343729889870874, "O2": 0.009011275610335387, "H2": 0.02821372313828204, "H": 0.005104474155207651, "H2O2": 4.012216519455718e-06}}, "s5": {"state_name": "s5", "gmodel_type": "CEAGas", "rho": 0.00040718, "p": 34.85535029627048, "T": 298.15, "a": 346.2, "h": 7.000000000000001e-05, "u": -85601.0, "s": 9150.4, "gamma": 1.3999978043324515, "R": 287.11315998480615, "Cp": 1004.8999999999999, "molecular_mass": 0.028959, "v": 0.0, "M": 0.0, "Ht": -10.04807, "Ue": null, "total_p": 34.852294654636715, "total_T": 298.14, "pitot_p": 34.852294654636715, "composition_massf": {"e-": 0.0, "O+": 0.0, "N2": 0.75566, "N": 0.0, "O2+": 0.0, "N2+": 0.0, "Ar": 0.01283, "O": 0.0, "O2": 0.23151, "NO": 0.0, "Ar+": 0.0, "N+": 0.0, "NO+": 0.0}, "composition_moles": {"e-": 0.0, "O+": 0.0, "N2": 0.7811675105485232, "N": 0.0, "O2+": 0.0, "N2+": 0.0, "Ar": 0.009300690147191348, "O": 0.0, "O2": 0.20951717220645774, "NO": 0.0, "Ar+": 0.0, "N+": 0.0, "NO+": 0.0}}, "s6": {"state_name": "s6", "gmodel_type": "CEAGas", "rho": 0.007001957482145552, "p": 26033.0, "T": 7107.043299035199, "a": 2073.0, "h": 33781800.0, "u": 30063800.0, "s": 15646.5, "gamma": 1.0472761702517845, "R": 523.155477254137, "Cp": 11589.1, "molecular_mass": 0.015893, "v": 7754.84597784894, "M": 3.740880838325586, "Ht": 63850699.99993, "Ue": 11300.504413514469, "total_p": 4227902.826243091, "total_T": 14732.4, "pitot_p": 416763.4043045368, "composition_massf": {"e-": 0.0, "O+": 0.00020628, "N2": 0.16327, "N": 0.59084, "O2+": 0.0, "N2+": 4.3103e-05, "Ar": 0.012826, "O": 0.23023, "O2": 1.412e-05, "NO": 0.0013942, "Ar+": 4.2869e-06, "N+": 0.00057073, "NO+": 0.00060135}, "composition_moles": {"e-": 0.0, "O+": 0.00020491521285084257, "N2": 0.09262888867470567, "N": 0.6704091698972634, "O2+": 0.0, "N2+": 2.4454346657477358e-05, "Ar": 0.005102723991188545, "O": 0.22869891308424065, "O2": 7.013049239346476e-06, "NO": 0.0007384505350578717, "Ar+": 1.705533126951874e-06, "N+": 0.0006476162959369409, "NO+": 0.0003185162446306519}}, "s7": {"state_name": "s7", "gmodel_type": "CEAGas", "rho": 0.023936, "p": 10794.740632580859, "T": 1564.88, "a": 765.5, "h": 1431980.0, "u": 980990.0, "s": 9347.300000000001, "gamma": 1.2991770975520547, "R": 288.19792027729636, "Cp": 1251.5, "molecular_mass": 0.02885, "v": 8233.651850194037, "M": 10.755913586145052, "Ht": 35328499.99993, "Ue": 8405.77182654038, "total_p": 33369254999.80907, "total_T": 17297.36, "pitot_p": 1576160.8116245533, "unit_Re": 3354507.849845015, "k": 0.09709000000000001, "mu": 5.8751e-05, "composition_massf": {"e-": 0.0, "N-": 0.0, "O2+": 0.0, "N": 0.0, "N2": 0.76628, "O+": 0.0, "N2O": 0.0, "N2+": 0.0, "O": 7.2881e-06, "O2": 0.23199, "NO": 0.0017229, "O-": 0.0, "N+": 0.0, "NO2": 3.8622e-06, "NO+": 0.0}, "composition_moles": {"e-": 0.0, "N-": 0.0, "O2+": 0.0, "N": 0.0, "N2": 0.7891643998943363, "O+": 0.0, "N2O": 0.0, "N2+": 0.0, "O": 1.3141848131804943e-05, "O2": 0.2091613279247972, "NO": 0.0016565186745361778, "O-": 0.0, "N+": 0.0, "NO2": 2.421981502211692e-06, "NO+": 0.0}}, "s8": {"state_name": "s8", "gmodel_type": "CEAGas", "rho": 0.0014722, "p": 261.0457189109624, "T": 615.25, "a": 493.3, "h": 327000.0, "u": 149690.0, "s": 9347.300000000001, "gamma": 1.372588423266572, "R": 288.19792027729636, "Cp": 1061.7, "molecular_mass": 0.02885, "v": 8366.778519251224, "M": 16.96083218984639, "Ht": 35328499.99993, "Ue": 8405.77182654038, "total_p": null, "total_T": null, "pitot_p": 100190.78621474536, "unit_Re": 393784.2498734542, "k": 0.04558, "mu": 3.1280000000000005e-05, "composition_massf": {"e-": 0.0, "N-": 0.0, "O2+": 0.0, "N": 0.0, "N2": 0.76708, "O+": 0.0, "N2O": 0.0, "N2+": 0.0, "O": 0.0, "O2": 0.23292, "NO": 0.0, "O-": 0.0, "N+": 0.0, "NO2": 0.0, "NO+": 0.0}, "composition_moles": {"e-": 0.0, "N-": 0.0, "O2+": 0.0, "N": 0.0, "N2": 0.7899882913177266, "O+": 0.0, "N2O": 0.0, "N2+": 0.0, "O": 0.0, "O2": 0.20999981249296848, "NO": 0.0, "O-": 0.0, "N+": 0.0, "NO2": 0.0, "NO+": 0.0}}, "s10f": {"state_name": "s10f", "gmodel_type": "IdealGas", "rho": 0.009203158370556649, "p": 86834.69121647834, "T": 32739.008768044507, "a": 3598.7224252758756, "h": 34759005.609032854, "u": 25323691.370142255, "s": 5033.113954108648, "gamma": 1.3725884232665722, "R": 288.19792027729636, "Cp": 1061.7, "molecular_mass": 0.02885, "v": 1338.4294610243721, "M": 0.37191794833183583, "Ht": null, "Ue": null, "total_p": 95367.12874847304, "total_T": 33582.65267828907,