{"states_dict": {"s4": {"state_name": "s4", "gmodel_type": "CEAGas", "rho": 6.1428, "p": 21786336.486302175, "T": 3652.7572000196947, "a": 2068.4, "h": 4683410.0, "u": 1136740.0, "s": 21100.5, "gamma": 1.1292243049256492, "R": 970.9809646152048, "Cp": 8484.9, "molecular_mass": 0.008563000000000001, "v": 1623.0121553082795, "M": 0.7846703516284468, "Ht": 5999470.0, "Ue": 3463.948613937568, "total_p": 31228504.267352376, "total_T": 3849.31, "pitot_p": 31228504.267352376, "composition_massf": {"H2O": 0.56535, "OH": 0.075626, "He": 0.28943, "HO2": 0.00033955, "O": 0.010152, "O2": 0.047276, "H2": 0.010374, "H": 0.0013795, "H2O2": 6.9662e-05}, "composition_moles": {"H2O": 0.2687214436855825, "OH": 0.038076820831476295, "He": 0.6191944864865405, "HO2": 8.809008856978908e-05, "O": 0.0054334272535220066, "O2": 0.012651236546370489, "H2": 0.04406639383296625, "H": 0.011719604837589541, "H2O2": 1.753700772725188e-05}}, "s1": {"state_name": "s1", "gmodel_type": "CEAGas", "rho": 1.7765, "p": 152644.33869085033, "T": 298.15, "a": 346.7, "h": 7.000000000000001e-05, "u": -85925.0, "s": 6766.3, "gamma": 1.398557725608831, "R": 288.19792027729636, "Cp": 1011.3000000000001, "molecular_mass": 0.02885, "v": 0.0, "M": 0.0, "Ht": null, "Ue": null, "total_p": 152624.05844391466, "total_T": 298.15, "pitot_p": 152624.05844391466, "composition_massf": {"e-": 0.0, "N-": 0.0, "O2+": 0.0, "N": 0.0, "N2": 0.76708, "O+": 0.0, "N2O": 0.0, "N2+": 0.0, "O": 0.0, "O2": 0.23292, "NO": 0.0, "O-": 0.0, "N+": 0.0, "NO2": 0.0, "NO+": 0.0}, "composition_moles": {"e-": 0.0, "N-": 0.0, "O2+": 0.0, "N": 0.0, "N2": 0.7899882913177266, "O+": 0.0, "N2O": 0.0, "N2+": 0.0, "O": 0.0, "O2": 0.20999981249296848, "NO": 0.0, "O-": 0.0, "N+": 0.0, "NO2": 0.0, "NO+": 0.0}}, "s2": {"state_name": "s2", "gmodel_type": "CEAGas", "rho": 13.163382813040673, "p": 12944999.999999998, "T": 3390.1022348451797, "a": 1094.2, "h": 4086420.0, "u": 3102990.0, "s": 8404.9, "gamma": 1.1939207136366972, "R": 290.08827018351826, "Cp": 1786.0, "molecular_mass": 0.028662, "v": 2495.833122730201, "M": 2.280966114723269, "Ht": 7201019.99993, "Ue": 3795.001976265625, "total_p": 160086846.1288683, "total_T": 5158.77, "pitot_p": 84664811.77110653, "unit_Re": 326804007.0821084, "k": 0.26926, "mu": 0.00010053000000000001, "composition_massf": {"e-": 0.0, "N-": 0.0, "O2+": 0.0, "N": 4.8127e-06, "N2": 0.73573, "O+": 0.0, "N2O": 6.3452e-05, "N2+": 0.0, "O": 0.0074799, "O2": 0.18949, "NO": 0.066742, "O-": 0.0, "N+": 0.0, "NO2": 0.00048018, "NO+": 0.0}, "composition_moles": {"e-": 0.0, "N-": 0.0, "O2+": 0.0, "N": 9.848258861830408e-06, "N2": 0.7527645076998863, "O+": 0.0, "N2O": 4.1321188926857644e-05, "N2+": 0.0, "O": 0.013399808355313323, "O2": 0.16973018925709712, "NO": 0.06375234382342257, "O-": 0.0, "N+": 0.0, "NO2": 0.0002991581258762539, "NO+": 0.0}}, "s3": {"state_name": "s3", "gmodel_type": "CEAGas", "rho": 3.9912, "p": 12945000.000000011, "T": 3380.73, "a": 1980.2, "h": 2917070.0, "u": -326350.0, "s": 21100.5, "gamma": 1.141724431881308, "R": 959.4403415647357, "Cp": 7729.2, "molecular_mass": 0.008666, "v": 2495.659770953684, "M": 1.2603069240246865, "Ht": 6030260.0, "Ue": 3472.8259386269274, "total_p": 31483787.96757401, "total_T": 3853.86, "pitot_p": 31002585.837746598, "composition_massf": {"H2O": 0.60148, "OH": 0.055294, "He": 0.28943, "HO2": 0.00018486, "O": 0.0059908, "O2": 0.038658, "H2": 0.0080705, "H": 0.00085132, "H2O2": 3.8467e-05}, "composition_moles": {"H2O": 0.28933359237269696, "OH": 0.028174764778031137, "He": 0.6266424640771179, "HO2": 4.85354433670214e-05, "O": 0.0032448887333275, "O2": 0.010469462229833618, "H2": 0.03469400609163243, "H": 0.007319422902156874, "H2O2": 9.800328034836725e-06}}, "s5": {"state_name": "s5", "gmodel_type": "CEAGas", "rho": 0.001785, "p": 152.79713582667702, "T": 298.15, "a": 346.2, "h": 7.000000000000001e-05, "u": -85601.0, "s": 8726.1, "gamma": 1.3999978043324515, "R": 287.11315998480615, "Cp": 1004.8999999999999, "molecular_mass": 0.028959, "v": 0.0, "M": 0.0, "Ht": null, "Ue": null, "total_p": 152.77587469179923, "total_T": 298.15, "pitot_p": 152.77587469179923, "composition_massf": {"e-": 0.0, "O+": 0.0, "N2": 0.75566, "N": 0.0, "O2+": 0.0, "N2+": 0.0, "Ar": 0.01283, "O": 0.0, "O2": 0.23151, "NO": 0.0, "Ar+": 0.0, "N+": 0.0, "NO+": 0.0}, "composition_moles": {"e-": 0.0, "O+": 0.0, "N2": 0.7811675105485232, "N": 0.0, "O2+": 0.0, "N2+": 0.0, "Ar": 0.009300690147191348, "O": 0.0, "O2": 0.20951717220645774, "NO": 0.0, "Ar+": 0.0, "N+": 0.0, "NO+": 0.0}}, "s6": {"state_name": "s6", "gmodel_type": "CEAGas", "rho": 0.025442214739893495, "p": 70934.0, "T": 6542.311612869106, "a": 1779.9, "h": 21217500.0, "u": 18429500.0, "s": 13327.5, "gamma": 1.0341984005186493, "R": 426.1447388652555, "Cp": 12887.1, "molecular_mass": 0.019511, "v": 6072.155519533176, "M": 3.411514983725589, "Ht": 39652999.99993, "Ue": 8905.391625294196, "total_p": 8104311.39431363, "total_T": 10490.62, "pitot_p": 944006.8099929816, "composition_massf": {"e-": 0.0, "O+": 2.484e-05, "N2": 0.48464, "N": 0.26811, "O2+": 0.0, "N2+": 1.1053e-05, "Ar": 0.01283, "O": 0.22811, "O2": 9.8605e-05, "NO": 0.0056074, "Ar+": 0.0, "N+": 2.7819e-05, "NO+": 0.00054626}, "composition_moles": {"e-": 0.0, "O+": 3.029300215889248e-05, "N2": 0.33754599727273377, "N": 0.3734708539484675, "O2+": 0.0, "N2+": 7.698433833836709e-06, "Ar": 0.006266299439271052, "O": 0.27817631973699014, "O2": 6.012357197769916e-05, "NO": 0.0036461246679841764, "Ar+": 0.0, "N+": 3.875272324987148e-05, "NO+": 0.00035520356609743884}}, "s7": {"state_name": "s7", "gmodel_type": "CEAGas", "rho": 0.094701, "p": 23168.503996250733, "T": 848.9, "a": 574.1, "h": 581680.0, "u": 337030.0, "s": 8404.9, "gamma": 1.3473929578065031, "R": 288.19792027729636, "Cp": 1117.8, "molecular_mass": 0.02885, "v": 6530.315861802419, "M": 11.374875216517015, "Ht": 21904099.99993, "Ue": 6618.7763219389735, "total_p": 40008265001.47578, "total_T": 13116.64, "pitot_p": 3894930.4515923997, "unit_Re": 15861180.877880245, "k": 0.05838, "mu": 3.8990000000000004e-05, "composition_massf": {"e-": 0.0, "N-": 0.0, "O2+": 0.0, "N": 0.0, "N2": 0.76708, "O+": 0.0, "N2O": 0.0, "N2+": 0.0, "O": 0.0, "O2": 0.23291, "NO": 4.603e-06, "O-": 0.0, "N+": 0.0, "NO2": 0.0, "NO+": 0.0}, "composition_moles": {"e-": 0.0, "N-": 0.0, "O2+": 0.0, "N": 0.0, "N2": 0.7899882913177266, "O+": 0.0, "N2O": 0.0, "N2+": 0.0, "O": 0.0, "O2": 0.20999079652986988, "NO": 4.4256517841372255e-06, "O-": 0.0, "N+": 0.0, "NO2": 0.0, "NO+": 0.0}}, "s8": {"state_name": "s8", "gmodel_type": "CEAGas", "rho": 0.0058393, "p": 495.3837760002822, "T": 294.37, "a": 344.5, "h": -3822.5, "u": -88658.0, "s": 8404.9, "gamma": 1.3986128510001385, "R": 288.19792027729636, "Cp": 1011.2, "molecular_mass": 0.02885, "v": 6619.367813840554, "M": 19.21442035947911, "Ht": 21904099.99993, "Ue": 6618.7763219389735, "total_p": 40008265000.036194, "total_T": 13116.64, "pitot_p": 247172.74273829238, "unit_Re": 2096575.9641657164, "k": 0.02608, "mu": 1.8436e-05, "composition_massf": {"e-": 0.0, "N-": 0.0, "O2+": 0.0, "N": 0.0, "N2": 0.76708, "O+": 0.0, "N2O": 0.0, "N2+": 0.0, "O": 0.0, "O2": 0.23292, "NO": 0.0, "O-": 0.0, "N+": 0.0, "NO2": 0.0, "NO+": 0.0}, "composition_moles": {"e-": 0.0, "N-": 0.0, "O2+": 0.0, "N": 0.0, "N2": 0.7899882913177266, "O+": 0.0, "N2O": 0.0, "N2+": 0.0, "O": 0.0, "O2": 0.20999981249296848, "NO": 0.0, "O-": 0.0, "N+": 0.0, "NO2": 0.0, "NO+": 0.0}}, "s10f": {"state_name": "s10f", "gmodel_type": "IdealGas", "rho": 0.0346661142221527, "p": 213251.76304936092, "T": 21345.022858267745, "a": 2933.205499254807, "h": 21584087.114280343, "u": 15432495.918256229, "s": 4104.352417169972, "gamma": 1.3986128510001383, "R": 288.19792027729636, "Cp": 1011.1999999999999, "molecular_mass": 0.02885, "v": 1114.984266412572, "M": 0.3801248384048913, "Ht": null, "Ue": null, "total_p": 235589.76459136207, "total_T": 21959.733084309024, "pitot_p": 235589.76459136207}, "s10e": {"state_name": "s10e", "gmodel_type": "CEAGas", "rho": 0.08000780947519309,