{"states_dict": {"s4": {"state_name": "s4", "gmodel_type": "CEAGas", "rho": 33.429, "p": 37310000.0, "T": 3861.0, "a": 1256.6, "h": 3288120.0, "u": 2172010.0, "s": 6232.3, "gamma": 1.4148350213656617, "R": 289.06963807669575, "Cp": 985.9, "molecular_mass": 0.028763, "v": 0.0, "M": 0.0, "Ht": 3287120.0, "Ue": 2564.028080969473, "total_p": 37307663.26738406, "total_T": 3861.0, "pitot_p": 37307663.26738406, "composition_massf": {"Ar": 0.83332, "O2": 0.14796, "H2": 0.018713}, "composition_moles": {"Ar": 0.5999995784519876, "O2": 0.1329979086715752, "H2": 0.26700102139016213}}, "s1": {"state_name": "s1", "gmodel_type": "CEAGas", "rho": 0.24497, "p": 21049.04144512022, "T": 298.15, "a": 346.7, "h": 7.000000000000001e-05, "u": -85925.0, "s": 7337.3, "gamma": 1.398557725608831, "R": 288.19792027729636, "Cp": 1011.3000000000001, "molecular_mass": 0.02885, "v": 0.0, "M": 0.0, "Ht": null, "Ue": null, "total_p": 21045.43090323387, "total_T": 298.15, "pitot_p": 21045.43090323387, "composition_massf": {"e-": 0.0, "N-": 0.0, "O2+": 0.0, "N": 0.0, "N2": 0.76708, "O+": 0.0, "N2O": 0.0, "N2+": 0.0, "O": 0.0, "O2": 0.23292, "NO": 0.0, "O-": 0.0, "N+": 0.0, "NO2": 0.0, "NO+": 0.0}, "composition_moles": {"e-": 0.0, "N-": 0.0, "O2+": 0.0, "N": 0.0, "N2": 0.7899882913177266, "O+": 0.0, "N2O": 0.0, "N2+": 0.0, "O": 0.0, "O2": 0.20999981249296848, "NO": 0.0, "O-": 0.0, "N+": 0.0, "NO2": 0.0, "NO+": 0.0}}, "s2": {"state_name": "s2", "gmodel_type": "CEAGas", "rho": 1.7327483112773638, "p": 1468400.0, "T": 2926.3521799422447, "a": 1016.3, "h": 3371780.0, "u": 2524330.0, "s": 8809.1, "gamma": 1.1976736113209545, "R": 289.5931872801366, "Cp": 1754.6, "molecular_mass": 0.028710999999999997, "v": 2252.3268457151353, "M": 2.2162027410362444, "Ht": 5908269.99993, "Ue": 3437.51945447004, "total_p": 16437159.106271964, "total_T": 4288.92, "pitot_p": 9140986.85595159, "unit_Re": 43122499.12552702, "k": 0.23704999999999998, "mu": 9.050300000000001e-05, "composition_massf": {"e-": 0.0, "N-": 0.0, "O2+": 0.0, "N": 0.0, "N2": 0.74742, "O+": 0.0, "N2O": 1.317e-05, "N2+": 0.0, "O": 0.0054468, "O2": 0.20497, "NO": 0.042006, "O-": 0.0, "N+": 0.0, "NO2": 0.00014212, "NO+": 0.0}, "composition_moles": {"e-": 0.0, "N-": 0.0, "O2+": 0.0, "N": 0.0, "N2": 0.7660325280044549, "O+": 0.0, "N2O": 8.591225052711938e-06, "N2+": 0.0, "O": 0.009774308711576684, "O2": 0.1839098238058927, "NO": 0.04019296962950867, "O-": 0.0, "N+": 0.0, "NO2": 8.869390225081784e-05, "NO+": 0.0}}, "s3": {"state_name": "s3", "gmodel_type": "CEAGas", "rho": 3.5535, "p": 1468400.0000000007, "T": 1429.48, "a": 780.5, "h": 982260.0, "u": 569040.0, "s": 6232.3, "gamma": 1.4740942162776152, "R": 289.06963807669575, "Cp": 898.8000000000001, "molecular_mass": 0.028763, "v": 2252.348836282858, "M": 2.8857768562240333, "Ht": 3517790.0, "Ue": 2652.4667764177557, "total_p": 45598365.474828996, "total_T": 4094.3, "pitot_p": 17166299.728191134, "composition_massf": {"Ar": 0.83332, "O2": 0.14796, "H2": 0.018713}, "composition_moles": {"Ar": 0.5999995784519876, "O2": 0.1329979086715752, "H2": 0.26700102139016213}}, "s5": {"state_name": "s5", "gmodel_type": "CEAGas", "rho": 8.5084, "p": 12504981.88301497, "T": 4765.871919760006, "a": 1334.9, "h": 7205060.0, "u": 5735330.0, "s": 9178.3, "gamma": 1.1322876543941207, "R": 308.3902674233152, "Cp": 2639.6000000000004, "molecular_mass": 0.026961, "v": 0.0, "M": 0.0, "Ht": 7205059.99993, "Ue": 3796.0663850702085, "total_p": 12503368.139207589, "total_T": 4765.85, "pitot_p": 12503368.139207589, "composition_massf": {"e-": 0.0, "N-": 0.0, "O2+": 0.0, "N": 0.00071539, "N2": 0.71218, "O+": 0.0, "N2O": 0.0001162, "N2+": 0.0, "O": 0.077048, "O2": 0.093902, "NO": 0.11568, "O-": 0.0, "N+": 0.0, "NO2": 0.00034072, "NO+": 6.5287e-06}, "composition_moles": {"e-": 0.0, "N-": 0.0, "O2+": 0.0, "N": 0.0013770288354858745, "N2": 0.6854250101737026, "O+": 0.0, "N2O": 7.118084284571761e-05, "N2+": 0.0, "O": 0.1298355643336625, "O2": 0.07911833637511406, "NO": 0.10394048143544146, "O-": 0.0, "N+": 0.0, "NO2": 0.00019967508058819054, "NO+": 5.866257158666978e-06}}, "s5d": {"state_name": "s5d", "gmodel_type": "CEAGas", "rho": 15.369, "p": 24917153.042317275, "T": 5608.459521067269, "a": 1503.7, "h": 5044500.0, "u": 3423260.0, "s": 6723.8, "gamma": 1.3946179613876006, "R": 289.06963807669575, "Cp": 1021.6, "molecular_mass": 0.028763, "v": 0.0, "M": 0.0, "Ht": 5043500.0, "Ue": 3176.003778335284, "total_p": 24918841.38970781, "total_T": 5608.46, "pitot_p": 24918841.38970781, "composition_massf": {"Ar": 0.83332, "O2": 0.14796, "H2": 0.018713}, "composition_moles": {"Ar": 0.5999995784519876, "O2": 0.1329979086715752, "H2": 0.26700102139016213}}, "s6": {"state_name": "s6", "gmodel_type": "CEAGas", "rho": 5.3556, "p": 7151006.878304538, "T": 4382.78, "a": 1267.2, "h": 6422280.0, "u": 5087050.0, "s": 9178.3, "gamma": 1.1273008757793652, "R": 304.65008060970246, "Cp": 2697.8, "molecular_mass": 0.027292, "v": 1267.2004013153105, "M": 1.0000003166945317, "Ht": 7225159.99993, "Ue": 3801.357652189544, "total_p": 12675463.920132251, "total_T": 4775.85, "pitot_p": 12675533.199898442, "composition_massf": {"e-": 0.0, "N-": 0.0, "O2+": 0.0, "N": 0.00032228, "N2": 0.71759, "O+": 0.0, "N2O": 7.7778e-05, "N2+": 0.0, "O": 0.063103, "O2": 0.11358, "NO": 0.10503, "O-": 0.0, "N+": 0.0, "NO2": 0.00028585, "NO+": 2.6848e-06}, "composition_moles": {"e-": 0.0, "N-": 0.0, "O2+": 0.0, "N": 0.0006279613156560789, "N2": 0.6991106499032606, "O+": 0.0, "N2O": 4.822954176966701e-05, "N2+": 0.0, "O": 0.10764197882420594, "O2": 0.09687317524407167, "NO": 0.09552986759358931, "O-": 0.0, "N+": 0.0, "NO2": 0.00016957577246198827, "NO+": 2.4420001693419973e-06}}, "s8": {"state_name": "s8", "gmodel_type": "CEAGas", "rho": 0.010778, "p": 3136.9866162839635, "T": 1009.95, "a": 623.0, "h": 764530.0, "u": 473470.0, "s": 9178.3, "gamma": 1.3339481179117192, "R": 288.19792027729636, "Cp": 1151.2, "molecular_mass": 0.02885, "v": 3594.620544242978, "M": 5.769856411304941, "Ht": 7225159.99993, "Ue": 3801.357652189544, "total_p": 12675464.916432094, "total_T": 4775.85, "pitot_p": 134936.42072502314, "unit_Re": 883591.1288309534, "k": 0.06692000000000001, "mu": 4.3847e-05, "composition_massf": {"e-": 0.0, "N-": 0.0, "O2+": 0.0, "N": 0.0, "N2": 0.76706, "O+": 0.0, "N2O": 0.0, "N2+": 0.0, "O": 0.0, "O2": 0.2329, "NO": 3.6297e-05, "O-": 0.0, "N+": 0.0, "NO2": 0.0, "NO+": 0.0}, "composition_moles": {"e-": 0.0, "N-": 0.0, "O2+": 0.0, "N": 0.0, "N2": 0.7899676940321418, "O+": 0.0, "N2O": 0.0, "N2+": 0.0, "O": 0.0, "O2": 0.20998178056677128, "NO": 3.4898518967809885e-05, "O-": 0.0, "N+": 0.0, "NO2": 0.0, "NO+": 0.0}}, "s10f": {"state_name": "s10f", "gmodel_type": "IdealGas", "rho": 0.06389662110914356, "p": 118908.10979326392, "T": 6457.17772532033, "a": 1575.313689199455, "h": 7440605.892886619, "u": 5579660.7015884165, "s": 3497.610035905985, "gamma": 1.3335230027102596, "R": 288.19792027729636, "Cp": 1152.3000000000004, "molecular_mass": 0.02885, "v": 606.3133194318332, "M": 0.38488418121977364, "Ht": null, "Ue": null, "total_p": 131094.96898544286, "total_T": 6616.691671914291, "pitot_p": 131094.96898544286}, "s10e": {"state_name": "s10e", "gmodel_type": "CEAGas", "rho": 0.09803526355822102, "p": 127089.99999999999, "T": 3952.145705307835, "a": 1244.2, "h": 7147090.0, "u": 5850720.0, "s": 10626.2, "gamma": 1.326582192883528, "R": 328.0144390089948, "Cp": 1332.4, "molecular_mass": 0.025348, "v": 395.19269719555854, "M": 0.3176279514511803, "Ht": 7225179.99993, "Ue": 3801.3629134640646, "total_p": 134936.42072502314, "total_T": 3984.36, "pitot_p": 134936.42072502314, "unit_Re": 326971.2231061761, "k": 0.5961299999999999, "mu": 0.00011849000000000001, "composition_massf": {"e-": 0.0, "N-": 0.0, "O2+": 0.0, "N": 0.00059648, "N2": 0.74089, "O+": 0.0, "N2O": 5.0985e-06, "N2+": 0.0, "O": 0.15258, "O2": 0.051102, "NO": 0.0548, "O-": 0.0, "N+": 0.0, "NO2": 1.4815e-05, "NO+": 3.1217e-06}, "composition_moles": {"e-": 0.0, "N-": 0.0, "O2+": 0.0, "N": 0.0010794530503259155,