{"states_dict": {"s4": {"state_name": "s4", "gmodel_type": "CEAGas", "rho": 33.429, "p": 37310000.0, "T": 3861.0, "a": 1256.6, "h": 3288120.0, "u": 2172010.0, "s": 6232.3, "gamma": 1.4148350213656617, "R": 289.06963807669575, "Cp": 985.9, "molecular_mass": 0.028763, "v": 0.0, "M": 0.0, "Ht": 3287120.0, "Ue": 2564.028080969473, "total_p": 37307663.26738406, "total_T": 3861.0, "pitot_p": 37307663.26738406, "composition_massf": {"Ar": 0.83332, "O2": 0.14796, "H2": 0.018713}, "composition_moles": {"Ar": 0.5999995784519876, "O2": 0.1329979086715752, "H2": 0.26700102139016213}}, "s1": {"state_name": "s1", "gmodel_type": "CEAGas", "rho": 2.0816, "p": 178864.9529057435, "T": 298.15, "a": 346.7, "h": 7.000000000000001e-05, "u": -85925.0, "s": 6720.6, "gamma": 1.398557725608831, "R": 288.19792027729636, "Cp": 1011.3000000000001, "molecular_mass": 0.02885, "v": 0.0, "M": 0.0, "Ht": -10.11307, "Ue": null, "total_p": 178844.6825255467, "total_T": 298.14, "pitot_p": 178844.6825255467, "composition_massf": {"e-": 0.0, "N-": 0.0, "O2+": 0.0, "N": 0.0, "N2": 0.76708, "O+": 0.0, "N2O": 0.0, "N2+": 0.0, "O": 0.0, "O2": 0.23292, "NO": 0.0, "O-": 0.0, "N+": 0.0, "NO2": 0.0, "NO+": 0.0}, "composition_moles": {"e-": 0.0, "N-": 0.0, "O2+": 0.0, "N": 0.0, "N2": 0.7899882913177266, "O+": 0.0, "N2O": 0.0, "N2+": 0.0, "O": 0.0, "O2": 0.20999981249296848, "NO": 0.0, "O-": 0.0, "N+": 0.0, "NO2": 0.0, "NO+": 0.0}}, "s2": {"state_name": "s2", "gmodel_type": "CEAGas", "rho": 11.807037395302675, "p": 5578400.0, "T": 1639.4512604222784, "a": 782.4, "h": 1525650.0, "u": 1053180.0, "s": 7605.299999999999, "gamma": 1.295604024491876, "R": 288.18793109424286, "Cp": 1263.1, "molecular_mass": 0.028850999999999998, "v": 1461.7272946677865, "M": 1.8682608571929786, "Ht": 2593969.99993, "Ue": 2277.704985255992, "total_p": 34938276.62980121, "total_T": 2439.97, "pitot_p": 26561025.339907087, "unit_Re": 284711947.4393277, "k": 0.10117000000000001, "mu": 6.061800000000001e-05, "composition_massf": {"e-": 0.0, "N-": 0.0, "O2+": 0.0, "N": 0.0, "N2": 0.76594, "O+": 0.0, "N2O": 1.5405e-06, "N2+": 0.0, "O": 0.0, "O2": 0.23158, "NO": 0.0023698, "O-": 0.0, "N+": 0.0, "NO2": 9.8971e-05, "NO+": 0.0}, "composition_moles": {"e-": 0.0, "N-": 0.0, "O2+": 0.0, "N": 0.0, "N2": 0.7888415879543361, "O+": 0.0, "N2O": 1.0098190867202269e-06, "N2+": 0.0, "O": 0.0, "O2": 0.20879891058414693, "NO": 0.0022785733500854826, "O-": 0.0, "N+": 0.0, "NO2": 6.206675986566823e-05, "NO+": 0.0}}, "s3": {"state_name": "s3", "gmodel_type": "CEAGas", "rho": 8.8591, "p": 5578400.0, "T": 2178.29, "a": 954.9, "h": 1669070.0, "u": 1039390.0000000001, "s": 6232.3, "gamma": 1.4482183738638628, "R": 289.06963807669575, "Cp": 934.0, "molecular_mass": 0.028763, "v": 1461.7194914773656, "M": 1.5307566148050746, "Ht": 2736390.0, "Ue": 2339.3973582955077, "total_p": 21888969.861698322, "total_T": 3298.32, "pitot_p": 20145044.10812438, "composition_massf": {"Ar": 0.83332, "O2": 0.14796, "H2": 0.018713}, "composition_moles": {"Ar": 0.5999995784519876, "O2": 0.1329979086715752, "H2": 0.26700102139016213}}, "s5": {"state_name": "s5", "gmodel_type": "CEAGas", "rho": 46.482, "p": 39388779.64878473, "T": 2938.2318647237826, "a": 1024.9, "h": 3321140.0, "u": 2473730.0, "s": 7841.599999999999, "gamma": 1.2346702165307626, "R": 288.4078532033716, "Cp": 1517.4, "molecular_mass": 0.028829, "v": 0.0, "M": 0.0, "Ht": 3321149.99993, "Ue": 2577.2659932300353, "total_p": 39391564.19067795, "total_T": 2938.24, "pitot_p": 39391564.19067795, "composition_massf": {"e-": 0.0, "N-": 0.0, "O2+": 0.0, "N": 0.0, "N2": 0.74675, "O+": 0.0, "N2O": 6.9939e-05, "N2+": 0.0, "O": 0.0011042, "O2": 0.20835, "NO": 0.042976, "O-": 0.0, "N+": 0.0, "NO2": 0.00075415, "NO+": 0.0}, "composition_moles": {"e-": 0.0, "N-": 0.0, "O2+": 0.0, "N": 0.0, "N2": 0.7684913559225229, "O+": 0.0, "N2O": 4.581102386124037e-05, "N2+": 0.0, "O": 0.0019896359738490197, "O2": 0.18771085634461293, "NO": 0.04129010781141168, "O-": 0.0, "N+": 0.0, "NO2": 0.00047258241623284174, "NO+": 0.0}}, "s5d": {"state_name": "s5d", "gmodel_type": "CEAGas", "rho": 26.802, "p": 33851127.554757975, "T": 4369.162620789285, "a": 1333.5, "h": 3792200.0, "u": 2529200.0, "s": 6383.0, "gamma": 1.407869697147217, "R": 289.06963807669575, "Cp": 997.8000000000001, "molecular_mass": 0.028763, "v": 0.0, "M": 0.0, "Ht": 3791200.0, "Ue": 2753.615804719315, "total_p": 33856213.39310825, "total_T": 4369.16, "pitot_p": 33856213.39310825, "composition_massf": {"Ar": 0.83332, "O2": 0.14796, "H2": 0.018713}, "composition_moles": {"Ar": 0.5999995784519876, "O2": 0.1329979086715752, "H2": 0.26700102139016213}}, "s6": {"state_name": "s6", "gmodel_type": "CEAGas", "rho": 28.824, "p": 21729367.318292394, "T": 2615.3, "a": 970.8, "h": 2845230.0, "u": 2091360.0000000002, "s": 7841.599999999999, "gamma": 1.2481468797118602, "R": 288.2578699209541, "Cp": 1449.8999999999999, "molecular_mass": 0.028844, "v": 975.6126280445534, "M": 1.0049573836470471, "Ht": 3321149.99993, "Ue": 2577.2659932300353, "total_p": 39391617.83075078, "total_T": 2938.24, "pitot_p": 39390381.557320625, "composition_massf": {"e-": 0.0, "N-": 0.0, "O2+": 0.0, "N": 0.0, "N2": 0.75392, "O+": 0.0, "N2O": 3.336e-05, "N2+": 0.0, "O": 0.00041527, "O2": 0.21731, "NO": 0.027829, "O-": 0.0, "N+": 0.0, "NO2": 0.00048567, "NO+": 0.0}, "composition_moles": {"e-": 0.0, "N-": 0.0, "O2+": 0.0, "N": 0.0, "N2": 0.7762738003955251, "O+": 0.0, "N2O": 2.186263632397848e-05, "N2+": 0.0, "O": 0.0007486560671025164, "O2": 0.19588514694301037, "NO": 0.026751216452654627, "O-": 0.0, "N+": 0.0, "NO2": 0.000304499798502353, "NO+": 0.0}}, "s8": {"state_name": "s8", "gmodel_type": "CEAGas", "rho": 0.062778, "p": 6295.3849989494265, "T": 347.96, "a": 374.3, "h": 50449.0, "u": -49831.0, "s": 7841.599999999999, "gamma": 1.3967471023586728, "R": 288.19792027729636, "Cp": 1014.5999999999999, "molecular_mass": 0.02885, "v": 2557.6125586178996, "M": 6.833055192674057, "Ht": 3321129.99993, "Ue": 2577.2582330569826, "total_p": 39391295.291874535, "total_T": 2938.23, "pitot_p": 388505.1981819908, "unit_Re": 7691214.849823457, "k": 0.02966, "mu": 2.0876e-05, "composition_massf": {"e-": 0.0, "N-": 0.0, "O2+": 0.0, "N": 0.0, "N2": 0.76708, "O+": 0.0, "N2O": 0.0, "N2+": 0.0, "O": 0.0, "O2": 0.23292, "NO": 0.0, "O-": 0.0, "N+": 0.0, "NO2": 0.0, "NO+": 0.0}, "composition_moles": {"e-": 0.0, "N-": 0.0, "O2+": 0.0, "N": 0.0, "N2": 0.7899882913177266, "O+": 0.0, "N2O": 0.0, "N2+": 0.0, "O": 0.0, "O2": 0.20999981249296848, "NO": 0.0, "O-": 0.0, "N+": 0.0, "NO2": 0.0, "NO+": 0.0}}, "s10f": {"state_name": "s10f", "gmodel_type": "IdealGas", "rho": 0.342289925078385, "p": 341630.5261469644, "T": 3463.1532562503653, "a": 1180.7016394183495, "h": 3513715.293791621, "u": 2515641.727738719, "s": 2137.867433042153, "gamma": 1.3967471023586726, "R": 288.19792027729636, "Cp": 1014.6, "molecular_mass": 0.02885, "v": 469.07552101634656, "M": 0.39728539823780357, "Ht": null, "Ue": null, "total_p": 380797.4620524313, "total_T": 3571.5860595308486, "pitot_p": 380797.4620524313}, "s10e": {"state_name": "s10e", "gmodel_type": "CEAGas", "rho": 0.43713366763159145, "p": 357970.0, "T": 2822.467648161317, "a": 995.1, "h": 3253690.0, "u": 2434780.0, "s": 9177.099999999999, "gamma": 1.2877901948903026, "R": 290.13888404229334, "Cp": 1298.3, "molecular_mass": 0.028657, "v": 367.30595946737543, "M": 0.36911462111081844, "Ht": 3321149.99993, "Ue": 2577.2659932300353, "total_p": 388505.1981819908, "total_T": 2860.49, "pitot_p": 388505.1981819908, "unit_Re": 1818325.759381605, "k": 0.25663, "mu": 8.830200000000001e-05, "composition_massf": {"e-": 0.0, "N-": 0.0, "O2+": 0.0, "N": 0.0, "N2": 0.74991, "O+": 0.0, "N2O": 5.6619e-06, "N2+": 0.0, "O": 0.007505, "O2": 0.20578, "NO": 0.036736, "O-": 0.0, "N+": 0.0, "NO2": 6.658e-05, "NO+": 0.0}, "composition_moles": {"e-": 0.0, "N-": 0.0, "O2+": 0.0, "N": 0.0, "N2": 0.7671389717063976, "O+": 0.0, "N2O": 3.68649729851316e-06, "N2+": 0.0, "O": 0.01344242815355576, "O2": 0.1842893314749303,