{"states_dict": {"s4": {"state_name": "s4", "gmodel_type": "CEAGas", "rho": 33.429, "p": 37310000.0, "T": 3861.0, "a": 1256.6, "h": 3288120.0, "u": 2172010.0, "s": 6232.3, "gamma": 1.4148350213656617, "R": 289.06963807669575, "Cp": 985.9, "molecular_mass": 0.028763, "v": 0.0, "M": 0.0, "Ht": 3287120.0, "Ue": 2564.028080969473, "total_p": 37307663.26738406, "total_T": 3861.0, "pitot_p": 37307663.26738406, "composition_massf": {"Ar": 0.83332, "O2": 0.14796, "H2": 0.018713}, "composition_moles": {"Ar": 0.5999995784519876, "O2": 0.1329979086715752, "H2": 0.26700102139016213}}, "s1": {"state_name": "s1", "gmodel_type": "CEAGas", "rho": 2.7518, "p": 236448.9412645407, "T": 298.15, "a": 346.7, "h": 7.000000000000001e-05, "u": -85925.0, "s": 6640.2, "gamma": 1.398557725608831, "R": 288.19792027729636, "Cp": 1011.3000000000001, "molecular_mass": 0.02885, "v": 0.0, "M": 0.0, "Ht": null, "Ue": null, "total_p": 236415.17491996379, "total_T": 298.15, "pitot_p": 236415.17491996379, "composition_massf": {"e-": 0.0, "N-": 0.0, "O2+": 0.0, "N": 0.0, "N2": 0.76708, "O+": 0.0, "N2O": 0.0, "N2+": 0.0, "O": 0.0, "O2": 0.23292, "NO": 0.0, "O-": 0.0, "N+": 0.0, "NO2": 0.0, "NO+": 0.0}, "composition_moles": {"e-": 0.0, "N-": 0.0, "O2+": 0.0, "N": 0.0, "N2": 0.7899882913177266, "O+": 0.0, "N2O": 0.0, "N2+": 0.0, "O": 0.0, "O2": 0.20999981249296848, "NO": 0.0, "O-": 0.0, "N+": 0.0, "NO2": 0.0, "NO+": 0.0}}, "s2": {"state_name": "s2", "gmodel_type": "CEAGas", "rho": 15.067507897332593, "p": 6479700.0, "T": 1492.237294875705, "a": 748.7, "h": 1341570.0, "u": 911530.0, "s": 7444.5, "gamma": 1.3034476874936298, "R": 288.18793109424286, "Cp": 1237.9, "molecular_mass": 0.028850999999999998, "v": 1361.7776085604796, "M": 1.8188561620949373, "Ht": 2268789.99993, "Ue": 2130.1596183995225, "total_p": 37541865.68779607, "total_T": 2205.33, "pitot_p": 29527077.196626812, "unit_Re": 360563636.6597381, "k": 0.09286, "mu": 5.6907e-05, "composition_massf": {"e-": 0.0, "N-": 0.0, "O2+": 0.0, "N": 0.0, "N2": 0.76648, "O+": 0.0, "N2O": 0.0, "N2+": 0.0, "O": 0.0, "O2": 0.23221, "NO": 0.0012242, "O-": 0.0, "N+": 0.0, "NO2": 8.3214e-05, "NO+": 0.0}, "composition_moles": {"e-": 0.0, "N-": 0.0, "O2+": 0.0, "N": 0.0, "N2": 0.7893977339416137, "O+": 0.0, "N2O": 0.0, "N2+": 0.0, "O": 0.0, "O2": 0.20936693594759803, "NO": 0.0011770738016603289, "O-": 0.0, "N+": 0.0, "NO2": 5.218521946289031e-05, "NO+": 0.0}}, "s3": {"state_name": "s3", "gmodel_type": "CEAGas", "rho": 9.8253, "p": 6479700.000000001, "T": 2281.41, "a": 976.3, "h": 1765590.0, "u": 1106110.0, "s": 6232.3, "gamma": 1.445386926460699, "R": 289.06963807669575, "Cp": 938.1, "molecular_mass": 0.028763, "v": 1361.769061676735, "M": 1.394826448506335, "Ht": 2691800.0, "Ue": 2320.258606276464, "total_p": 20882032.447360095, "total_T": 3252.38, "pitot_p": 20039812.457017895, "composition_massf": {"Ar": 0.83332, "O2": 0.14796, "H2": 0.018713}, "composition_moles": {"Ar": 0.5999995784519876, "O2": 0.1329979086715752, "H2": 0.26700102139016213}}, "s5": {"state_name": "s5", "gmodel_type": "CEAGas", "rho": 57.542, "p": 44323095.06961336, "T": 2672.4921945062115, "a": 980.9, "h": 2926190.0, "u": 2155920.0, "s": 7666.8, "gamma": 1.2474223793973802, "R": 288.21790072102056, "Cp": 1453.1000000000001, "molecular_mass": 0.028848, "v": 0.0, "M": 0.0, "Ht": 2926189.99993, "Ue": 2419.169278876532, "total_p": 44316201.697674766, "total_T": 2672.49, "pitot_p": 44316201.697674766, "composition_massf": {"e-": 0.0, "N-": 0.0, "O2+": 0.0, "N": 0.0, "N2": 0.75268, "O+": 0.0, "N2O": 5.1952e-05, "N2+": 0.0, "O": 0.00037291, "O2": 0.21586, "NO": 0.030315, "O-": 0.0, "N+": 0.0, "NO2": 0.0007142, "NO+": 0.0}, "composition_moles": {"e-": 0.0, "N-": 0.0, "O2+": 0.0, "N": 0.0, "N2": 0.7751045085566193, "O+": 0.0, "N2O": 3.405171441035335e-05, "N2+": 0.0, "O": 0.0006723819443229121, "O2": 0.1946050876907884, "NO": 0.02914497785450292, "O-": 0.0, "N+": 0.0, "NO2": 0.00044784301007488235, "NO+": 0.0}}, "s5d": {"state_name": "s5d", "gmodel_type": "CEAGas", "rho": 27.979, "p": 34559120.371629395, "T": 4272.965865281235, "a": 1319.3, "h": 3696320.0, "u": 2461130.0, "s": 6354.9, "gamma": 1.409081825029294, "R": 289.06963807669575, "Cp": 995.7, "molecular_mass": 0.028763, "v": 0.0, "M": 0.0, "Ht": 3695320.0, "Ue": 2718.573155167983, "total_p": 34555488.34514247, "total_T": 4272.97, "pitot_p": 34555488.34514247, "composition_massf": {"Ar": 0.83332, "O2": 0.14796, "H2": 0.018713}, "composition_moles": {"Ar": 0.5999995784519876, "O2": 0.1329979086715752, "H2": 0.26700102139016213}}, "s6": {"state_name": "s6", "gmodel_type": "CEAGas", "rho": 35.694, "p": 24344780.939872935, "T": 2366.72, "a": 927.3, "h": 2491570.0, "u": 1809530.0, "s": 7666.8, "gamma": 1.2602006349933104, "R": 288.17794260363235, "Cp": 1395.7, "molecular_mass": 0.028852, "v": 932.3304135337429, "M": 1.0054247962188536, "Ht": 2926189.99993, "Ue": 2419.169278876532, "total_p": 44315815.21748054, "total_T": 2672.49, "pitot_p": 44317278.60058841, "composition_massf": {"e-": 0.0, "N-": 0.0, "O2+": 0.0, "N": 0.0, "N2": 0.75844, "O+": 0.0, "N2O": 2.3069e-05, "N2+": 0.0, "O": 0.00011529, "O2": 0.22279, "NO": 0.018184, "O-": 0.0, "N+": 0.0, "NO2": 0.00044236, "NO+": 0.0}, "composition_moles": {"e-": 0.0, "N-": 0.0, "O2+": 0.0, "N": 0.0, "N2": 0.7811444123169625, "O+": 0.0, "N2O": 1.5122573160535116e-05, "N2+": 0.0, "O": 0.00020790448891833444, "O2": 0.20088056677125393, "NO": 0.017484603730574783, "O-": 0.0, "N+": 0.0, "NO2": 0.0002774227151101499, "NO+": 0.0}}, "s8": {"state_name": "s8", "gmodel_type": "CEAGas", "rho": 0.078558, "p": 6766.641651937986, "T": 298.88, "a": 347.1, "h": 738.29, "u": -85397.0, "s": 7666.8, "gamma": 1.3985026154623335, "R": 288.19792027729636, "Cp": 1011.4000000000001, "molecular_mass": 0.02885, "v": 2418.8640763796548, "M": 6.968781551079386, "Ht": 2926189.99993, "Ue": 2419.169278876532, "total_p": 44315805.49902793, "total_T": 2672.49, "pitot_p": 433569.599059711, "unit_Re": 10189892.97041146, "k": 0.026400000000000003, "mu": 1.8648000000000002e-05, "composition_massf": {"e-": 0.0, "N-": 0.0, "O2+": 0.0, "N": 0.0, "N2": 0.76708, "O+": 0.0, "N2O": 0.0, "N2+": 0.0, "O": 0.0, "O2": 0.23292, "NO": 0.0, "O-": 0.0, "N+": 0.0, "NO2": 0.0, "NO+": 0.0}, "composition_moles": {"e-": 0.0, "N-": 0.0, "O2+": 0.0, "N": 0.0, "N2": 0.7899882913177266, "O+": 0.0, "N2O": 0.0, "N2+": 0.0, "O": 0.0, "O2": 0.20999981249296848, "NO": 0.0, "O-": 0.0, "N+": 0.0, "NO2": 0.0, "NO+": 0.0}}, "s10f": {"state_name": "s10f", "gmodel_type": "IdealGas", "rho": 0.42853769830752364, "p": 382139.90683035046, "T": 3094.1582243756666, "a": 1116.730356317839, "h": 3129431.628133549, "u": 2237701.66285959, "s": 1983.7773703580929, "gamma": 1.3985026154623335, "R": 288.19792027729636, "Cp": 1011.4, "molecular_mass": 0.02885, "v": 443.41248035311526, "M": 0.39706315660224883, "Ht": null, "Ue": null, "total_p": 425955.12739862653, "total_T": 3191.3574668775937, "pitot_p": 425955.12739862653}, "s10e": {"state_name": "s10e", "gmodel_type": "CEAGas", "rho": 0.5301791342898884, "p": 398300.0, "T": 2600.1059288818496, "a": 961.7, "h": 2861960.0, "u": 2110720.0, "s": 9001.8, "gamma": 1.2886487295619404, "R": 288.9290058032457, "Cp": 1289.9, "molecular_mass": 0.028777, "v": 358.40928437657874, "M": 0.37268304500008187, "Ht": 2926179.99993, "Ue": 2419.1651452226242, "total_p": 433569.599059711, "total_T": 2640.65, "pitot_p": 433569.599059711, "unit_Re": 2283221.677527581, "k": 0.19543, "mu": 8.3225e-05, "composition_massf": {"e-": 0.0, "N-": 0.0, "O2+": 0.0, "N": 0.0, "N2": 0.75443, "O+": 0.0, "N2O": 4.3857e-06, "N2+": 0.0, "O": 0.0028551, "O2": 0.21559, "NO": 0.027056, "O-": 0.0, "N+": 0.0, "NO2": 6.4529e-05, "NO+": 0.0}, "composition_moles": {"e-": 0.0, "N-": 0.0, "O2+": 0.0, "N": 0.0, "N2": 0.7749945422547782, "O+": 0.0, "N2O": 2.8675132893158356e-06, "N2+": 0.0, "O": 0.005135268366313737, "O2": 0.1938833153118242, "NO": 0.025947741025991383, "O-": 0.0, "N+": 0.0, "NO2": 4.0363674625859956e-05, "NO+": 0.0}}},