{"states_dict": {"s4": {"state_name": "s4", "gmodel_type": "CEAGas", "rho": 33.429, "p": 37310000.0, "T": 3861.0, "a": 1256.6, "h": 3288120.0, "u": 2172010.0, "s": 6232.3, "gamma": 1.4148350213656617, "R": 289.06963807669575, "Cp": 985.9, "molecular_mass": 0.028763, "v": 0.0, "M": 0.0, "Ht": 3287120.0, "Ue": 2564.028080969473, "total_p": 37307663.26738406, "total_T": 3861.0, "pitot_p": 37307663.26738406, "composition_massf": {"Ar": 0.83332, "O2": 0.14796, "H2": 0.018713}, "composition_moles": {"Ar": 0.5999995784519876, "O2": 0.1329979086715752, "H2": 0.26700102139016213}}, "s1": {"state_name": "s1", "gmodel_type": "CEAGas", "rho": 0.17689, "p": 15199.11082952933, "T": 298.15, "a": 346.7, "h": 7.000000000000001e-05, "u": -85925.0, "s": 7431.099999999999, "gamma": 1.398557725608831, "R": 288.19792027729636, "Cp": 1011.3000000000001, "molecular_mass": 0.02885, "v": 0.0, "M": 0.0, "Ht": null, "Ue": null, "total_p": 15199.41593816191, "total_T": 298.15, "pitot_p": 15199.41593816191, "composition_massf": {"e-": 0.0, "N-": 0.0, "O2+": 0.0, "N": 0.0, "N2": 0.76708, "O+": 0.0, "N2O": 0.0, "N2+": 0.0, "O": 0.0, "O2": 0.23292, "NO": 0.0, "O-": 0.0, "N+": 0.0, "NO2": 0.0, "NO+": 0.0}, "composition_moles": {"e-": 0.0, "N-": 0.0, "O2+": 0.0, "N": 0.0, "N2": 0.7899882913177266, "O+": 0.0, "N2O": 0.0, "N2+": 0.0, "O": 0.0, "O2": 0.20999981249296848, "NO": 0.0, "O-": 0.0, "N+": 0.0, "NO2": 0.0, "NO+": 0.0}}, "s2": {"state_name": "s2", "gmodel_type": "CEAGas", "rho": 1.2959392378488868, "p": 1167300.0, "T": 3095.7467739641716, "a": 1041.7, "h": 3701040.0, "u": 2800340.0, "s": 8985.0, "gamma": 1.1719621183782407, "R": 290.9511145326661, "Cp": 1982.9, "molecular_mass": 0.028577, "v": 2371.513861487007, "M": 2.27658045645292, "Ht": 6513069.99993, "Ue": 3609.1744208142673, "total_p": 14453842.469410023, "total_T": 4521.06, "pitot_p": 7566468.390429248, "unit_Re": 32567930.168422673, "k": 0.29214, "mu": 9.4367e-05, "composition_massf": {"e-": 0.0, "N-": 0.0, "O2+": 0.0, "N": 3.1624e-06, "N2": 0.7436, "O+": 0.0, "N2O": 1.4096e-05, "N2+": 0.0, "O": 0.01065, "O2": 0.19541, "NO": 0.050187, "O-": 0.0, "N+": 0.0, "NO2": 0.00013098, "NO+": 0.0}, "composition_moles": {"e-": 0.0, "N-": 0.0, "O2+": 0.0, "N": 6.452048291174939e-06, "N2": 0.7585604460722369, "O+": 0.0, "N2O": 9.15236912898066e-06, "N2+": 0.0, "O": 0.01902227896046102, "O2": 0.17451378082928112, "NO": 0.04779674462859219, "O-": 0.0, "N+": 0.0, "NO2": 8.136017345752138e-05, "NO+": 0.0}}, "s3": {"state_name": "s3", "gmodel_type": "CEAGas", "rho": 3.042, "p": 1167300.0000000002, "T": 1327.47, "a": 753.2, "h": 890860.0, "u": 507120.0, "s": 6232.3, "gamma": 1.4784096534913747, "R": 289.06963807669575, "Cp": 893.3, "molecular_mass": 0.028763, "v": 2371.515485927441, "M": 3.1485866780767937, "Ht": 3701900.0, "Ue": 2720.992465994715, "total_p": 53091187.03365898, "total_T": 4279.58, "pitot_p": 16179118.485519128, "composition_massf": {"Ar": 0.83332, "O2": 0.14796, "H2": 0.018713}, "composition_moles": {"Ar": 0.5999995784519876, "O2": 0.1329979086715752, "H2": 0.26700102139016213}}, "s5": {"state_name": "s5", "gmodel_type": "CEAGas", "rho": 6.5297, "p": 10259014.78158248, "T": 4990.881081872085, "a": 1383.9, "h": 7905000.0, "u": 6333870.0, "s": 9383.4, "gamma": 1.132419354583889, "R": 314.8004694835681, "Cp": 2692.1, "molecular_mass": 0.026411999999999998, "v": 0.0, "M": 0.0, "Ht": 7905009.99993, "Ue": 3976.1815853730827, "total_p": 10259666.67346233, "total_T": 4990.9, "pitot_p": 10259666.67346233, "composition_massf": {"e-": 0.0, "N-": 0.0, "O2+": 0.0, "N": 0.001392, "N2": 0.71322, "O+": 0.0, "N2O": 0.00010313, "N2+": 0.0, "O": 0.10091, "O2": 0.072026, "NO": 0.11208, "O-": 1.475e-06, "N+": 0.0, "NO2": 0.00024685, "NO+": 1.2254e-05}, "composition_moles": {"e-": 0.0, "N-": 0.0, "O2+": 0.0, "N": 0.002624851249759044, "N2": 0.6724484225406412, "O+": 0.0, "N2O": 6.188812254616839e-05, "N2+": 0.0, "O": 0.1665834293786017, "O2": 0.059450689150843165, "NO": 0.09865517211500328, "O-": 2.4348640720008312e-06, "N+": 0.0, "NO2": 0.00014171788590494616, "NO+": 1.0786425607896011e-05}}, "s5d": {"state_name": "s5d", "gmodel_type": "CEAGas", "rho": 13.654, "p": 23180145.30594656, "T": 5872.8881296396885, "a": 1537.7, "h": 5315110.0, "u": 3617430.0, "s": 6791.9, "gamma": 1.3927948254794542, "R": 289.06963807669575, "Cp": 1025.0, "molecular_mass": 0.028763, "v": 0.0, "M": 0.0, "Ht": 5314110.0, "Ue": 3260.0950906376947, "total_p": 23176464.289935336, "total_T": 5872.89, "pitot_p": 23176464.289935336, "composition_massf": {"Ar": 0.83332, "O2": 0.14796, "H2": 0.018713}, "composition_moles": {"Ar": 0.5999995784519876, "O2": 0.1329979086715752, "H2": 0.26700102139016213}}, "s6": {"state_name": "s6", "gmodel_type": "CEAGas", "rho": 4.119, "p": 5866367.605949005, "T": 4584.12, "a": 1311.2, "h": 7068820.0, "u": 5644610.0, "s": 9383.4, "gamma": 1.1235657576506053, "R": 310.68343173155966, "Cp": 2825.0, "molecular_mass": 0.026762, "v": 1311.200587377466, "M": 1.0000004479693914, "Ht": 7928459.99993, "Ue": 3982.074836044647, "total_p": 10413693.853422241, "total_T": 5002.55, "pitot_p": 10413555.765049132, "composition_massf": {"e-": 0.0, "N-": 0.0, "O2+": 0.0, "N": 0.00064605, "N2": 0.71748, "O+": 0.0, "N2O": 7.0788e-05, "N2+": 0.0, "O": 0.085912, "O2": 0.091031, "NO": 0.10464, "O-": 0.0, "N+": 0.0, "NO2": 0.00021645, "NO+": 5.2961e-06}, "composition_moles": {"e-": 0.0, "N-": 0.0, "O2+": 0.0, "N": 0.0012343799824369765, "N2": 0.6854291074985542, "O+": 0.0, "N2O": 4.304267067762106e-05, "N2+": 0.0, "O": 0.1437039478980462, "O2": 0.07613321818318187, "NO": 0.09332687953449466, "O-": 0.0, "N+": 0.0, "NO2": 0.0001259117909815131, "NO+": 4.7236001868640875e-06}}, "s8": {"state_name": "s8", "gmodel_type": "CEAGas", "rho": 0.0082523, "p": 2778.8826120823037, "T": 1168.45, "a": 667.3, "h": 949610.0, "u": 612870.0, "s": 9383.4, "gamma": 1.323708016460053, "R": 288.19792027729636, "Cp": 1178.5, "molecular_mass": 0.02885, "v": 3735.996116210376, "M": 5.5986754326545425, "Ht": 7928459.99993, "Ue": 3982.074836044647, "total_p": 10413675.001840413, "total_T": 5002.55, "pitot_p": 111851.08025241228, "unit_Re": 637798.8942634909, "k": 0.07531, "mu": 4.8339e-05, "composition_massf": {"e-": 0.0, "N-": 0.0, "O2+": 0.0, "N": 0.0, "N2": 0.76701, "O+": 0.0, "N2O": 0.0, "N2+": 0.0, "O": 0.0, "O2": 0.23283, "NO": 0.00015896, "O-": 0.0, "N+": 0.0, "NO2": 0.0, "NO+": 0.0}, "composition_moles": {"e-": 0.0, "N-": 0.0, "O2+": 0.0, "N": 0.0, "N2": 0.7899162008181799, "O+": 0.0, "N2O": 0.0, "N2+": 0.0, "O": 0.0, "O2": 0.20991866882508095, "NO": 0.00015283545679045261, "O-": 0.0, "N+": 0.0, "NO2": 0.0, "NO+": 0.0}}, "s10f": {"state_name": "s10f", "gmodel_type": "IdealGas", "rho": 0.049634881846794814, "p": 98810.40224553234, "T": 6907.56264699537, "a": 1622.453318842372, "h": 8167502.073807324, "u": 6176756.884758122, "s": 3723.2601420676037, "gamma": 1.3222961865249387, "R": 288.19792027729636, "Cp": 1182.3999999999999, "molecular_mass": 0.02885, "v": 621.1387870068668, "M": 0.38283923475225295, "Ht": null, "Ue": null, "total_p": 108741.98764166085, "total_T": 7070.711070847012, "pitot_p": 108741.98764166085}, "s10e": {"state_name": "s10e", "gmodel_type": "CEAGas", "rho": 0.07586994792325695, "p": 105440.0, "T": 4143.296371487588, "a": 1300.2, "h": 7845880.0, "u": 6456180.0, "s": 10861.0, "gamma": 1.3347789644325692, "R": 335.41127112832305, "Cp": 1337.3, "molecular_mass": 0.024789000000000002, "v": 406.3606420421989, "M": 0.3125370266437463, "Ht": 7928429.99993, "Ue": 3982.067302276545, "total_p": 111851.08025241228, "total_T": 4181.15, "pitot_p": 111851.08025241228, "unit_Re": 248954.786416367, "k": 0.5020600000000001, "mu": 0.00012384, "composition_massf": {"e-": 0.0, "N-": 0.0, "O2+": 0.0, "N": 0.0013119, "N2": 0.74421, "O+": 0.0, "N2O": 3.943e-06, "N2+": 0.0, "O": 0.18021, "O2": 0.028077, "NO": 0.046164, "O-": 0.0, "N+": 0.0, "NO2": 7.7879e-06, "NO+": 6.2836e-06}, "composition_moles": {"e-": 0.0, "N-": 0.0, "O2+": 0.0, "N": 0.0023217952194307012, "N2": 0.6585498971920581,