{"driver_condition": ["x2-lwp-2.5mm-100He-0-empirical", "x2-lwp-2.5mm-100He-0-empirical"], "area_ratio": [5.64, 5.64], "test_gas_gas_model": ["CEAGas", "CEAGas"], "test_gas_name": ["n2-o2-with-ions", "n2-o2-with-ions"], "accelerator_gas_gas_model": ["CEAGas", "CEAGas"], "accelerator_gas_name": ["air13species", "air13species"], "p1": [1500.0, 1500.0], "p5": [0.1, 100.0], "vs1": [6573.903722031538, 6573.903722031538], "vs2": [16686.847576572138, 9658.690604620775], "Ht": [144695799.99993, 61836799.99993], "h": [3912530.0, 11111800.0], "Ue": [17011.51374804312, 11120.863275836999], "pitot_p": [5829.3275351253305, 480073.191007295], "total_p": [223474350000.0003, 872616850.2025639], "p2": [698000.0, 698000.0], "T2": [7342.953158641842, 7342.953158641842], "rho2": [0.2273452730207431, 0.2273452730207431], "v2": [6069.118046258839, 6069.118046258839], "M2": [3.2272243147180895, 3.2272243147180895], "a2": [1880.6, 1880.6], "gamma2": [1.0428548535713857, 1.0428548535713857], "R2": [418.1087197023031, 418.1087197023031], "Ht2": [39897799.99993, 39897799.99993], "h2": [21480700.0, 21480700.0], "p3": [698000.0000000003, 698000.0000000003], "T3": [637.67, 637.67], "rho3": [0.52694, 0.52694], "v3": [6069.107333004991, 6069.107333004991], "M3": [4.084740431420777, 4.084740431420777], "a3": [1485.8, 1485.8], "p7": [107.12052251852269, 64985.22296369629], "T7": [2702.33, 5941.43], "rho7": [0.00012028, 0.028518], "v7": [16686.84757657212, 9658.69060462078], "M7": [16.626990411092187, 5.998814113794659], "a7": [1003.6, 1610.1], "p6": [310.72, 102010.0], "T6": [11486.651399399698, 9770.390185526978], "rho6": [2.591277475774996e-05, 0.018001583721245613], "v6": [15934.570928425013, 9031.896732534879], "M6": [4.266969507397444, 3.4240263600481], "a6": [3734.4, 2637.8], "p8": [15.416131502913482, 8640.892915402786], "T8": [2326.79, 4935.71], "rho8": [2.1208e-05, 0.0048488], "v8": [16779.955960721436, 10072.234319940622], "M8": [18.69216437643025, 7.049436114180167], "a8": [897.7, 1428.8], "gamma8": [1.3205738390123647, 1.3583947417741942], "R8": [312.3993988352433, 361.0608824040299], "unit_Re8": [4485.483702828155, 336397.91824306437], "p10f": [5848.399419291235, 473850.49098805076], "T10f": [20488.001510653918, 14688.225668920722], "rho10f": [0.0009137496810248507, 0.08934938331724396], "v10f": [389.4678440687881, 546.5914204208661], "M10f": [0.1508098057883602, 0.22893767711034924], "a10f": [2582.510083033659, 2387.511864888041], "p10e": [5668.4, 458779.99999999994], "T10e": [13708.012063272914, 12785.719639417835], "rho10e": [0.00039766220919744996, 0.057112783905255746], "v10e": [894.9035080129568, 855.1194046423257], "M10e": [0.21725704838750132, 0.2759696006720215], "a10e": [4119.1, 3098.6], "unit_Re10e": [6299.798297278767, 174696.84422137678], "p10c": [426.51, 44396.0], "T10c": [4798.41, 5885.03], "rho10c": [0.0002278062894039368, 0.019484157580972966], "v10c": [16150.662361751336, 9625.494465636315], "M10c": [11.21418022618479, 5.987493447148741], "a10c": [1440.2, 1607.6], "p10w": [4177.5, 372710.0], "T10w": [12059.602911353588, 11235.428266166015], "rho10w": [0.0003966513130624498, 0.05573206025904648], "v10w": [8649.936096512685, 4453.50302365481], "M10w": [2.482760073625914, 1.5606612782642313], "a10w": [3484.0, 2853.6], "s2 Xe-": [0.0, 0.0], "s2 XN-": [0.0, 0.0], "s2 XO2+": [6.546580354700257e-07, 6.546580354700257e-07], "s2 XN": [0.3401576916761264, 0.3401576916761264], "s2 XN2": [0.36990853448706695, 0.36990853448706695], "s2 XO+": [4.157715346990472e-05, 4.157715346990472e-05], "s2 XN2O": [1.2741411589355824e-06, 1.2741411589355824e-06], "s2 XN2+": [1.8430834142075234e-05, 1.8430834142075234e-05], "s2 XO": [0.28003023863394877, 0.28003023863394877], "s2 XO2": [0.00021283789642111579, 0.00021283789642111579], "s2 XNO": [0.00851146593525983, 0.00851146593525983], "s2 XO-": [2.4877465918859266e-06, 2.4877465918859266e-06], "s2 XN+": [5.69398488724033e-05, 5.69398488724033e-05], "s2 XNO2": [0.0, 0.0], "s2 XNO+": [0.0004827493775035242, 0.0004827493775035242], "s7 Xe-": [0.0, 0.0], "s7 XN-": [0.0, 0.0], "s7 XO2+": [0.0, 0.0], "s7 XN": [4.178985978139033e-05, 0.1881765740681245], "s7 XN2": [0.68349593301777, 0.4961961496997864], "s7 XO+": [0.0, 5.0366642570353524e-06], "s7 XN2O": [0.0, 0.0], "s7 XN2+": [0.0, 1.114640678813582e-06], "s7 XO": [0.2510221952073203, 0.30857148830581144], "s7 XO2": [0.050811534620048254, 0.00017694792367213772], "s7 XNO": [0.014633208447615651, 0.006467265009448078], "s7 XO-": [0.0, 0.0], "s7 XN+": [0.0, 2.4890491973405338e-06], "s7 XNO2": [0.0, 0.0], "s7 XNO+": [0.0, 0.00020737184586449558], "s8 Xe-": [0.0, 0.0], "s8 XN-": [0.0, 0.0], "s8 XO2+": [0.0, 0.0], "s8 XN": [3.570024488280608e-06, 0.0743037589153762], "s8 XN2": [0.723030667466284, 0.5906076077877016], "s8 XO+": [0.0, 0.0], "s8 XN2O": [0.0, 0.0], "s8 XN2+": [0.0, 0.0], "s8 XO": [0.15499660143505378, 0.32916881883070614], "s8 XO2": [0.11047302711351674, 0.00022462497468655072], "s8 XNO": [0.011519291244113697, 0.005550154668550728], "s8 XO-": [0.0, 0.0], "s8 XN+": [0.0, 0.0], "s8 XNO2": [0.0, 0.0], "s8 XNO+": [0.0, 6.782486683447516e-05], "s10e Xe-": [0.4457138926578577, 0.0834139230215293], "s10e XN-": [0.0, 3.1628008943883526e-05], "s10e XO2+": [0.0, 7.295641161191702e-07], "s10e XN": [0.07716445129830724, 0.6515099702285334], "s10e XN2": [0.0, 0.0006217477135942084], "s10e XO+": [0.08497359504195408, 0.011620286191294956], "s10e XN2O": [0.0, 0.0], "s10e XN2+": [3.6853212308119404e-07, 8.443197895948572e-05], "s10e XO": [0.031428457067140016, 0.180907292773479], "s10e XO2": [0.0, 1.5059616048101806e-06], "s10e XNO": [0.0, 5.39087658842702e-05], "s10e XO-": [0.0, 1.2886648898359586e-05], "s10e XN+": [0.3607409555775614, 0.07169016336636201], "s10e XNO2": [0.0, 0.0], "s10e XNO+": [3.256701224960658e-07, 6.334825828263233e-05]}