{"states_dict": {"s4": {"state_name": "s4", "gmodel_type": "CEAGas", "rho": 3.674, "p": 11711825.784480114, "T": 3329.720713649222, "a": 1964.1, "h": 2595850.0, "u": -591910.0, "s": 21100.7, "gamma": 1.144745597927295, "R": 957.3413932066782, "Cp": 7571.3, "molecular_mass": 0.008685, "v": 587.0836175928022, "M": 0.2989071929091198, "Ht": 2767200.0, "Ue": 2352.530552405218, "total_p": 12359444.074628185, "total_T": 3357.15, "pitot_p": 12359444.074628185, "composition_massf": {"H2O": 0.60802, "OH": 0.051651, "He": 0.28943, "HO2": 0.00016279, "O": 0.0053468, "O2": 0.036945, "H2": 0.0076395, "H": 0.00076718, "H2O2": 3.4028e-05}, "composition_moles": {"H2O": 0.2931208229902616, "OH": 0.026376196101212772, "He": 0.6280163628559622, "HO2": 4.283461953528279e-05, "O": 0.002902418715701839, "O2": 0.010027479936747628, "H2": 0.03291319795821179, "H": 0.00661047115899756, "H2O2": 8.688401008035355e-06}}, "s1": {"state_name": "s1", "gmodel_type": "CEAGas", "rho": 1.7744, "p": 152466.3677130045, "T": 298.15, "a": 346.7, "h": 7.000000000000001e-05, "u": -85925.0, "s": 6766.6, "gamma": 1.398557725608831, "R": 288.19792027729636, "Cp": 1011.3000000000001, "molecular_mass": 0.02885, "v": 0.0, "M": 0.0, "Ht": null, "Ue": null, "total_p": 152474.1312582901, "total_T": 298.15, "pitot_p": 152474.1312582901, "composition_massf": {"e-": 0.0, "N-": 0.0, "O2+": 0.0, "N": 0.0, "N2": 0.76708, "O+": 0.0, "N2O": 0.0, "N2+": 0.0, "O": 0.0, "O2": 0.23292, "NO": 0.0, "O-": 0.0, "N+": 0.0, "NO2": 0.0, "NO+": 0.0}, "composition_moles": {"e-": 0.0, "N-": 0.0, "O2+": 0.0, "N": 0.0, "N2": 0.7899882913177266, "O+": 0.0, "N2O": 0.0, "N2+": 0.0, "O": 0.0, "O2": 0.20999981249296848, "NO": 0.0, "O-": 0.0, "N+": 0.0, "NO2": 0.0, "NO+": 0.0}}, "s2": {"state_name": "s2", "gmodel_type": "CEAGas", "rho": 10.67753210841389, "p": 5952700.0, "T": 1934.5273772244177, "a": 844.9, "h": 1906040.0, "u": 1348550.0, "s": 7799.8, "gamma": 1.2804442841948296, "R": 288.18793109424286, "Cp": 1315.8000000000002, "molecular_mass": 0.028850999999999998, "v": 1650.952715980011, "M": 1.9540214415670623, "Ht": 3268859.99993, "Ue": 2556.8965563471666, "total_p": 42795688.20419173, "total_T": 2904.08, "pitot_p": 30476885.247481436, "unit_Re": 259974643.24258095, "k": 0.11867000000000001, "mu": 6.7807e-05, "composition_massf": {"e-": 0.0, "N-": 0.0, "O2+": 0.0, "N": 0.0, "N2": 0.76397, "O+": 0.0, "N2O": 4.2067e-06, "N2+": 0.0, "O": 1.3001e-05, "O2": 0.2293, "NO": 0.0065567, "O-": 0.0, "N+": 0.0, "NO2": 0.00014999, "NO+": 0.0}, "composition_moles": {"e-": 0.0, "N-": 0.0, "O2+": 0.0, "N": 0.0, "N2": 0.7868126850007496, "O+": 0.0, "N2O": 2.757550114966555e-06, "N2+": 0.0, "O": 2.3444119841994077e-05, "O2": 0.20674319974499045, "NO": 0.0063042965163750036, "O-": 0.0, "N+": 0.0, "NO2": 9.406182934649117e-05, "NO+": 0.0}}, "s3": {"state_name": "s3", "gmodel_type": "CEAGas", "rho": 2.1057, "p": 5952699.999999999, "T": 2989.92, "a": 1859.7, "h": 562000.0, "u": -2264950.0, "s": 21100.7, "gamma": 1.172251466345168, "R": 945.4753240846032, "Cp": 6434.400000000001, "molecular_mass": 0.008794, "v": 1650.9470041876466, "M": 0.8877491015688802, "Ht": 1923840.0, "Ue": 1961.5504072034448, "total_p": 9451274.21148975, "total_T": 3221.19, "pitot_p": 9451274.21148975, "composition_massf": {"H2O": 0.64817, "OH": 0.029745, "He": 0.28943, "HO2": 6.1256e-05, "O": 0.0021454, "O2": 0.025215, "H2": 0.0048841, "H": 0.00033246, "H2O2": 1.352e-05}, "composition_moles": {"H2O": 0.3163984673010911, "OH": 0.015380272870419478, "He": 0.6358982032188062, "HO2": 1.632046254795233e-05, "O": 0.001179209695363576, "O2": 0.006929657049639362, "H2": 0.02130621634224259, "H": 0.0029006222989463658, "H2O2": 3.495399045353359e-06}}, "s5": {"state_name": "s5", "gmodel_type": "CEAGas", "rho": 0.0017829, "p": 152.6189866997042, "T": 298.15, "a": 346.2, "h": 7.000000000000001e-05, "u": -85601.0, "s": 8726.4, "gamma": 1.3999978043324515, "R": 287.11315998480615, "Cp": 1004.8999999999999, "molecular_mass": 0.028959, "v": 0.0, "M": 0.0, "Ht": null, "Ue": null, "total_p": 152.62562434944775, "total_T": 298.15, "pitot_p": 152.62562434944775, "composition_massf": {"e-": 0.0, "O+": 0.0, "N2": 0.75566, "N": 0.0, "O2+": 0.0, "N2+": 0.0, "Ar": 0.01283, "O": 0.0, "O2": 0.23151, "NO": 0.0, "Ar+": 0.0, "N+": 0.0, "NO+": 0.0}, "composition_moles": {"e-": 0.0, "O+": 0.0, "N2": 0.7811675105485232, "N": 0.0, "O2+": 0.0, "N2+": 0.0, "Ar": 0.009300690147191348, "O": 0.0, "O2": 0.20951717220645774, "NO": 0.0, "Ar+": 0.0, "N+": 0.0, "NO+": 0.0}}, "s6": {"state_name": "s6", "gmodel_type": "CEAGas", "rho": 0.01935448334377067, "p": 34040.0, "T": 4986.790341694334, "a": 1437.9, "h": 10378700.0, "u": 8619940.0, "s": 11765.1, "gamma": 1.109931276342628, "R": 352.68335100742314, "Cp": 3560.9, "molecular_mass": 0.023575, "v": 4154.008509677852, "M": 2.888941170928334, "Ht": 19006499.99993, "Ue": 6165.468352028092, "total_p": 1459701.213214063, "total_T": 7367.94, "pitot_p": 340850.5667986376, "composition_massf": {"e-": 0.0, "O+": 0.0, "N2": 0.72374, "N": 0.025518, "O2+": 0.0, "N2+": 0.0, "Ar": 0.01283, "O": 0.22315, "O2": 0.0010538, "NO": 0.013633, "Ar+": 0.0, "N+": 0.0, "NO+": 6.8466e-05}, "composition_moles": {"e-": 0.0, "O+": 0.0, "N2": 0.6090717478064069, "N": 0.04294993467412024, "O2+": 0.0, "N2+": 0.0, "Ar": 0.007571524231500951, "O": 0.3288099084965686, "O2": 0.0007763833331249922, "NO": 0.010711087912124533, "Ar+": 0.0, "N+": 0.0, "NO+": 5.379291080116595e-05}}, "s7": {"state_name": "s7", "gmodel_type": "CEAGas", "rho": 0.072343, "p": 7245.333777840545, "T": 347.52, "a": 374.0, "h": 50003.0, "u": -50151.0, "s": 7799.8, "gamma": 1.3967471023586728, "R": 288.19792027729636, "Cp": 1014.5999999999999, "molecular_mass": 0.02885, "v": 4575.494816689006, "M": 12.233943360131033, "Ht": 10517499.99993, "Ue": 4586.392918172188, "total_p": 7365142499.963501, "total_T": 7455.37, "pitot_p": 1447390.5308394297, "unit_Re": 15870973.414064672, "k": 0.029630000000000004, "mu": 2.0856e-05, "composition_massf": {"e-": 0.0, "N-": 0.0, "O2+": 0.0, "N": 0.0, "N2": 0.76708, "O+": 0.0, "N2O": 0.0, "N2+": 0.0, "O": 0.0, "O2": 0.23292, "NO": 0.0, "O-": 0.0, "N+": 0.0, "NO2": 0.0, "NO+": 0.0}, "composition_moles": {"e-": 0.0, "N-": 0.0, "O2+": 0.0, "N": 0.0, "N2": 0.7899882913177266, "O+": 0.0, "N2O": 0.0, "N2+": 0.0, "O": 0.0, "O2": 0.20999981249296848, "NO": 0.0, "O-": 0.0, "N+": 0.0, "NO2": 0.0, "NO+": 0.0}}, "s8": {"state_name": "s8", "gmodel_type": "CEAGas", "rho": 0.0044715, "p": 147.6175373207974, "T": 114.55, "a": 214.5, "h": -185520.0, "u": -218530.0, "s": 7799.8, "gamma": -0.0, "R": 288.19792027729636, "Cp": 0.0, "molecular_mass": 0.02885, "v": 4626.683349608871, "M": 21.5696193454959, "Ht": 10517499.99993, "Ue": 4586.392918172188, "total_p": 7365142500.001995, "total_T": 7455.37, "pitot_p": 91543.57483484193, "unit_Re": null, "k": 0.0, "mu": 0.0, "composition_massf": {"e-": 0.0, "N-": 0.0, "O2+": 0.0, "N": 0.0, "N2": 0.76708, "O+": 0.0, "N2O": 0.0, "N2+": 0.0, "O": 0.0, "O2": 0.23292, "NO": 0.0, "O-": 0.0, "N+": 0.0, "NO2": 0.0, "NO+": 0.0}, "composition_moles": {"e-": 0.0, "N-": 0.0, "O2+": 0.0, "N": 0.0, "N2": 0.7899882913177266, "O+": 0.0, "N2O": 0.0, "N2+": 0.0, "O": 0.0, "O2": 0.20999981249296848, "NO": 0.0, "O-": 0.0, "N+": 0.0, "NO2": 0.0, "NO+": 0.0}}, "s10f": {"state_name": "s10f", "gmodel_type": "IdealGas", "rho": 0.026886291634869625, "p": 79946.28108906685, "T": 10317.548489495592, "a": 2035.808609796145, "h": 10523899.459285501, "u": 7550403.442252711, "s": 3683.181479431347, "gamma": 1.393819487895554, "R": 288.19792027729636, "Cp": 1019.9999999999999, "molecular_mass": 0.02885, "v": 769.468582189657, "M": 0.3779670537235362, "Ht": null, "Ue": null, "total_p": 88194.11250968046, "total_T": 10607.784714484296, "pitot_p": 88194.11250968046}, "s10e": {"state_name": "s10e", "gmodel_type": "CEAGas", "rho": 0.04838119819360185, "p": 87019.0, "T": 5111.738222749488, "a": 1462.1, "h": 10426100.0, "u": 8627500.0, "s": 11485.5, "gamma": 1.3477116423645887, "R": 351.86246297079987, "Cp": 1363.8,