{"states_dict": {"s4": {"state_name": "s4", "gmodel_type": "CEAGas", "rho": 33.429, "p": 37310000.0, "T": 3861.0, "a": 1256.6, "h": 3288120.0, "u": 2172010.0, "s": 6232.3, "gamma": 1.4148350213656617, "R": 289.06963807669575, "Cp": 985.9, "molecular_mass": 0.028763, "v": 0.0, "M": 0.0, "Ht": 3287120.0, "Ue": 2564.028080969473, "total_p": 37307663.26738406, "total_T": 3861.0, "pitot_p": 37307663.26738406, "composition_massf": {"Ar": 0.83332, "O2": 0.14796, "H2": 0.018713}, "composition_moles": {"Ar": 0.5999995784519876, "O2": 0.1329979086715752, "H2": 0.26700102139016213}}, "s1": {"state_name": "s1", "gmodel_type": "CEAGas", "rho": 3.9924, "p": 343046.9286314919, "T": 298.15, "a": 346.7, "h": 7.000000000000001e-05, "u": -85925.0, "s": 6532.9, "gamma": 1.398557725608831, "R": 288.19792027729636, "Cp": 1011.3000000000001, "molecular_mass": 0.02885, "v": 0.0, "M": 0.0, "Ht": null, "Ue": null, "total_p": 343060.5286241617, "total_T": 298.15, "pitot_p": 343060.5286241617, "composition_massf": {"e-": 0.0, "N-": 0.0, "O2+": 0.0, "N": 0.0, "N2": 0.76708, "O+": 0.0, "N2O": 0.0, "N2+": 0.0, "O": 0.0, "O2": 0.23292, "NO": 0.0, "O-": 0.0, "N+": 0.0, "NO2": 0.0, "NO+": 0.0}, "composition_moles": {"e-": 0.0, "N-": 0.0, "O2+": 0.0, "N": 0.0, "N2": 0.7899882913177266, "O+": 0.0, "N2O": 0.0, "N2+": 0.0, "O": 0.0, "O2": 0.20999981249296848, "NO": 0.0, "O-": 0.0, "N+": 0.0, "NO2": 0.0, "NO+": 0.0}}, "s2": {"state_name": "s2", "gmodel_type": "CEAGas", "rho": 20.755581646710635, "p": 7837500.0, "T": 1310.2861547395019, "a": 704.3, "h": 1119130.0, "u": 741520.0, "s": 7230.7, "gamma": 1.313584490176914, "R": 288.18793109424286, "Cp": 1207.2, "molecular_mass": 0.028850999999999998, "v": 1231.3003077887558, "M": 1.748261121381167, "Ht": 1877189.99993, "Ue": 1937.6222541713335, "total_p": 40713277.83104185, "total_T": 1912.5, "pitot_p": 33476075.477172997, "unit_Re": 489829303.2914758, "k": 0.0829, "mu": 5.2174e-05, "composition_massf": {"e-": 0.0, "N-": 0.0, "O2+": 0.0, "N": 0.0, "N2": 0.76686, "O+": 0.0, "N2O": 0.0, "N2+": 0.0, "O": 0.0, "O2": 0.23264, "NO": 0.0004402, "O-": 0.0, "N+": 0.0, "NO2": 6.2453e-05, "NO+": 0.0}, "composition_moles": {"e-": 0.0, "N-": 0.0, "O2+": 0.0, "N": 0.0, "N2": 0.7897890959326608, "O+": 0.0, "N2O": 0.0, "N2+": 0.0, "O": 0.0, "O2": 0.2097546357988425, "NO": 0.00042325427829674635, "O-": 0.0, "N+": 0.0, "NO2": 3.91655672256578e-05, "NO+": 0.0}}, "s3": {"state_name": "s3", "gmodel_type": "CEAGas", "rho": 11.209, "p": 7837499.999999996, "T": 2418.76, "a": 1004.1, "h": 1894800.0, "u": 1195610.0, "s": 6232.3, "gamma": 1.4418468706143348, "R": 289.06963807669575, "Cp": 943.3000000000001, "molecular_mass": 0.028763, "v": 1231.2912100104584, "M": 1.226263529539347, "Ht": 2651840.0, "Ue": 2302.971992882241, "total_p": 20007616.688940715, "total_T": 3211.16, "pitot_p": 19807839.87184902, "composition_massf": {"Ar": 0.83332, "O2": 0.14796, "H2": 0.018713}, "composition_moles": {"Ar": 0.5999995784519876, "O2": 0.1329979086715752, "H2": 0.26700102139016213}}, "s5": {"state_name": "s5", "gmodel_type": "CEAGas", "rho": 75.984, "p": 51114692.92586822, "T": 2334.544959385902, "a": 921.5, "h": 2446450.0, "u": 1773750.0, "s": 7433.900000000001, "gamma": 1.2622741107989361, "R": 288.14798128573904, "Cp": 1386.8, "molecular_mass": 0.028855, "v": 0.0, "M": 0.0, "Ht": 2446439.99993, "Ue": 2211.985533374936, "total_p": 51106348.42488132, "total_T": 2334.54, "pitot_p": 51106348.42488132, "composition_massf": {"e-": 0.0, "N-": 0.0, "O2+": 0.0, "N": 0.0, "N2": 0.7589, "O+": 0.0, "N2O": 3.1417e-05, "N2+": 0.0, "O": 6.6582e-05, "O2": 0.2233, "NO": 0.017082, "O-": 0.0, "N+": 0.0, "NO2": 0.0006264, "NO+": 0.0}, "composition_moles": {"e-": 0.0, "N-": 0.0, "O2+": 0.0, "N": 0.0, "N2": 0.7816994545467527, "O+": 0.0, "N2O": 2.0597133901955797e-05, "N2+": 0.0, "O": 0.0001200809786616998, "O2": 0.20136134792554722, "NO": 0.016426696904962658, "O-": 0.0, "N+": 0.0, "NO2": 0.00039288285096347183, "NO+": 0.0}}, "s5d": {"state_name": "s5d", "gmodel_type": "CEAGas", "rho": 29.339, "p": 35329327.32328272, "T": 4165.6964894284165, "a": 1303.3, "h": 3589640.0, "u": 2385460.0, "s": 6323.2, "gamma": 1.410534261421583, "R": 289.06963807669575, "Cp": 993.1999999999999, "molecular_mass": 0.028763, "v": 0.0, "M": 0.0, "Ht": 3588650.0, "Ue": 2679.04833849634, "total_p": 35331085.26455243, "total_T": 4165.7, "pitot_p": 35331085.26455243, "composition_massf": {"Ar": 0.83332, "O2": 0.14796, "H2": 0.018713}, "composition_moles": {"Ar": 0.5999995784519876, "O2": 0.1329979086715752, "H2": 0.26700102139016213}}, "s6": {"state_name": "s6", "gmodel_type": "CEAGas", "rho": 47.187, "p": 27933309.512996018, "T": 2054.27, "a": 868.7, "h": 2064830.0, "u": 1472860.0, "s": 7433.900000000001, "gamma": 1.2748561112054753, "R": 288.16795480539287, "Cp": 1336.6, "molecular_mass": 0.028853, "v": 873.6360798410285, "M": 1.005682145552007, "Ht": 2446459.99993, "Ue": 2211.99457500691, "total_p": 51106693.456916206, "total_T": 2334.55, "pitot_p": 51105083.98688306, "composition_massf": {"e-": 0.0, "N-": 0.0, "O2+": 0.0, "N": 0.0, "N2": 0.76271, "O+": 0.0, "N2O": 1.2514e-05, "N2+": 0.0, "O": 1.5086e-05, "O2": 0.22779, "NO": 0.0090964, "O-": 0.0, "N+": 0.0, "NO2": 0.00036713, "NO+": 0.0}, "composition_moles": {"e-": 0.0, "N-": 0.0, "O2+": 0.0, "N": 0.0, "N2": 0.7855694642563916, "O+": 0.0, "N2O": 8.203668978115458e-06, "N2+": 0.0, "O": 2.720579259222221e-05, "O2": 0.20539597953673264, "NO": 0.008746835783390711, "O-": 0.0, "N+": 0.0, "NO2": 0.00023025077197291632, "NO+": 0.0}}, "s8": {"state_name": "s8", "gmodel_type": "CEAGas", "rho": 0.10524, "p": 7378.262575782973, "T": 243.28, "a": 313.2, "h": -55437.0, "u": -125550.0, "s": 7433.900000000001, "gamma": 1.3994969357283742, "R": 288.19792027729636, "Cp": 1009.6, "molecular_mass": 0.02885, "v": 2236.9117103721373, "M": 7.14211912634782, "Ht": 2446459.99993, "Ue": 2211.99457500691, "total_p": 51106754.84449462, "total_T": 2334.55, "pitot_p": 495150.72208452364, "unit_Re": 14784436.877445437, "k": 0.02239, "mu": 1.5923000000000003e-05, "composition_massf": {"e-": 0.0, "N-": 0.0, "O2+": 0.0, "N": 0.0, "N2": 0.76708, "O+": 0.0, "N2O": 0.0, "N2+": 0.0, "O": 0.0, "O2": 0.23292, "NO": 0.0, "O-": 0.0, "N+": 0.0, "NO2": 0.0, "NO+": 0.0}, "composition_moles": {"e-": 0.0, "N-": 0.0, "O2+": 0.0, "N": 0.0, "N2": 0.7899882913177266, "O+": 0.0, "N2O": 0.0, "N2+": 0.0, "O": 0.0, "O2": 0.20999981249296848, "NO": 0.0, "O-": 0.0, "N+": 0.0, "NO2": 0.0, "NO+": 0.0}}, "s10f": {"state_name": "s10f", "gmodel_type": "IdealGas", "rho": 0.5755634410652316, "p": 437670.32390370866, "T": 2638.5362034412647, "a": 1031.6037827154191, "h": 2663866.150994301, "u": 1903445.5045861749, "s": 1779.642712641895, "gamma": 1.3994969357283742, "R": 288.19792027729636, "Cp": 1009.5999999999999, "molecular_mass": 0.02885, "v": 408.9898214031727, "M": 0.3964601800185505, "Ht": null, "Ue": null, "total_p": 487729.8076058144, "total_T": 2721.377266244059, "pitot_p": 487729.8076058144}, "s10e": {"state_name": "s10e", "gmodel_type": "CEAGas", "rho": 0.6875946977449084, "p": 453380.0, "T": 2286.8660713064883, "a": 910.7, "h": 2387840.0, "u": 1728470.0, "s": 8770.4, "gamma": 1.291956228789372, "R": 288.3278427020842, "Cp": 1275.9, "molecular_mass": 0.028836999999999998, "v": 342.37115145250834, "M": 0.37594284775722886, "Ht": 2446449.99993, "Ue": 2211.9900541955426, "total_p": 495150.72208452364, "total_T": 2328.13, "pitot_p": 495150.72208452364, "unit_Re": 3094805.74230039, "k": 0.14803, "mu": 7.6067e-05, "composition_massf": {"e-": 0.0, "N-": 0.0, "O2+": 0.0, "N": 0.0, "N2": 0.75982, "O+": 0.0, "N2O": 2.6907e-06, "N2+": 0.0, "O": 0.00053819, "O2": 0.22406, "NO": 0.015521, "O-": 0.0, "N+": 0.0, "NO2": 5.6938e-05, "NO+": 0.0}, "composition_moles": {"e-": 0.0, "N-": 0.0, "O2+": 0.0, "N": 0.0, "N2": 0.7821588718256264, "O+": 0.0, "N2O": 1.762935234749891e-06, "N2+": 0.0, "O": 0.0009700229402352589, "O2": 0.20192064139905247, "NO": 0.014916269591849657, "O-": 0.0, "N+": 0.0, "NO2": 3.5689669843823024e-05, "NO+": 0.0}}},