driver_condition,area_ratio,test_gas_gas_model,test_gas_name,p1,vs1,Ht,h,Ue,pitot_p,total_p,p2,T2,rho2,v2,M2,a2,gamma2,R2,Ht2,h2,p3,T3,rho3,v3,M3,a3,p5,T5,rho5,v5,M5,a5,p5d,T5d,rho5d,v5d,M5d,a5d,p8,T8,rho8,v8,M8,a8,gamma8,R8,unit_Re8,p10f,T10f,rho10f,v10f,M10f,a10f,p10e,T10e,rho10e,v10e,M10e,a10e,unit_Re10e,s2 Xe-,s2 XN-,s2 XO2+,s2 XN,s2 XN2,s2 XO+,s2 XN2O,s2 XN2+,s2 XO,s2 XO2,s2 XNO,s2 XO-,s2 XN+,s2 XNO2,s2 XNO+,s8 Xe-,s8 XN-,s8 XO2+,s8 XN,s8 XN2,s8 XO+,s8 XN2O,s8 XN2+,s8 XO,s8 XO2,s8 XNO,s8 XO-,s8 XN+,s8 XNO2,s8 XNO+,s10e Xe-,s10e XN-,s10e XO2+,s10e XN,s10e XN2,s10e XO+,s10e XN2O,s10e XN2+,s10e XO,s10e XO2,s10e XNO,s10e XO-,s10e XN+,s10e XNO2,s10e XNO+
custom_from_dict,175.0,CEAGas,n2-o2-with-ions,8990.168467596168,2654.9233723401435,7385229.99993,834220.0,3843.2356159699602,60504.060228415525,5629705.463271048,643860.0,2947.8472623771395,0.7519301447357066,2285.494597083917,2.2481748938460724,1016.6,1.1770718514690597,290.4733789826719,6067809.99993,3456070.0,643860.0000000003,1187.89,1.7846,2285.4934137036607,3.1398453272477824,727.9,5545314.344009082,4677.93593112212,3.7825,0.0,0.0,1332.0,12588913.716625882,5108.214650189748,8.1143,0.0,0.0,1463.3,1466.2884898352465,1070.11,0.0047545,3619.670520636978,5.653968323394217,640.2,1.3297073956953895,288.19792027729636,377546.96905356186,53286.271204354045,6538.105590794717,0.028279554148404853,608.5505273697139,0.3845599281021651,1582.4595411512605,57065.0,3876.9084913725333,0.044240641656339,389.0025742405258,0.31277846284516025,1243.7,146515.609487217,0.0,0.0,0.0,3.401969971513632e-06,0.7633638872825147,0.0,5.7700257743201974e-06,0.0,0.015770984211907948,0.1800069852619473,0.040792355154451926,0.0,0.0,5.804315431850539e-05,0.0,0.0,0.0,0.0,0.0,0.7899573953893495,0.0,0.0,0.0,0.0,0.20996374864057404,6.435991848324175e-05,0.0,0.0,0.0,0.0,0.0,0.0,0.0,0.001204762535072501,0.6648888282036454,0.0,1.5806120492220443e-06,0.0,0.26638777079140463,0.029911027913546755,0.037583981923675513,0.0,0.0,3.929153383834542e-06,2.6486164823486627e-06