{"states_dict": {"s4": {"state_name": "s4", "gmodel_type": "CEAGas", "rho": 16.135, "p": 19400629.778984204, "T": 3958.8863789480642, "a": 1294.9, "h": 3653460.0, "u": 2451090.0, "s": 6846.9, "gamma": 1.3946483048716358, "R": 303.7152980713033, "Cp": 1073.3, "molecular_mass": 0.027376, "v": 0.0, "M": 0.0, "Ht": 3652460.0, "Ue": 2702.7615507106802, "total_p": 19402402.28812776, "total_T": 3958.88, "pitot_p": 19402402.28812776, "composition_massf": {"Ar": 0.80258, "O2": 0.17533, "H2": 0.022091}, "composition_moles": {"Ar": 0.5500007529788725, "O2": 0.15000044001650065, "H2": 0.2999996110879616}}, "s1": {"state_name": "s1", "gmodel_type": "CEAGas", "rho": 0.10463, "p": 8990.168467596168, "T": 298.15, "a": 346.7, "h": 7.000000000000001e-05, "u": -85925.0, "s": 7582.4, "gamma": 1.398557725608831, "R": 288.19792027729636, "Cp": 1011.3000000000001, "molecular_mass": 0.02885, "v": 0.0, "M": 0.0, "Ht": -10.11307, "Ue": null, "total_p": 8990.791550395526, "total_T": 298.14, "pitot_p": 8990.791550395526, "composition_massf": {"e-": 0.0, "N-": 0.0, "O2+": 0.0, "N": 0.0, "N2": 0.76708, "O+": 0.0, "N2O": 0.0, "N2+": 0.0, "O": 0.0, "O2": 0.23292, "NO": 0.0, "O-": 0.0, "N+": 0.0, "NO2": 0.0, "NO+": 0.0}, "composition_moles": {"e-": 0.0, "N-": 0.0, "O2+": 0.0, "N": 0.0, "N2": 0.7899882913177266, "O+": 0.0, "N2O": 0.0, "N2+": 0.0, "O": 0.0, "O2": 0.20999981249296848, "NO": 0.0, "O-": 0.0, "N+": 0.0, "NO2": 0.0, "NO+": 0.0}}, "s2": {"state_name": "s2", "gmodel_type": "CEAGas", "rho": 0.7799282023788262, "p": 711630.0, "T": 3124.4389091177886, "a": 1044.7, "h": 3808190.0, "u": 2895770.0, "s": 9163.7, "gamma": 1.1559707906726049, "R": 292.0343507428612, "Cp": 2164.4, "molecular_mass": 0.028471, "v": 2411.3436248074263, "M": 2.308168493163038, "Ht": 6715479.99993, "Ue": 3664.8274174727517, "total_p": 9305210.41206317, "total_T": 4532.47, "pitot_p": 4705745.172281935, "unit_Re": 19767031.370096263, "k": 0.33005, "mu": 9.5142e-05, "composition_massf": {"e-": 0.0, "N-": 0.0, "O2+": 0.0, "N": 4.819e-06, "N2": 0.74314, "O+": 0.0, "N2O": 1.1225e-05, "N2+": 0.0, "O": 0.014796, "O2": 0.19075, "NO": 0.051201, "O-": 0.0, "N+": 0.0, "NO2": 0.00010099, "NO+": 0.0}, "composition_moles": {"e-": 0.0, "N-": 0.0, "O2+": 0.0, "N": 9.795437112239142e-06, "N2": 0.7552792213726287, "O+": 0.0, "N2O": 7.261227983677477e-06, "N2+": 0.0, "O": 0.0263295446079228, "O2": 0.16972021607060267, "NO": 0.04858157744591934, "O-": 0.0, "N+": 0.0, "NO2": 6.249875101889991e-05, "NO+": 0.0}}, "s3": {"state_name": "s3", "gmodel_type": "CEAGas", "rho": 1.5827, "p": 711630.0000000003, "T": 1480.46, "a": 808.9, "h": 1103110.0, "u": 653470.0, "s": 6846.9, "gamma": 1.4553557183441543, "R": 303.7152980713033, "Cp": 970.7, "molecular_mass": 0.027376, "v": 2411.3351962565803, "M": 2.9810053112332553, "Ht": 4009380.0, "Ue": 2831.741513627259, "total_p": 25802217.47279945, "total_T": 4290.0, "pitot_p": 8774298.503605213, "composition_massf": {"Ar": 0.80258, "O2": 0.17533, "H2": 0.022091}, "composition_moles": {"Ar": 0.5500007529788725, "O2": 0.15000044001650065, "H2": 0.2999996110879616}}, "s5": {"state_name": "s5", "gmodel_type": "CEAGas", "rho": 3.9972, "p": 6344974.67475572, "T": 4975.5937505130505, "a": 1391.7, "h": 8124300.0, "u": 6536950.0, "s": 9579.7, "gamma": 1.1310407325202338, "R": 319.0280868697721, "Cp": 2753.6, "molecular_mass": 0.026062000000000002, "v": 0.0, "M": 0.0, "Ht": 8124289.99993, "Ue": 4030.952740960876, "total_p": 6344735.246608481, "total_T": 4975.58, "pitot_p": 6344735.246608481, "composition_massf": {"e-": 0.0, "N-": 0.0, "O2+": 0.0, "N": 0.0017233, "N2": 0.71723, "O+": 0.0, "N2O": 7.4059e-05, "N2+": 0.0, "O": 0.11677, "O2": 0.061142, "NO": 0.10288, "O-": 1.2953e-06, "N+": 0.0, "NO2": 0.0001636, "NO+": 1.4023e-05}, "composition_moles": {"e-": 0.0, "N-": 0.0, "O2+": 0.0, "N": 0.003206511498068782, "N2": 0.6672681024081333, "O+": 0.0, "N2O": 4.385373477715574e-05, "N2+": 0.0, "O": 0.19021086665749967, "O2": 0.04979820505768967, "NO": 0.08935711605306922, "O-": 2.1098885655170165e-06, "N+": 0.0, "NO2": 9.26789883818239e-05, "NO+": 1.2179993666105398e-05}}, "s5d": {"state_name": "s5d", "gmodel_type": "CEAGas", "rho": 7.1213, "p": 12544014.95466495, "T": 5799.763061797393, "a": 1555.8, "h": 5671920.0, "u": 3910450.0, "s": 7397.5, "gamma": 1.3740867358995723, "R": 303.7152980713033, "Cp": 1115.6, "molecular_mass": 0.027376, "v": 0.0, "M": 0.0, "Ht": 5670920.0, "Ue": 3367.7648373958655, "total_p": 12545437.295073548, "total_T": 5799.76, "pitot_p": 12545437.295073548, "composition_massf": {"Ar": 0.80258, "O2": 0.17533, "H2": 0.022091}, "composition_moles": {"Ar": 0.5500007529788725, "O2": 0.15000044001650065, "H2": 0.2999996110879616}}, "s6": {"state_name": "s6", "gmodel_type": "CEAGas", "rho": 2.5232, "p": 3630013.757851183, "T": 4571.98, "a": 1317.9, "h": 7280460.0, "u": 5841800.0, "s": 9579.7, "gamma": 1.1199092102690842, "R": 314.66941679597323, "Cp": 2938.8999999999996, "molecular_mass": 0.026423, "v": 1317.900385861094, "M": 1.0000002927848046, "Ht": 8148889.99993, "Ue": 4037.050903798465, "total_p": 6443688.81542137, "total_T": 4987.64, "pitot_p": 6443775.222067097, "composition_massf": {"e-": 0.0, "N-": 0.0, "O2+": 0.0, "N": 0.00080074, "N2": 0.72066, "O+": 0.0, "N2O": 5.1637e-05, "N2+": 0.0, "O": 0.10104, "O2": 0.079738, "NO": 0.097548, "O-": 0.0, "N+": 0.0, "NO2": 0.00014807, "NO+": 6.1551e-06}, "composition_moles": {"e-": 0.0, "N-": 0.0, "O2+": 0.0, "N": 0.0015105594479784671, "N2": 0.6797460922272911, "O+": 0.0, "N2O": 3.100017383579322e-05, "N2+": 0.0, "O": 0.16686750253134494, "O2": 0.0658436308236559, "NO": 0.08589956055602026, "O-": 0.0, "N+": 0.0, "NO2": 8.504317114258078e-05, "NO+": 5.420203919332073e-06}}, "s8": {"state_name": "s8", "gmodel_type": "CEAGas", "rho": 0.0050326, "p": 1798.9370285479486, "T": 1240.34, "a": 686.3, "h": 1035079.9999999999, "u": 677620.0, "s": 9579.7, "gamma": 1.319899272922095, "R": 288.19792027729636, "Cp": 1189.1000000000001, "molecular_mass": 0.02885, "v": 3771.951938592646, "M": 5.496068685112409, "Ht": 8148889.99993, "Ue": 4037.050903798465, "total_p": 6443686.482033193, "total_T": 4987.64, "pitot_p": 69631.38182109864, "unit_Re": 377382.6628926135, "k": 0.07914, "mu": 5.0301e-05, "composition_massf": {"e-": 0.0, "N-": 0.0, "O2+": 0.0, "N": 0.0, "N2": 0.76695, "O+": 0.0, "N2O": 0.0, "N2+": 0.0, "O": 0.0, "O2": 0.23277, "NO": 0.00027427, "O-": 0.0, "N+": 0.0, "NO2": 0.0, "NO+": 0.0}, "composition_moles": {"e-": 0.0, "N-": 0.0, "O2+": 0.0, "N": 0.0, "N2": 0.7898544089614257, "O+": 0.0, "N2O": 0.0, "N2+": 0.0, "O": 0.0, "O2": 0.20986457304648926, "NO": 0.00026370269711825265, "O-": 0.0, "N+": 0.0, "NO2": 0.0, "NO+": 0.0}}, "s10f": {"state_name": "s10f", "gmodel_type": "IdealGas", "rho": 0.030375640226206743, "p": 61537.05551888267, "T": 7029.43515622419, "a": 1633.9078528475418, "h": 8400877.955203528, "u": 6375009.362455605, "s": 3920.555076860808, "gamma": 1.3177828419639486, "R": 288.19792027729636, "Cp": 1195.0999999999997, "molecular_mass": 0.02885, "v": 624.9209427165686, "M": 0.38247012622374565, "Ht": null, "Ue": null, "total_p": 67688.83939483904, "total_T": 7192.8215609793415, "pitot_p": 67688.83939483904}, "s10e": {"state_name": "s10e", "gmodel_type": "CEAGas", "rho": 0.04662306041332691, "p": 65672.0, "T": 4155.618776500144, "a": 1314.6, "h": 8066000.0, "u": 6657420.0, "s": 11073.7, "gamma": 1.3391401574502533, "R": 338.9527109661639, "Cp": 1338.4, "molecular_mass": 0.02453, "v": 407.15313747905014, "M": 0.3097163680808232, "Ht": 8148889.99993, "Ue": 4037.050903798465, "total_p": 69631.38182109864, "total_T": 4195.55, "pitot_p": 69631.38182109864, "unit_Re": 152324.87021474363, "k": 0.4576800000000001, "mu": 0.00012462, "composition_massf": {"e-": 0.0, "N-": 0.0, "O2+": 0.0, "N": 0.0017461, "N2": 0.7474, "O+": 0.0, "N2O": 2.584e-06, "N2+": 0.0, "O": 0.19337, "O2": 0.01906, "NO": 0.038411, "O-": 0.0, "N+": 0.0, "NO2": 4.1743e-06, "NO+": 7.5938e-06}, "composition_moles": {"e-": 0.0, "N-": 0.0, "O2+": 0.0, "N": 0.0030579531938286675,