{"states_dict": {"s4": {"state_name": "s4", "gmodel_type": "CEAGas", "rho": 19.756, "p": 20294288.55670388, "T": 3382.259765343284, "a": 1200.8, "h": 3039490.0, "u": 2012240.0, "s": 6665.7, "gamma": 1.4037775526310743, "R": 303.7152980713033, "Cp": 1055.9, "molecular_mass": 0.027376, "v": 0.0, "M": 0.0, "Ht": 3038490.0, "Ue": 2465.1531392593038, "total_p": 20292513.16247386, "total_T": 3382.26, "pitot_p": 20292513.16247386, "composition_massf": {"Ar": 0.80258, "O2": 0.17533, "H2": 0.022091}, "composition_moles": {"Ar": 0.5500007529788725, "O2": 0.15000044001650065, "H2": 0.2999996110879616}}, "s1": {"state_name": "s1", "gmodel_type": "CEAGas", "rho": 0.10463, "p": 8990.168467596168, "T": 298.15, "a": 346.7, "h": 7.000000000000001e-05, "u": -85925.0, "s": 7582.4, "gamma": 1.398557725608831, "R": 288.19792027729636, "Cp": 1011.3000000000001, "molecular_mass": 0.02885, "v": 0.0, "M": 0.0, "Ht": -10.11307, "Ue": null, "total_p": 8990.791550395526, "total_T": 298.14, "pitot_p": 8990.791550395526, "composition_massf": {"e-": 0.0, "N-": 0.0, "O2+": 0.0, "N": 0.0, "N2": 0.76708, "O+": 0.0, "N2O": 0.0, "N2+": 0.0, "O": 0.0, "O2": 0.23292, "NO": 0.0, "O-": 0.0, "N+": 0.0, "NO2": 0.0, "NO+": 0.0}, "composition_moles": {"e-": 0.0, "N-": 0.0, "O2+": 0.0, "N": 0.0, "N2": 0.7899882913177266, "O+": 0.0, "N2O": 0.0, "N2+": 0.0, "O": 0.0, "O2": 0.20999981249296848, "NO": 0.0, "O-": 0.0, "N+": 0.0, "NO2": 0.0, "NO+": 0.0}}, "s2": {"state_name": "s2", "gmodel_type": "CEAGas", "rho": 0.7519301447357066, "p": 643860.0, "T": 2947.8472623771395, "a": 1016.6, "h": 3456070.0, "u": 2599790.0, "s": 9076.9, "gamma": 1.1770718514690597, "R": 290.4733789826719, "Cp": 1930.9, "molecular_mass": 0.028624, "v": 2285.494597083917, "M": 2.2481748938460724, "Ht": 6067809.99993, "Ue": 3483.621678635612, "total_p": 7622412.269974703, "total_T": 4258.1, "pitot_p": 4087574.277811037, "unit_Re": 18865896.930334006, "k": 0.27248, "mu": 9.1092e-05, "composition_massf": {"e-": 0.0, "N-": 0.0, "O2+": 0.0, "N": 1.6647e-06, "N2": 0.74708, "O+": 0.0, "N2O": 8.8721e-06, "N2+": 0.0, "O": 0.0088152, "O2": 0.20123, "NO": 0.042762, "O-": 0.0, "N+": 0.0, "NO2": 9.3289e-05, "NO+": 0.0}, "composition_moles": {"e-": 0.0, "N-": 0.0, "O2+": 0.0, "N": 3.401969971513632e-06, "N2": 0.7633638872825147, "O+": 0.0, "N2O": 5.7700257743201974e-06, "N2+": 0.0, "O": 0.015770984211907948, "O2": 0.1800069852619473, "NO": 0.040792355154451926, "O-": 0.0, "N+": 0.0, "NO2": 5.804315431850539e-05, "NO+": 0.0}}, "s3": {"state_name": "s3", "gmodel_type": "CEAGas", "rho": 1.7846, "p": 643860.0000000003, "T": 1187.89, "a": 727.9, "h": 821840.0, "u": 461060.0, "s": 6665.7, "gamma": 1.4685628913604218, "R": 303.7152980713033, "Cp": 951.9, "molecular_mass": 0.027376, "v": 2285.4934137036607, "M": 3.1398453272477824, "Ht": 3432590.0, "Ue": 2620.148850733485, "total_p": 29201799.953227773, "total_T": 3753.46, "pitot_p": 8837739.26621825, "composition_massf": {"Ar": 0.80258, "O2": 0.17533, "H2": 0.022091}, "composition_moles": {"Ar": 0.5500007529788725, "O2": 0.15000044001650065, "H2": 0.2999996110879616}}, "s5": {"state_name": "s5", "gmodel_type": "CEAGas", "rho": 3.7825, "p": 5545314.344009082, "T": 4677.93593112212, "a": 1332.0, "h": 7363230.0, "u": 5897180.0, "s": 9464.5, "gamma": 1.12405507618005, "R": 313.4003015454203, "Cp": 2839.7000000000003, "molecular_mass": 0.02653, "v": 0.0, "M": 0.0, "Ht": 7363239.99993, "Ue": 3837.5096090902493, "total_p": 5545994.070762579, "total_T": 4677.96, "pitot_p": 5545994.070762579, "composition_massf": {"e-": 0.0, "N-": 0.0, "O2+": 0.0, "N": 0.00086262, "N2": 0.71772, "O+": 0.0, "N2O": 6.8495e-05, "N2+": 0.0, "O": 0.096093, "O2": 0.081381, "NO": 0.10367, "O-": 0.0, "N+": 0.0, "NO2": 0.00019173, "NO+": 7.0074e-06}, "composition_moles": {"e-": 0.0, "N-": 0.0, "O2+": 0.0, "N": 0.0016338829702927885, "N2": 0.6797144081046927, "O+": 0.0, "N2O": 4.128736072233532e-05, "N2+": 0.0, "O": 0.1593401808817831, "O2": 0.06747246552995738, "NO": 0.09166019909285113, "O-": 0.0, "N+": 0.0, "NO2": 0.00011056497375313822, "NO+": 6.195730900649272e-06}}, "s5d": {"state_name": "s5d", "gmodel_type": "CEAGas", "rho": 8.1143, "p": 12588913.716625882, "T": 5108.214650189748, "a": 1463.3, "h": 4904590.0, "u": 3353150.0, "s": 7255.6, "gamma": 1.380126549780183, "R": 303.7152980713033, "Cp": 1102.7, "molecular_mass": 0.027376, "v": 0.0, "M": 0.0, "Ht": 4903590.0, "Ue": 3131.641741962193, "total_p": 12588346.539698543, "total_T": 5108.21, "pitot_p": 12588346.539698543, "composition_massf": {"Ar": 0.80258, "O2": 0.17533, "H2": 0.022091}, "composition_moles": {"Ar": 0.5500007529788725, "O2": 0.15000044001650065, "H2": 0.2999996110879616}}, "s6": {"state_name": "s6", "gmodel_type": "CEAGas", "rho": 2.384, "p": 3180494.8496918776, "T": 4314.52, "a": 1264.6, "h": 6585620.0, "u": 5251540.0, "s": 9464.5, "gamma": 1.116492131834272, "R": 309.2045370026032, "Cp": 2963.5, "molecular_mass": 0.02689, "v": 1264.600600177136, "M": 1.0000004745983995, "Ht": 7385229.99993, "Ue": 3843.2356159699602, "total_p": 5629698.175003105, "total_T": 4688.46, "pitot_p": 5629812.545543793, "composition_massf": {"e-": 0.0, "N-": 0.0, "O2+": 0.0, "N": 0.00039536, "N2": 0.72193, "O+": 0.0, "N2O": 4.6764e-05, "N2+": 0.0, "O": 0.080489, "O2": 0.10127, "NO": 0.095699, "O-": 0.0, "N+": 0.0, "NO2": 0.00016612, "NO+": 2.992e-06}, "composition_moles": {"e-": 0.0, "N-": 0.0, "O2+": 0.0, "N": 0.0007590103593280358, "N2": 0.6929789921965915, "O+": 0.0, "N2O": 2.857086938345209e-05, "N2+": 0.0, "O": 0.1352768985086941, "O2": 0.08510163818643199, "NO": 0.08576076564431899, "O-": 0.0, "N+": 0.0, "NO2": 9.709636456510634e-05, "NO+": 2.681333161569562e-06}}, "s8": {"state_name": "s8", "gmodel_type": "CEAGas", "rho": 0.0047545, "p": 1466.2884898352465, "T": 1070.11, "a": 640.2, "h": 834220.0, "u": 525820.0, "s": 9464.5, "gamma": 1.3297073956953895, "R": 288.19792027729636, "Cp": 1162.3000000000002, "molecular_mass": 0.02885, "v": 3619.670520636978, "M": 5.653968323394217, "Ht": 7385229.99993, "Ue": 3843.2356159699602, "total_p": 5629705.463271048, "total_T": 4688.46, "pitot_p": 60504.060228415525, "unit_Re": 377546.96905356186, "k": 0.0701, "mu": 4.5583e-05, "composition_massf": {"e-": 0.0, "N-": 0.0, "O2+": 0.0, "N": 0.0, "N2": 0.76705, "O+": 0.0, "N2O": 0.0, "N2+": 0.0, "O": 0.0, "O2": 0.23288, "NO": 6.6939e-05, "O-": 0.0, "N+": 0.0, "NO2": 0.0, "NO+": 0.0}, "composition_moles": {"e-": 0.0, "N-": 0.0, "O2+": 0.0, "N": 0.0, "N2": 0.7899573953893495, "O+": 0.0, "N2O": 0.0, "N2+": 0.0, "O": 0.0, "O2": 0.20996374864057404, "NO": 6.435991848324175e-05, "O-": 0.0, "N+": 0.0, "NO2": 0.0, "NO+": 0.0}}, "s10f": {"state_name": "s10f", "gmodel_type": "IdealGas", "rho": 0.028279554148404853, "p": 53286.271204354045, "T": 6538.105590794717, "a": 1582.4595411512605, "h": 7611662.528803207, "u": 5727394.094982806, "s": 3780.0354467710354, "gamma": 1.32899227861254, "R": 288.19792027729636, "Cp": 1164.1999999999996, "molecular_mass": 0.02885, "v": 608.5505273697139, "M": 0.3845599281021651, "Ht": null, "Ue": null, "total_p": 58719.52930205135, "total_T": 6697.156331372781, "pitot_p": 58719.52930205135}, "s10e": {"state_name": "s10e", "gmodel_type": "CEAGas", "rho": 0.044240641656339, "p": 57065.0, "T": 3876.9084913725333, "a": 1243.7, "h": 7309570.0, "u": 6019680.0, "s": 10932.2, "gamma": 1.3329510410989514, "R": 332.7134853941577, "Cp": 1332.0, "molecular_mass": 0.02499, "v": 389.0025742405258, "M": 0.31277846284516025, "Ht": 7385239.99993, "Ue": 3843.238217943301, "total_p": 60504.060228415525, "total_T": 3908.75, "pitot_p": 60504.060228415525, "unit_Re": 146515.609487217, "k": 0.54881, "mu": 0.00011746000000000002, "composition_massf": {"e-": 0.0, "N-": 0.0, "O2+": 0.0, "N": 0.00067526, "N2": 0.74533, "O+": 0.0, "N2O": 2.7838e-06, "N2+": 0.0, "O": 0.17055, "O2": 0.0383, "NO": 0.045128, "O-": 0.0, "N+": 0.0, "NO2": 7.2334e-06, "NO+": 3.1802e-06}, "composition_moles": {"e-": 0.0, "N-": 0.0, "O2+": 0.0, "N": 0.001204762535072501, "N2": 0.6648888282036454, "O+": 0.0,