{"states_dict": {"s4": {"state_name": "s4", "gmodel_type": "CEAGas", "rho": 10.907, "p": 10664085.645150704, "T": 3219.178210197568, "a": 1172.7, "h": 2867720.0, "u": 1890010.0, "s": 6809.1, "gamma": 1.4066428155336597, "R": 303.7152980713033, "Cp": 1050.6, "molecular_mass": 0.027376, "v": 291.9998298243833, "M": 0.2489978935997129, "Ht": 2909350.0, "Ue": 2412.1981676470946, "total_p": 11134601.137174385, "total_T": 3259.73, "pitot_p": 11134601.137174385, "composition_massf": {"Ar": 0.80258, "O2": 0.17533, "H2": 0.022091}, "composition_moles": {"Ar": 0.5500007529788725, "O2": 0.15000044001650065, "H2": 0.2999996110879616}}, "s1": {"state_name": "s1", "gmodel_type": "CEAGas", "rho": 0.10463, "p": 8990.168467596168, "T": 298.15, "a": 346.7, "h": 7.000000000000001e-05, "u": -85925.0, "s": 7582.4, "gamma": 1.398557725608831, "R": 288.19792027729636, "Cp": 1011.3000000000001, "molecular_mass": 0.02885, "v": 0.0, "M": 0.0, "Ht": -10.11307, "Ue": null, "total_p": 8990.791550395526, "total_T": 298.14, "pitot_p": 8990.791550395526, "composition_massf": {"e-": 0.0, "N-": 0.0, "O2+": 0.0, "N": 0.0, "N2": 0.76708, "O+": 0.0, "N2O": 0.0, "N2+": 0.0, "O": 0.0, "O2": 0.23292, "NO": 0.0, "O-": 0.0, "N+": 0.0, "NO2": 0.0, "NO+": 0.0}, "composition_moles": {"e-": 0.0, "N-": 0.0, "O2+": 0.0, "N": 0.0, "N2": 0.7899882913177266, "O+": 0.0, "N2O": 0.0, "N2+": 0.0, "O": 0.0, "O2": 0.20999981249296848, "NO": 0.0, "O-": 0.0, "N+": 0.0, "NO2": 0.0, "NO+": 0.0}}, "s2": {"state_name": "s2", "gmodel_type": "CEAGas", "rho": 0.7376431199636768, "p": 609300.0, "T": 2849.838090842273, "a": 1001.4, "h": 3275670.0, "u": 2449660.0, "s": 9030.6, "gamma": 1.1896083008952525, "R": 289.8455692672384, "Cp": 1818.5, "molecular_mass": 0.028686, "v": 2218.9398406811074, "M": 2.215837667945983, "Ht": 5737499.99993, "Ue": 3387.4769371702, "total_p": 6839546.0894474285, "total_T": 4115.97, "pitot_p": 3784647.1274796594, "unit_Re": 18418789.25439392, "k": 0.24508000000000002, "mu": 8.886500000000001e-05, "composition_massf": {"e-": 0.0, "N-": 0.0, "O2+": 0.0, "N": 0.0, "N2": 0.74924, "O+": 0.0, "N2O": 7.6804e-06, "N2+": 0.0, "O": 0.0063914, "O2": 0.20612, "NO": 0.038146, "O-": 0.0, "N+": 0.0, "NO2": 8.8369e-05, "NO+": 0.0}, "composition_moles": {"e-": 0.0, "N-": 0.0, "O2+": 0.0, "N": 0.0, "N2": 0.767229206022832, "O+": 0.0, "N2O": 5.0058154536862005e-06, "N2+": 0.0, "O": 0.01145941100291261, "O2": 0.18478062677350401, "NO": 0.03646779008268319, "O-": 0.0, "N+": 0.0, "NO2": 5.510108865244372e-05, "NO+": 0.0}}, "s3": {"state_name": "s3", "gmodel_type": "CEAGas", "rho": 1.4796, "p": 609299.9999999994, "T": 1355.92, "a": 775.6, "h": 982710.0, "u": 570890.0, "s": 6809.1, "gamma": 1.4608137575982774, "R": 303.7152980713033, "Cp": 962.8, "molecular_mass": 0.027376, "v": 2218.935333771058, "M": 2.8609274545784658, "Ht": 3443540.0, "Ue": 2624.324675035465, "total_p": 18387668.35581684, "total_T": 3763.72, "pitot_p": 6959114.554421682, "composition_massf": {"Ar": 0.80258, "O2": 0.17533, "H2": 0.022091}, "composition_moles": {"Ar": 0.5500007529788725, "O2": 0.15000044001650065, "H2": 0.2999996110879616}}, "s5": {"state_name": "s5", "gmodel_type": "CEAGas", "rho": 3.6657, "p": 5155460.848249418, "T": 4529.547412194638, "a": 1302.1, "h": 6977310.0, "u": 5570920.0, "s": 9403.4, "gamma": 1.1220221362285865, "R": 310.4977966987826, "Cp": 2855.1000000000004, "molecular_mass": 0.026778, "v": 0.0, "M": 0.0, "Ht": 6977319.99993, "Ue": 3735.5909840157824, "total_p": 5156046.398639319, "total_T": 4529.57, "pitot_p": 5156046.398639319, "composition_massf": {"e-": 0.0, "N-": 0.0, "O2+": 0.0, "N": 0.00059102, "N2": 0.71842, "O+": 0.0, "N2O": 6.4903e-05, "N2+": 0.0, "O": 0.085234, "O2": 0.092724, "NO": 0.10276, "O-": 0.0, "N+": 0.0, "NO2": 0.00020405, "NO+": 4.7624e-06}, "composition_moles": {"e-": 0.0, "N-": 0.0, "O2+": 0.0, "N": 0.0011299116537085822, "N2": 0.6867374456510097, "O+": 0.0, "N2O": 3.9487888387014686e-05, "N2+": 0.0, "O": 0.14265510281635563, "O2": 0.07759551208170307, "NO": 0.09170492933103602, "O-": 0.0, "N+": 0.0, "NO2": 0.00011876951451456892, "NO+": 4.25013176728357e-06}}, "s5d": {"state_name": "s5d", "gmodel_type": "CEAGas", "rho": 6.4815, "p": 10049285.173287222, "T": 5104.9460544635685, "a": 1462.8, "h": 4900990.0, "u": 3350540.0, "s": 7323.299999999999, "gamma": 1.3801741319342613, "R": 303.7152980713033, "Cp": 1102.6000000000001, "molecular_mass": 0.027376, "v": 0.0, "M": 0.0, "Ht": 4899990.0, "Ue": 3130.4919741152507, "total_p": 10049738.251278782, "total_T": 5104.95, "pitot_p": 10049738.251278782, "composition_massf": {"Ar": 0.80258, "O2": 0.17533, "H2": 0.022091}, "composition_moles": {"Ar": 0.5500007529788725, "O2": 0.15000044001650065, "H2": 0.2999996110879616}}, "s6": {"state_name": "s6", "gmodel_type": "CEAGas", "rho": 2.3081, "p": 2959060.737420672, "T": 4183.41, "a": 1237.8, "h": 6231660.0, "u": 4949640.0, "s": 9403.4, "gamma": 1.116619613267891, "R": 306.45792635730345, "Cp": 2934.2999999999997, "molecular_mass": 0.027131, "v": 1237.8009462224643, "M": 1.000000764438895, "Ht": 6997729.99993, "Ue": 3741.050654543453, "total_p": 5231376.88954743, "total_T": 4539.22, "pitot_p": 5231476.452884188, "composition_massf": {"e-": 0.0, "N-": 0.0, "O2+": 0.0, "N": 0.0002671, "N2": 0.72307, "O+": 0.0, "N2O": 4.3799e-05, "N2+": 0.0, "O": 0.070038, "O2": 0.11287, "NO": 0.093532, "O-": 0.0, "N+": 0.0, "NO2": 0.00017303, "NO+": 1.9909e-06}, "composition_moles": {"e-": 0.0, "N-": 0.0, "O2+": 0.0, "N": 0.0005173731214347419, "N2": 0.7002938654358272, "O+": 0.0, "N2O": 2.6999206344517956e-05, "N2+": 0.0, "O": 0.11876701488805831, "O2": 0.09569971280173008, "NO": 0.0845700271611439, "O-": 0.0, "N+": 0.0, "NO2": 0.0001020416456728, "NO+": 1.8001704811197034e-06}}, "s8": {"state_name": "s8", "gmodel_type": "CEAGas", "rho": 0.0046093, "p": 1311.2659232787664, "T": 987.13, "a": 616.3, "h": 738290.0, "u": 453800.0, "s": 9403.4, "gamma": 1.335698569734839, "R": 288.19792027729636, "Cp": 1146.7, "molecular_mass": 0.02885, "v": 3538.2045139405423, "M": 5.741042534383486, "Ht": 6997729.99993, "Ue": 3741.050654543453, "total_p": 5231382.5125865005, "total_T": 4539.22, "pitot_p": 55975.41234309805, "unit_Re": 377716.05405901617, "k": 0.06572, "mu": 4.3177000000000004e-05, "composition_massf": {"e-": 0.0, "N-": 0.0, "O2+": 0.0, "N": 0.0, "N2": 0.76707, "O+": 0.0, "N2O": 0.0, "N2+": 0.0, "O": 0.0, "O2": 0.2329, "NO": 2.8221e-05, "O-": 0.0, "N+": 0.0, "NO2": 0.0, "NO+": 0.0}, "composition_moles": {"e-": 0.0, "N-": 0.0, "O2+": 0.0, "N": 0.0, "N2": 0.7899779926749343, "O+": 0.0, "N2O": 0.0, "N2+": 0.0, "O": 0.0, "O2": 0.20998178056677128, "NO": 2.7133677818843502e-05, "O-": 0.0, "N+": 0.0, "NO2": 0.0, "NO+": 0.0}}, "s10f": {"state_name": "s10f", "gmodel_type": "IdealGas", "rho": 0.027181770090288798, "p": 49228.8281842073, "T": 6284.213348984213, "a": 1555.111763564831, "h": 7212391.660629183, "u": 5401294.442873109, "s": 3706.4550199803843, "gamma": 1.335307996427741, "R": 288.19792027729636, "Cp": 1147.7000000000003, "molecular_mass": 0.02885, "v": 599.9717186758594, "M": 0.38580617337787065, "Ht": null, "Ue": null, "total_p": 54306.1545868464, "total_T": 6441.033974239447, "pitot_p": 54306.1545868464}, "s10e": {"state_name": "s10e", "gmodel_type": "CEAGas", "rho": 0.042720690340020274, "p": 52789.0, "T": 3755.1454069196916, "a": 1211.0, "h": 6924870.0, "u": 5689190.0, "s": 10857.2, "gamma": 1.3290547794200394, "R": 329.06597538291055, "Cp": 1329.1, "molecular_mass": 0.025266999999999998, "v": 381.7505273511084, "M": 0.31523577815946197, "Ht": 6997719.99993, "Ue": 3741.047981496629, "total_p": 55975.41234309805, "total_T": 3783.85, "pitot_p": 55975.41234309805, "unit_Re": 142782.7531614966, "k": 0.60634, "mu": 0.00011422000000000001, "composition_massf": {"e-": 0.0, "N-": 0.0, "O2+": 0.0, "N": 0.00042856, "N2": 0.74449, "O+": 0.0, "N2O": 2.8007e-06, "N2+": 0.0, "O": 0.1568, "O2": 0.050808, "NO": 0.047456, "O-": 0.0, "N+": 0.0, "NO2": 8.9045e-06, "NO+": 2.0713e-06}, "composition_moles": {"e-": 0.0, "N-": 0.0, "O2+": 0.0,