driver_condition,area_ratio,test_gas_gas_model,test_gas_name,p1,vs1,Ht,h,Ue,pitot_p,total_p,p2,T2,rho2,v2,M2,a2,gamma2,R2,Ht2,h2,p3,T3,rho3,v3,M3,a3,p5,T5,rho5,v5,M5,a5,p5d,T5d,rho5d,v5d,M5d,a5d,p8,T8,rho8,v8,M8,a8,gamma8,R8,unit_Re8,p10f,T10f,rho10f,v10f,M10f,a10f,p10e,T10e,rho10e,v10e,M10e,a10e,unit_Re10e,s2 Xe-,s2 XN-,s2 XO2+,s2 XN,s2 XN2,s2 XO+,s2 XN2O,s2 XN2+,s2 XO,s2 XO2,s2 XNO,s2 XO-,s2 XN+,s2 XNO2,s2 XNO+,s8 Xe-,s8 XN-,s8 XO2+,s8 XN,s8 XN2,s8 XO+,s8 XN2O,s8 XN2+,s8 XO,s8 XO2,s8 XNO,s8 XO-,s8 XN+,s8 XNO2,s8 XNO+,s10e Xe-,s10e XN-,s10e XO2+,s10e XN,s10e XN2,s10e XO+,s10e XN2O,s10e XN2+,s10e XO,s10e XO2,s10e XNO,s10e XO-,s10e XN+,s10e XNO2,s10e XNO+
custom_from_dict,175.0,CEAGas,n2-o2-with-ions,8990.168467596168,2784.9546940725972,8148889.99993,1035079.9999999999,4037.050903798465,69631.38182109864,6443686.482033193,711630.0,3124.4389091177886,0.7799282023788262,2411.3436248074263,2.308168493163038,1044.7,1.1559707906726049,292.0343507428612,6715479.99993,3808190.0,711630.0000000003,1480.46,1.5827,2411.3351962565803,2.9810053112332553,808.9,6344974.67475572,4975.5937505130505,3.9972,0.0,0.0,1391.7,12544014.95466495,5799.763061797393,7.1213,0.0,0.0,1555.8,1798.9370285479486,1240.34,0.0050326,3771.951938592646,5.496068685112409,686.3,1.319899272922095,288.19792027729636,377382.6628926135,61537.05551888267,7029.43515622419,0.030375640226206743,624.9209427165686,0.38247012622374565,1633.9078528475418,65672.0,4155.618776500144,0.04662306041332691,407.15313747905014,0.3097163680808232,1314.6,152324.87021474363,0.0,0.0,0.0,9.795437112239142e-06,0.7552792213726287,0.0,7.261227983677477e-06,0.0,0.0263295446079228,0.16972021607060267,0.04858157744591934,0.0,0.0,6.249875101889991e-05,0.0,0.0,0.0,0.0,0.0,0.7898544089614257,0.0,0.0,0.0,0.0,0.20986457304648926,0.00026370269711825265,0.0,0.0,0.0,0.0,0.0,0.0,0.0,0.0030579531938286675,0.6544625786230874,0.0,1.44016104405991e-06,0.0,0.2964714989312099,0.014611229171093917,0.031401009461409515,0.0,0.0,2.225724728565063e-06,6.208048354678795e-06