{"states_dict": {"s4": {"state_name": "s4", "gmodel_type": "CEAGas", "rho": 33.429, "p": 37310000.0, "T": 3861.0, "a": 1256.6, "h": 3288120.0, "u": 2172010.0, "s": 6232.3, "gamma": 1.4148350213656617, "R": 289.06963807669575, "Cp": 985.9, "molecular_mass": 0.028763, "v": 0.0, "M": 0.0, "Ht": 3287120.0, "Ue": 2564.028080969473, "total_p": 37307663.26738406, "total_T": 3861.0, "pitot_p": 37307663.26738406, "composition_massf": {"Ar": 0.83332, "O2": 0.14796, "H2": 0.018713}, "composition_moles": {"Ar": 0.5999995784519876, "O2": 0.1329979086715752, "H2": 0.26700102139016213}}, "s1": {"state_name": "s1", "gmodel_type": "CEAGas", "rho": 2.5073, "p": 215443.46900318866, "T": 298.15, "a": 346.7, "h": 7.000000000000001e-05, "u": -85925.0, "s": 6667.0, "gamma": 1.398557725608831, "R": 288.19792027729636, "Cp": 1011.3000000000001, "molecular_mass": 0.02885, "v": 0.0, "M": 0.0, "Ht": -10.11307, "Ue": null, "total_p": 215403.42981032154, "total_T": 298.14, "pitot_p": 215403.42981032154, "composition_massf": {"e-": 0.0, "N-": 0.0, "O2+": 0.0, "N": 0.0, "N2": 0.76708, "O+": 0.0, "N2O": 0.0, "N2+": 0.0, "O": 0.0, "O2": 0.23292, "NO": 0.0, "O-": 0.0, "N+": 0.0, "NO2": 0.0, "NO+": 0.0}, "composition_moles": {"e-": 0.0, "N-": 0.0, "O2+": 0.0, "N": 0.0, "N2": 0.7899882913177266, "O+": 0.0, "N2O": 0.0, "N2+": 0.0, "O": 0.0, "O2": 0.20999981249296848, "NO": 0.0, "O-": 0.0, "N+": 0.0, "NO2": 0.0, "NO+": 0.0}}, "s2": {"state_name": "s2", "gmodel_type": "CEAGas", "rho": 13.895421922294606, "p": 6168200.0, "T": 1540.3179386963973, "a": 759.9, "h": 1401280.0, "u": 957390.0, "s": 7498.1, "gamma": 1.3008500889058074, "R": 288.18793109424286, "Cp": 1246.1, "molecular_mass": 0.028850999999999998, "v": 1394.9089653636438, "M": 1.8356480660134804, "Ht": 2374159.99993, "Ue": 2179.064019220179, "total_p": 36687750.14804784, "total_T": 2282.19, "pitot_p": 28536822.103046086, "unit_Re": 333439680.3185835, "k": 0.09554000000000001, "mu": 5.813000000000001e-05, "composition_massf": {"e-": 0.0, "N-": 0.0, "O2+": 0.0, "N": 0.0, "N2": 0.76633, "O+": 0.0, "N2O": 1.079e-06, "N2+": 0.0, "O": 0.0, "O2": 0.23203, "NO": 0.0015403, "O-": 0.0, "N+": 0.0, "NO2": 8.8501e-05, "NO+": 0.0}, "composition_moles": {"e-": 0.0, "N-": 0.0, "O2+": 0.0, "N": 0.0, "N2": 0.7892432489451476, "O+": 0.0, "N2O": 7.072994447069943e-07, "N2+": 0.0, "O": 0.0, "O2": 0.20920464298661198, "NO": 0.0014810053722409777, "O-": 0.0, "N+": 0.0, "NO2": 5.550080644705524e-05, "NO+": 0.0}}, "s3": {"state_name": "s3", "gmodel_type": "CEAGas", "rho": 9.4961, "p": 6168199.999999996, "T": 2247.02, "a": 969.3, "h": 1733360.0, "u": 1083810.0, "s": 6232.3, "gamma": 1.4463497313779876, "R": 289.06963807669575, "Cp": 936.6999999999999, "molecular_mass": 0.028763, "v": 1394.9167174818294, "M": 1.4390969952355612, "Ht": 2705260.0, "Ue": 2326.052449967541, "total_p": 21182502.620852154, "total_T": 3266.25, "pitot_p": 20083578.456650153, "composition_massf": {"Ar": 0.83332, "O2": 0.14796, "H2": 0.018713}, "composition_moles": {"Ar": 0.5999995784519876, "O2": 0.1329979086715752, "H2": 0.26700102139016213}}, "s5": {"state_name": "s5", "gmodel_type": "CEAGas", "rho": 53.611, "p": 42655685.4479027, "T": 2760.1295329983755, "a": 995.6, "h": 3054510.0, "u": 2258860.0, "s": 7725.0, "gamma": 1.2434012007098962, "R": 288.2678639531255, "Cp": 1472.6, "molecular_mass": 0.028843, "v": 0.0, "M": 0.0, "Ht": 3054509.99993, "Ue": 2471.6431781023734, "total_p": 42663179.70656939, "total_T": 2760.13, "pitot_p": 42663179.70656939, "composition_massf": {"e-": 0.0, "N-": 0.0, "O2+": 0.0, "N": 0.0, "N2": 0.75081, "O+": 0.0, "N2O": 5.7781e-05, "N2+": 0.0, "O": 0.00054542, "O2": 0.21355, "NO": 0.034304, "O-": 0.0, "N+": 0.0, "NO2": 0.00073025, "NO+": 0.0}, "composition_moles": {"e-": 0.0, "N-": 0.0, "O2+": 0.0, "N": 0.0, "N2": 0.7730447867806121, "O+": 0.0, "N2O": 3.7865743215610004e-05, "N2+": 0.0, "O": 0.000983258688450817, "O2": 0.19248917615660588, "NO": 0.03297430429146074, "O-": 0.0, "N+": 0.0, "NO2": 0.00045782788470943696, "NO+": 0.0}}, "s5d": {"state_name": "s5d", "gmodel_type": "CEAGas", "rho": 27.601, "p": 34335610.677029364, "T": 4303.491253817007, "a": 1323.8, "h": 3726720.0, "u": 2482710.0, "s": 6363.8, "gamma": 1.4086769826912073, "R": 289.06963807669575, "Cp": 996.4, "molecular_mass": 0.028763, "v": 0.0, "M": 0.0, "Ht": 3725720.0, "Ue": 2729.7325876356463, "total_p": 34339745.30837362, "total_T": 4303.49, "pitot_p": 34339745.30837362, "composition_massf": {"Ar": 0.83332, "O2": 0.14796, "H2": 0.018713}, "composition_moles": {"Ar": 0.5999995784519876, "O2": 0.1329979086715752, "H2": 0.26700102139016213}}, "s6": {"state_name": "s6", "gmodel_type": "CEAGas", "rho": 33.251, "p": 23461210.001379643, "T": 2448.22, "a": 941.8, "h": 2606030.0, "u": 1900460.0, "s": 7725.0, "gamma": 1.256357754068898, "R": 288.19792027729636, "Cp": 1412.4, "molecular_mass": 0.02885, "v": 947.0797220931298, "M": 1.0056059907550752, "Ht": 3054509.99993, "Ue": 2471.6431781023734, "total_p": 42662888.05545964, "total_T": 2760.13, "pitot_p": 42662611.51573282, "composition_massf": {"e-": 0.0, "N-": 0.0, "O2+": 0.0, "N": 0.0, "N2": 0.75706, "O+": 0.0, "N2O": 2.6291e-05, "N2+": 0.0, "O": 0.00018042, "O2": 0.22114, "NO": 0.021125, "O-": 0.0, "N+": 0.0, "NO2": 0.00045824, "NO+": 0.0}, "composition_moles": {"e-": 0.0, "N-": 0.0, "O2+": 0.0, "N": 0.0, "N2": 0.7796690512397638, "O+": 0.0, "N2O": 1.7233517294968738e-05, "N2+": 0.0, "O": 0.00032533201245046694, "O2": 0.19937900796279862, "NO": 0.02031107841405581, "O-": 0.0, "N+": 0.0, "NO2": 0.000287361815435111, "NO+": 0.0}}, "s8": {"state_name": "s8", "gmodel_type": "CEAGas", "rho": 0.072947, "p": 6611.680285158619, "T": 314.5, "a": 356.0, "h": 16542.0, "u": -74095.0, "s": 7725.0, "gamma": 1.3980622823454838, "R": 288.19792027729636, "Cp": 1012.2, "molecular_mass": 0.02885, "v": 2464.9413786132927, "M": 6.923992636554193, "Ht": 3054509.99993, "Ue": 2471.6431781023734, "total_p": 42663064.930949025, "total_T": 2760.13, "pitot_p": 418422.91678104264, "unit_Re": 9281478.281407312, "k": 0.027460000000000002, "mu": 1.9373000000000002e-05, "composition_massf": {"e-": 0.0, "N-": 0.0, "O2+": 0.0, "N": 0.0, "N2": 0.76708, "O+": 0.0, "N2O": 0.0, "N2+": 0.0, "O": 0.0, "O2": 0.23292, "NO": 0.0, "O-": 0.0, "N+": 0.0, "NO2": 0.0, "NO+": 0.0}, "composition_moles": {"e-": 0.0, "N-": 0.0, "O2+": 0.0, "N": 0.0, "N2": 0.7899882913177266, "O+": 0.0, "N2O": 0.0, "N2+": 0.0, "O": 0.0, "O2": 0.20999981249296848, "NO": 0.0, "O-": 0.0, "N+": 0.0, "NO2": 0.0, "NO+": 0.0}}, "s10f": {"state_name": "s10f", "gmodel_type": "IdealGas", "rho": 0.3977695829442392, "p": 368546.0109056652, "T": 3214.9135739725943, "a": 1138.1338286790158, "h": 3254135.5195750603, "u": 2327604.1136849085, "s": 2034.8396491188962, "gamma": 1.398062282345484, "R": 288.19792027729636, "Cp": 1012.2000000000002, "molecular_mass": 0.02885, "v": 452.0384506321116, "M": 0.39717512935783106, "Ht": null, "Ue": null, "total_p": 410814.0640570906, "total_T": 3315.851511558982, "pitot_p": 410814.0640570906}, "s10e": {"state_name": "s10e", "gmodel_type": "CEAGas", "rho": 0.49710938698004403, "p": 384800.0, "T": 2676.2313566018206, "a": 973.3, "h": 2989090.0, "u": 2215020.0, "s": 9060.0, "gamma": 1.2881859992661517, "R": 289.24058999512977, "Cp": 1292.8999999999999, "molecular_mass": 0.028745999999999997, "v": 361.71129223299533, "M": 0.3716339178393048, "Ht": 3054509.99993, "Ue": 2471.6431781023734, "total_p": 418422.91678104264, "total_T": 2716.08, "pitot_p": 418422.91678104264, "unit_Re": 2116483.3827195386, "k": 0.21304, "mu": 8.4957e-05, "composition_massf": {"e-": 0.0, "N-": 0.0, "O2+": 0.0, "N": 0.0, "N2": 0.75293, "O+": 0.0, "N2O": 4.8262e-06, "N2+": 0.0, "O": 0.0040443, "O2": 0.21269, "NO": 0.030269, "O-": 0.0, "N+": 0.0, "NO2": 6.5615e-05, "NO+": 0.0}, "composition_moles": {"e-": 0.0, "N-": 0.0, "O2+": 0.0, "N": 0.0, "N2": 0.7726204523549444, "O+": 0.0, "N2O": 3.1521272266249817e-06, "N2+": 0.0, "O": 0.007266362976111604, "O2": 0.19106925072190206, "NO": 0.028997859568554392, "O-": 0.0, "N+": 0.0,