driver_condition,area_ratio,test_gas_gas_model,test_gas_name,accelerator_gas_gas_model,accelerator_gas_name,p1,p5,vs1,vs2,Ht,h,Ue,pitot_p,total_p,basic_test_time_us,p2,T2,rho2,v2,M2,a2,gamma2,R2,Ht2,h2,p3,T3,rho3,v3,M3,a3,p7,T7,rho7,v7,M7,a7,p6,T6,rho6,v6,M6,a6,p8,T8,rho8,v8,M8,a8,gamma8,R8,unit_Re8,p10f,T10f,rho10f,v10f,M10f,a10f,p10e,T10e,rho10e,v10e,M10e,a10e,unit_Re10e,s2 Xe-,s2 XN-,s2 XO2+,s2 XN,s2 XN2,s2 XO+,s2 XN2O,s2 XN2+,s2 XO,s2 XO2,s2 XNO,s2 XO-,s2 XN+,s2 XNO2,s2 XNO+,s7 Xe-,s7 XN-,s7 XO2+,s7 XN,s7 XN2,s7 XO+,s7 XN2O,s7 XN2+,s7 XO,s7 XO2,s7 XNO,s7 XO-,s7 XN+,s7 XNO2,s7 XNO+,s8 Xe-,s8 XN-,s8 XO2+,s8 XN,s8 XN2,s8 XO+,s8 XN2O,s8 XN2+,s8 XO,s8 XO2,s8 XNO,s8 XO-,s8 XN+,s8 XNO2,s8 XNO+,s10e Xe-,s10e XN-,s10e XO2+,s10e XN,s10e XN2,s10e XO+,s10e XN2O,s10e XN2+,s10e XO,s10e XO2,s10e XNO,s10e XO-,s10e XN+,s10e XNO2,s10e XNO+
custom_from_dict,16,CEAGas,n2-o2-with-ions,CEAGas,air13species,34437.08609271523,34.85535029627048,3659.9965201495406,8222.398164267865,35228999.99993,324160.0,8393.926375651623,99945.22559894531,33147075000.022034,64.3892065056653,4797200.0,4389.693803843719,3.5509621243305562,3246.9103328047318,2.548595237680323,1274.0,1.1212836400546637,307.75104563793167,11883699.99993,6612470.0,4797200.000000004,3081.47,1.6362,3246.915541734712,1.7236903656286626,1883.7,10759.11884410603,1559.44,0.02394,8222.39816426786,10.759484643114183,764.2,25962.0,7098.143987151083,0.0070000576355132215,7744.116947333124,3.741119298228562,2070.0,259.952693365726,612.58,0.0014725,8355.230192625184,16.97182651355918,492.3,1.372925911872167,288.19792027729636,394506.39577504597,86596.12941738336,32667.640443040455,0.009197925157597582,1337.547498828972,0.3720329089669628,3595.239739793419,96729.0,7684.644421761776,0.02392770677322886,514.1769988758675,0.23690425676182617,2170.4,57877.76477697032,0.0,0.0,0.0,0.0007800127531824056,0.6938311715107769,0.0,3.748623482259706e-05,0.0,0.12650509219095715,0.08778321343300374,0.09093874245570067,0.0,0.0,0.00012561403093108432,2.8971272029348537e-06,0.0,0.0,0.0,0.0,0.7891746985371287,0.0,0.0,0.0,1.2296511431678688e-05,0.20917935985099442,0.0016164253268502074,0.0,0.0,2.39589418656465e-06,0.0,0.0,0.0,0.0,0.0,0.7899882913177266,0.0,0.0,0.0,0.0,0.20999981249296848,0.0,0.0,0.0,0.0,0.0,0.0,0.0,0.0,0.6716281529553713,0.09569299156832087,0.0002641106317169744,0.0,4.436402911129568e-05,0.22826239421478303,1.3446114073027738e-05,0.001156954169318905,0.0,0.000928948411909927,0.0,0.00037492005229405645