{"states_dict": {"s4": {"state_name": "s4", "gmodel_type": "CEAGas", "rho": 8.0467, "p": 32581731.483155813, "T": 4057.986544786996, "a": 2208.4, "h": 7916130.0, "u": 3867050.0, "s": 21543.0, "gamma": 1.11067864146406, "R": 997.7811112444498, "Cp": 10012.9, "molecular_mass": 0.008333, "v": 0.0, "M": 0.0, "Ht": 7915120.0, "Ue": 3978.723413357606, "total_p": 32580446.20885763, "total_T": 4057.98, "pitot_p": 32580446.20885763, "composition_massf": {"H2O": 0.49042, "OH": 0.11598, "He": 0.28943, "HO2": 0.00067522, "O": 0.022637, "O2": 0.063001, "H2": 0.01481, "H": 0.0029233, "H2O2": 0.00012244}, "composition_moles": {"H2O": 0.22684464854279257, "OH": 0.056826131540852365, "He": 0.6025630802163193, "HO2": 0.00017046846371377485, "O": 0.011790074690300887, "O2": 0.016406469398852458, "H2": 0.061219779947219076, "H": 0.024167965255868406, "H2O2": 2.9995652465347318e-05}}, "s1": {"state_name": "s1", "gmodel_type": "CEAGas", "rho": 0.40078, "p": 34437.08609271523, "T": 298.15, "a": 346.7, "h": 7.000000000000001e-05, "u": -85925.0, "s": 7195.400000000001, "gamma": 1.398557725608831, "R": 288.19792027729636, "Cp": 1011.3000000000001, "molecular_mass": 0.02885, "v": 0.0, "M": 0.0, "Ht": -10.11307, "Ue": null, "total_p": 34433.050023786964, "total_T": 298.14, "pitot_p": 34433.050023786964, "composition_massf": {"e-": 0.0, "N-": 0.0, "O2+": 0.0, "N": 0.0, "N2": 0.76708, "O+": 0.0, "N2O": 0.0, "N2+": 0.0, "O": 0.0, "O2": 0.23292, "NO": 0.0, "O-": 0.0, "N+": 0.0, "NO2": 0.0, "NO+": 0.0}, "composition_moles": {"e-": 0.0, "N-": 0.0, "O2+": 0.0, "N": 0.0, "N2": 0.7899882913177266, "O+": 0.0, "N2O": 0.0, "N2+": 0.0, "O": 0.0, "O2": 0.20999981249296848, "NO": 0.0, "O-": 0.0, "N+": 0.0, "NO2": 0.0, "NO+": 0.0}}, "s2": {"state_name": "s2", "gmodel_type": "CEAGas", "rho": 3.5509621243305562, "p": 4797200.0, "T": 4389.693803843719, "a": 1274.0, "h": 6612470.0, "u": 5261520.0, "s": 9343.9, "gamma": 1.1212836400546637, "R": 307.75104563793167, "Cp": 2845.2000000000003, "molecular_mass": 0.027017, "v": 3246.9103328047318, "M": 2.548595237680323, "Ht": 11883699.99993, "Ue": 4875.182047868571, "total_p": 92134397.7233939, "total_T": 7077.28, "pitot_p": 38043207.28069381, "unit_Re": 92488814.47847846, "k": 0.56586, "mu": 0.00012466, "composition_massf": {"e-": 0.0, "N-": 0.0, "O2+": 0.0, "N": 0.00040439, "N2": 0.71942, "O+": 0.0, "N2O": 6.1068e-05, "N2+": 0.0, "O": 0.074916, "O2": 0.10397, "NO": 0.101, "O-": 0.0, "N+": 0.0, "NO2": 0.0002139, "NO+": 3.2176e-06}, "composition_moles": {"e-": 0.0, "N-": 0.0, "O2+": 0.0, "N": 0.0007800127531824056, "N2": 0.6938311715107769, "O+": 0.0, "N2O": 3.748623482259706e-05, "N2+": 0.0, "O": 0.12650509219095715, "O2": 0.08778321343300374, "NO": 0.09093874245570067, "O-": 0.0, "N+": 0.0, "NO2": 0.00012561403093108432, "NO+": 2.8971272029348537e-06}}, "s3": {"state_name": "s3", "gmodel_type": "CEAGas", "rho": 1.6362, "p": 4797200.000000004, "T": 3081.47, "a": 1883.7, "h": 1283610.0, "u": -1648350.0, "s": 21543.0, "gamma": 1.1511484444785012, "R": 951.5346761272604, "Cp": 7246.900000000001, "molecular_mass": 0.008738, "v": 3246.915541734712, "M": 1.7236903656286626, "Ht": 6553840.0, "Ue": 3620.453010328956, "total_p": 23048030.242754646, "total_T": 3866.42, "pitot_p": 18991541.80340708, "composition_massf": {"H2O": 0.62794, "OH": 0.039801, "He": 0.28943, "HO2": 8.0484e-05, "O": 0.00368, "O2": 0.032163, "H2": 0.0063266, "H": 0.00055651, "H2O2": 1.5148e-05}, "composition_moles": {"H2O": 0.30457143713558715, "OH": 0.020448884893228454, "He": 0.6318488173443175, "HO2": 2.130683587655127e-05, "O": 0.002009815368076303, "O2": 0.008782838543945397, "H2": 0.02742317538742385, "H": 0.004824478024485583, "H2O2": 3.89135584988599e-06}}, "s5": {"state_name": "s5", "gmodel_type": "CEAGas", "rho": 0.00040718, "p": 34.85535029627048, "T": 298.15, "a": 346.2, "h": 7.000000000000001e-05, "u": -85601.0, "s": 9150.4, "gamma": 1.3999978043324515, "R": 287.11315998480615, "Cp": 1004.8999999999999, "molecular_mass": 0.028959, "v": 0.0, "M": 0.0, "Ht": -10.04807, "Ue": null, "total_p": 34.85272563065159, "total_T": 298.14, "pitot_p": 34.85272563065159, "composition_massf": {"e-": 0.0, "O+": 0.0, "N2": 0.75566, "N": 0.0, "O2+": 0.0, "N2+": 0.0, "Ar": 0.01283, "O": 0.0, "O2": 0.23151, "NO": 0.0, "Ar+": 0.0, "N+": 0.0, "NO+": 0.0}, "composition_moles": {"e-": 0.0, "O+": 0.0, "N2": 0.7811675105485232, "N": 0.0, "O2+": 0.0, "N2+": 0.0, "Ar": 0.009300690147191348, "O": 0.0, "O2": 0.20951717220645774, "NO": 0.0, "Ar+": 0.0, "N+": 0.0, "NO+": 0.0}}, "s6": {"state_name": "s6", "gmodel_type": "CEAGas", "rho": 0.0070000576355132215, "p": 25962.0, "T": 7098.143987151083, "a": 2070.0, "h": 33689600.0, "u": 29980700.0, "s": 15635.0, "gamma": 1.0468402103094014, "R": 522.4979576446931, "Cp": 11677.4, "molecular_mass": 0.015913, "v": 7744.116947333124, "M": 3.741119298228562, "Ht": 63675299.99993, "Ue": 11284.972308333769, "total_p": 4225042.338132951, "total_T": 14704.71, "pitot_p": 415501.45975320035, "composition_massf": {"e-": 0.0, "O+": 0.00020304, "N2": 0.16536, "N": 0.58876, "O2+": 0.0, "N2+": 4.2753e-05, "Ar": 0.012826, "O": 0.23022, "O2": 1.4253e-05, "NO": 0.0014071, "Ar+": 4.2007e-06, "N+": 0.0005588, "NO+": 0.00060282}, "composition_moles": {"e-": 0.0, "O+": 0.00020195046751918705, "N2": 0.09393267793270363, "N": 0.6688897370544096, "O2+": 0.0, "N2+": 2.4286299144827508e-05, "Ar": 0.005109145338940624, "O": 0.2289767653787017, "O2": 7.088015456829631e-06, "NO": 0.0007462210117276156, "Ar+": 1.67334177168559e-06, "N+": 0.0006348770726553762, "NO+": 0.0003196966631981307}}, "s7": {"state_name": "s7", "gmodel_type": "CEAGas", "rho": 0.02394, "p": 10759.11884410603, "T": 1559.44, "a": 764.2, "h": 1425180.0, "u": 975760.0, "s": 9343.9, "gamma": 1.299487994830421, "R": 288.19792027729636, "Cp": 1250.5, "molecular_mass": 0.02885, "v": 8222.39816426786, "M": 10.759484643114183, "Ht": 35228999.99993, "Ue": 8393.926375651623, "total_p": 33147075000.53603, "total_T": 17262.14, "pitot_p": 1572281.5143970973, "unit_Re": 3358371.215473914, "k": 0.09678, "mu": 5.861300000000001e-05, "composition_massf": {"e-": 0.0, "N-": 0.0, "O2+": 0.0, "N": 0.0, "N2": 0.76629, "O+": 0.0, "N2O": 0.0, "N2+": 0.0, "O": 6.8193e-06, "O2": 0.23201, "NO": 0.0016812, "O-": 0.0, "N+": 0.0, "NO2": 3.8206e-06, "NO+": 0.0}, "composition_moles": {"e-": 0.0, "N-": 0.0, "O2+": 0.0, "N": 0.0, "N2": 0.7891746985371287, "O+": 0.0, "N2O": 0.0, "N2+": 0.0, "O": 1.2296511431678688e-05, "O2": 0.20917935985099442, "NO": 0.0016164253268502074, "O-": 0.0, "N+": 0.0, "NO2": 2.39589418656465e-06, "NO+": 0.0}}, "s8": {"state_name": "s8", "gmodel_type": "CEAGas", "rho": 0.0014725, "p": 259.952693365726, "T": 612.58, "a": 492.3, "h": 324160.0, "u": 147620.0, "s": 9343.9, "gamma": 1.372925911872167, "R": 288.19792027729636, "Cp": 1061.0, "molecular_mass": 0.02885, "v": 8355.230192625184, "M": 16.97182651355918, "Ht": 35228999.99993, "Ue": 8393.926375651623, "total_p": 33147075000.022034, "total_T": 17262.14, "pitot_p": 99945.22559894531, "unit_Re": 394506.39577504597, "k": 0.04543, "mu": 3.1186e-05, "composition_massf": {"e-": 0.0, "N-": 0.0, "O2+": 0.0, "N": 0.0, "N2": 0.76708, "O+": 0.0, "N2O": 0.0, "N2+": 0.0, "O": 0.0, "O2": 0.23292, "NO": 0.0, "O-": 0.0, "N+": 0.0, "NO2": 0.0, "NO+": 0.0}, "composition_moles": {"e-": 0.0, "N-": 0.0, "O2+": 0.0, "N": 0.0, "N2": 0.7899882913177266, "O+": 0.0, "N2O": 0.0, "N2+": 0.0, "O": 0.0, "O2": 0.20999981249296848, "NO": 0.0, "O-": 0.0, "N+": 0.0, "NO2": 0.0, "NO+": 0.0}}, "s10f": {"state_name": "s10f", "gmodel_type": "IdealGas", "rho": 0.009197925157597582, "p": 86596.12941738336, "T": 32667.640443040455, "a": 3595.239739793419, "h": 34660366.51006591, "u": 25245620.47401516, "s": 5028.302287926914, "gamma": 1.3729259118721668, "R": 288.19792027729636, "Cp": 1060.9999999999998, "molecular_mass": 0.02885, "v": 1337.547498828972, "M": 0.3720329089669628, "Ht": null, "Ue": null, "total_p": 95112.65876396988, "total_T": 33510.728714305114, "pitot_p": 95112.65876396988},