{"states_dict": {"s4": {"state_name": "s4", "gmodel_type": "CEAGas", "rho": 33.429, "p": 37310000.0, "T": 3861.0, "a": 1256.6, "h": 3288120.0, "u": 2172010.0, "s": 6232.3, "gamma": 1.4148350213656617, "R": 289.06963807669575, "Cp": 985.9, "molecular_mass": 0.028763, "v": 0.0, "M": 0.0, "Ht": 3287120.0, "Ue": 2564.028080969473, "total_p": 37307663.26738406, "total_T": 3861.0, "pitot_p": 37307663.26738406, "composition_massf": {"Ar": 0.83332, "O2": 0.14796, "H2": 0.018713}, "composition_moles": {"Ar": 0.5999995784519876, "O2": 0.1329979086715752, "H2": 0.26700102139016213}}, "s1": {"state_name": "s1", "gmodel_type": "CEAGas", "rho": 0.54019, "p": 46415.88833612782, "T": 298.15, "a": 346.7, "h": 7.000000000000001e-05, "u": -85925.0, "s": 7109.4, "gamma": 1.398557725608831, "R": 288.19792027729636, "Cp": 1011.3000000000001, "molecular_mass": 0.02885, "v": 0.0, "M": 0.0, "Ht": -10.11307, "Ue": null, "total_p": 46407.0642232722, "total_T": 298.14, "pitot_p": 46407.0642232722, "composition_massf": {"e-": 0.0, "N-": 0.0, "O2+": 0.0, "N": 0.0, "N2": 0.76708, "O+": 0.0, "N2O": 0.0, "N2+": 0.0, "O": 0.0, "O2": 0.23292, "NO": 0.0, "O-": 0.0, "N+": 0.0, "NO2": 0.0, "NO+": 0.0}, "composition_moles": {"e-": 0.0, "N-": 0.0, "O2+": 0.0, "N": 0.0, "N2": 0.7899882913177266, "O+": 0.0, "N2O": 0.0, "N2+": 0.0, "O": 0.0, "O2": 0.20999981249296848, "NO": 0.0, "O-": 0.0, "N+": 0.0, "NO2": 0.0, "NO+": 0.0}}, "s2": {"state_name": "s2", "gmodel_type": "CEAGas", "rho": 3.533111454364015, "p": 2494100.0, "T": 2448.403699172041, "a": 940.6, "h": 2611960.0, "u": 1906030.0, "s": 8373.5, "gamma": 1.249856845226854, "R": 288.3278427020842, "Cp": 1442.3, "molecular_mass": 0.028836999999999998, "v": 1959.1741448062548, "M": 2.0828983040678875, "Ht": 4531149.99993, "Ue": 3010.3654262996047, "total_p": 22275385.409747243, "total_T": 3654.59, "pitot_p": 14141665.441560455, "unit_Re": 86800348.75866881, "k": 0.15743000000000001, "mu": 7.9746e-05, "composition_massf": {"e-": 0.0, "N-": 0.0, "O2+": 0.0, "N": 0.0, "N2": 0.75717, "O+": 0.0, "N2O": 8.5713e-06, "N2+": 0.0, "O": 0.00055381, "O2": 0.22099, "NO": 0.021126, "O-": 0.0, "N+": 0.0, "NO2": 0.0001493, "NO+": 0.0}, "composition_moles": {"e-": 0.0, "N-": 0.0, "O2+": 0.0, "N": 0.0, "N2": 0.7794309612542569, "O+": 0.0, "N2O": 5.615879428257235e-06, "N2+": 0.0, "O": 0.000998176117229396, "O2": 0.19915398796204858, "NO": 0.020302887146280254, "O-": 0.0, "N+": 0.0, "NO2": 9.35836823858017e-05, "NO+": 0.0}}, "s3": {"state_name": "s3", "gmodel_type": "CEAGas", "rho": 5.0966, "p": 2494100.000000002, "T": 1692.9, "a": 846.4, "h": 1220820.0, "u": 731450.0, "s": 6232.3, "gamma": 1.4638247038937895, "R": 289.06963807669575, "Cp": 912.3, "molecular_mass": 0.028763, "v": 1959.1804551454125, "M": 2.314721709765374, "Ht": 3139010.0, "Ue": 2505.59773307688, "total_p": 32584934.10165135, "total_T": 3710.5, "pitot_p": 19067507.06029504, "composition_massf": {"Ar": 0.83332, "O2": 0.14796, "H2": 0.018713}, "composition_moles": {"Ar": 0.5999995784519876, "O2": 0.1329979086715752, "H2": 0.26700102139016213}}, "s5": {"state_name": "s5", "gmodel_type": "CEAGas", "rho": 16.07, "p": 19875673.308654238, "T": 4179.147988743751, "a": 1222.0, "h": 5612580.0, "u": 4375760.0, "s": 8682.800000000001, "gamma": 1.1544119828650579, "R": 295.9532284473553, "Cp": 2212.6, "molecular_mass": 0.028094, "v": 0.0, "M": 0.0, "Ht": 5612569.99993, "Ue": 3350.394006659515, "total_p": 19878561.264687978, "total_T": 4179.16, "pitot_p": 19878561.264687978, "composition_massf": {"e-": 0.0, "N-": 0.0, "O2+": 0.0, "N": 9.9452e-05, "N2": 0.71737, "O+": 0.0, "N2O": 0.00012999, "N2+": 0.0, "O": 0.029988, "O2": 0.1461, "NO": 0.10572, "O-": 0.0, "N+": 0.0, "NO2": 0.00058765, "NO+": 0.0}, "composition_moles": {"e-": 0.0, "N-": 0.0, "O2+": 0.0, "N": 0.00019947628549194313, "N2": 0.7194340130080603, "O+": 0.0, "N2O": 8.29744769703359e-05, "N2+": 0.0, "O": 0.05265715414328038, "O2": 0.1282714789304599, "NO": 0.09898312943034916, "O-": 0.0, "N+": 0.0, "NO2": 0.00035885794307202403, "NO+": 0.0}}, "s5d": {"state_name": "s5d", "gmodel_type": "CEAGas", "rho": 19.777, "p": 28847693.56012718, "T": 5046.008875074303, "a": 1429.0, "h": 4472500.0, "u": 3013840.0, "s": 6574.0, "gamma": 1.399858206684869, "R": 289.06963807669575, "Cp": 1012.0, "molecular_mass": 0.028763, "v": 0.0, "M": 0.0, "Ht": 4471500.0, "Ue": 2990.484910512006, "total_p": 28849076.063717727, "total_T": 5046.01, "pitot_p": 28849076.063717727, "composition_massf": {"Ar": 0.83332, "O2": 0.14796, "H2": 0.018713}, "composition_moles": {"Ar": 0.5999995784519876, "O2": 0.1329979086715752, "H2": 0.26700102139016213}}, "s6": {"state_name": "s6", "gmodel_type": "CEAGas", "rho": 10.044, "p": 11276552.3852047, "T": 3823.51, "a": 1163.1, "h": 4944300.0, "u": 3821560.0, "s": 8682.800000000001, "gamma": 1.1603244378846278, "R": 293.6432986049797, "Cp": 2125.2, "molecular_mass": 0.028315, "v": 1163.1008817532625, "M": 1.0000007581061496, "Ht": 5620699.99993, "Ue": 3352.8197088212182, "total_p": 20009582.310438022, "total_T": 4183.47, "pitot_p": 20008120.558184523, "composition_massf": {"e-": 0.0, "N-": 0.0, "O2+": 0.0, "N": 3.6088e-05, "N2": 0.72547, "O+": 0.0, "N2O": 8.0378e-05, "N2+": 0.0, "O": 0.02111, "O2": 0.16419, "NO": 0.088664, "O-": 0.0, "N+": 0.0, "NO2": 0.00044978, "NO+": 0.0}, "composition_moles": {"e-": 0.0, "N-": 0.0, "O2+": 0.0, "N": 7.29530667466284e-05, "N2": 0.7332806103507606, "O+": 0.0, "N2O": 5.171002685582376e-05, "N2+": 0.0, "O": 0.03735950410640399, "O2": 0.1452879436103854, "NO": 0.08366702637130452, "O-": 0.0, "N+": 0.0, "NO2": 0.0002768260468856985, "NO+": 0.0}}, "s8": {"state_name": "s8", "gmodel_type": "CEAGas", "rho": 0.020665, "p": 4146.363678384854, "T": 696.22, "a": 523.0, "h": 413750.0, "u": 213110.0, "s": 8682.800000000001, "gamma": 1.3633806134741955, "R": 288.19792027729636, "Cp": 1081.3, "molecular_mass": 0.02885, "v": 3227.058050474955, "M": 6.170283079302017, "Ht": 5620699.99993, "Ue": 3352.8197088212182, "total_p": 20009554.88937937, "total_T": 4183.47, "pitot_p": 206974.67822486005, "unit_Re": 1957989.2132201458, "k": 0.05009, "mu": 3.4059e-05, "composition_massf": {"e-": 0.0, "N-": 0.0, "O2+": 0.0, "N": 0.0, "N2": 0.76708, "O+": 0.0, "N2O": 0.0, "N2+": 0.0, "O": 0.0, "O2": 0.23292, "NO": 0.0, "O-": 0.0, "N+": 0.0, "NO2": 0.0, "NO+": 0.0}, "composition_moles": {"e-": 0.0, "N-": 0.0, "O2+": 0.0, "N": 0.0, "N2": 0.7899882913177266, "O+": 0.0, "N2O": 0.0, "N2+": 0.0, "O": 0.0, "O2": 0.20999981249296848, "NO": 0.0, "O-": 0.0, "N+": 0.0, "NO2": 0.0, "NO+": 0.0}}, "s10f": {"state_name": "s10f", "gmodel_type": "IdealGas", "rho": 0.11742368362471897, "p": 181475.0532073592, "T": 5362.538086222554, "a": 1451.5739750380374, "h": 5798512.432632448, "u": 4253040.108775315, "s": 2956.562668857774, "gamma": 1.3633806134741957, "R": 288.19792027729636, "Cp": 1081.3000000000002, "molecular_mass": 0.02885, "v": 567.9121128047202, "M": 0.3912388363051484, "Ht": null, "Ue": null, "total_p": 201147.4937946382, "total_T": 5511.675313574041, "pitot_p": 201147.4937946382}, "s10e": {"state_name": "s10e", "gmodel_type": "CEAGas", "rho": 0.1743402214449747, "p": 193840.0, "T": 3590.5162302070207, "a": 1140.9, "h": 5547540.0, "u": 4435690.0, "s": 10066.9, "gamma": 1.3058014299404048, "R": 309.6651769087523, "Cp": 1322.3, "molecular_mass": 0.026850000000000002, "v": 382.51158602613543, "M": 0.335271790714467, "Ht": 5620689.99993, "Ue": 3352.8167262557017, "total_p": 206974.67822486005, "total_T": 3618.76, "pitot_p": 206974.67822486005, "unit_Re": 618389.7868422194, "k": 0.65977, "mu": 0.00010784000000000001, "composition_massf": {"e-": 0.0, "N-": 0.0, "O2+": 0.0, "N": 0.00010605, "N2": 0.73766, "O+": 0.0, "N2O": 7.187e-06, "N2+": 0.0, "O": 0.082527, "O2": 0.11689, "NO": 0.06277, "O-": 0.0, "N+": 0.0, "NO2": 3.7982e-05, "NO+": 0.0}, "composition_moles": {"e-": 0.0, "N-": 0.0, "O2+": 0.0, "N": 0.00020329146051532482, "N2": 0.7070248880892716, "O+": 0.0, "N2O": 4.384427939144976e-06, "N2+": 0.0, "O": 0.13849581546808007,