{"states_dict": {"s4": {"state_name": "s4", "gmodel_type": "CEAGas", "rho": 33.429, "p": 37310000.0, "T": 3861.0, "a": 1256.6, "h": 3288120.0, "u": 2172010.0, "s": 6232.3, "gamma": 1.4148350213656617, "R": 289.06963807669575, "Cp": 985.9, "molecular_mass": 0.028763, "v": 0.0, "M": 0.0, "Ht": 3287120.0, "Ue": 2564.028080969473, "total_p": 37307663.26738406, "total_T": 3861.0, "pitot_p": 37307663.26738406, "composition_massf": {"Ar": 0.83332, "O2": 0.14796, "H2": 0.018713}, "composition_moles": {"Ar": 0.5999995784519876, "O2": 0.1329979086715752, "H2": 0.26700102139016213}}, "s1": {"state_name": "s1", "gmodel_type": "CEAGas", "rho": 1.4348, "p": 123284.67394420659, "T": 298.15, "a": 346.7, "h": 7.000000000000001e-05, "u": -85925.0, "s": 6827.8, "gamma": 1.398557725608831, "R": 288.19792027729636, "Cp": 1011.3000000000001, "molecular_mass": 0.02885, "v": 0.0, "M": 0.0, "Ht": -10.11307, "Ue": null, "total_p": 123293.93814125689, "total_T": 298.14, "pitot_p": 123293.93814125689, "composition_massf": {"e-": 0.0, "N-": 0.0, "O2+": 0.0, "N": 0.0, "N2": 0.76708, "O+": 0.0, "N2O": 0.0, "N2+": 0.0, "O": 0.0, "O2": 0.23292, "NO": 0.0, "O-": 0.0, "N+": 0.0, "NO2": 0.0, "NO+": 0.0}, "composition_moles": {"e-": 0.0, "N-": 0.0, "O2+": 0.0, "N": 0.0, "N2": 0.7899882913177266, "O+": 0.0, "N2O": 0.0, "N2+": 0.0, "O": 0.0, "O2": 0.20999981249296848, "NO": 0.0, "O-": 0.0, "N+": 0.0, "NO2": 0.0, "NO+": 0.0}}, "s2": {"state_name": "s2", "gmodel_type": "CEAGas", "rho": 8.497366409354708, "p": 4526900.0, "T": 1848.6090245767855, "a": 827.3, "h": 1793670.0, "u": 1260930.0, "s": 7819.3, "gamma": 1.2847672868228217, "R": 288.18793109424286, "Cp": 1300.2, "molecular_mass": 0.028850999999999998, "v": 1597.151647858895, "M": 1.9305592262285691, "Ht": 3069119.99993, "Ue": 2477.5471740937646, "total_p": 31329220.898202132, "total_T": 2769.09, "pitot_p": 22731291.2381534, "unit_Re": 206430742.92957067, "k": 0.11345000000000001, "mu": 6.5744e-05, "composition_massf": {"e-": 0.0, "N-": 0.0, "O2+": 0.0, "N": 0.0, "N2": 0.76469, "O+": 0.0, "N2O": 2.8506e-06, "N2+": 0.0, "O": 7.147e-06, "O2": 0.23014, "NO": 0.0050449, "O-": 0.0, "N+": 0.0, "NO2": 0.00011852, "NO+": 0.0}, "composition_moles": {"e-": 0.0, "N-": 0.0, "O2+": 0.0, "N": 0.0, "N2": 0.7875542129837864, "O+": 0.0, "N2O": 1.868607782281518e-06, "N2+": 0.0, "O": 1.2887864357413405e-05, "O2": 0.20750056689625862, "NO": 0.004850694022215482, "O-": 0.0, "N+": 0.0, "NO2": 7.432634185043092e-05, "NO+": 0.0}}, "s3": {"state_name": "s3", "gmodel_type": "CEAGas", "rho": 7.6708, "p": 4526899.999999997, "T": 2041.53, "a": 925.8, "h": 1541720.0, "u": 951570.0, "s": 6232.3, "gamma": 1.4522151250872195, "R": 289.06963807669575, "Cp": 928.3000000000001, "molecular_mass": 0.028763, "v": 1597.136571407855, "M": 1.7251421164483205, "Ht": 2816150.0, "Ue": 2373.246721266038, "total_p": 23774490.87176359, "total_T": 3380.34, "pitot_p": 20137046.301646605, "composition_massf": {"Ar": 0.83332, "O2": 0.14796, "H2": 0.018713}, "composition_moles": {"Ar": 0.5999995784519876, "O2": 0.1329979086715752, "H2": 0.26700102139016213}}, "s5": {"state_name": "s5", "gmodel_type": "CEAGas", "rho": 34.809, "p": 33198703.740472164, "T": 3299.3187833624543, "a": 1081.8, "h": 3892620.0, "u": 2938870.0, "s": 8074.299999999999, "gamma": 1.2138990259663125, "R": 289.06963807669575, "Cp": 1640.5, "molecular_mass": 0.028763, "v": 0.0, "M": 0.0, "Ht": 3892619.99993, "Ue": 2790.204293570634, "total_p": 33195576.34082214, "total_T": 3299.32, "pitot_p": 33195576.34082214, "composition_massf": {"e-": 0.0, "N-": 0.0, "O2+": 0.0, "N": 1.8741e-06, "N2": 0.73778, "O+": 0.0, "N2O": 9.4296e-05, "N2+": 0.0, "O": 0.0036855, "O2": 0.19553, "NO": 0.062148, "O-": 0.0, "N+": 0.0, "NO2": 0.0007662, "NO+": 0.0}, "composition_moles": {"e-": 0.0, "N-": 0.0, "O2+": 0.0, "N": 3.848496669451049e-06, "N2": 0.7575219766254722, "O+": 0.0, "N2O": 6.16237968954486e-05, "N2+": 0.0, "O": 0.006625625742215334, "O2": 0.17575750934410045, "NO": 0.05957331755876306, "O-": 0.0, "N+": 0.0, "NO2": 0.00047903425894729984, "NO+": 0.0}}, "s5d": {"state_name": "s5d", "gmodel_type": "CEAGas", "rho": 25.047, "p": 32721947.04137035, "T": 4519.414109403909, "a": 1355.3, "h": 3942380.0, "u": 2635950.0, "s": 6426.599999999999, "gamma": 1.4059223613159586, "R": 289.06963807669575, "Cp": 1001.2, "molecular_mass": 0.028763, "v": 0.0, "M": 0.0, "Ht": 3941380.0, "Ue": 2807.625331129494, "total_p": 32726949.834206298, "total_T": 4519.41, "pitot_p": 32726949.834206298, "composition_massf": {"Ar": 0.83332, "O2": 0.14796, "H2": 0.018713}, "composition_moles": {"Ar": 0.5999995784519876, "O2": 0.1329979086715752, "H2": 0.26700102139016213}}, "s6": {"state_name": "s6", "gmodel_type": "CEAGas", "rho": 21.598, "p": 18446310.702061675, "T": 2959.5, "a": 1027.4, "h": 3361900.0, "u": 2507810.0, "s": 8074.299999999999, "gamma": 1.2283389606710677, "R": 288.59805623047555, "Cp": 1552.5, "molecular_mass": 0.02881, "v": 1030.2621025739033, "M": 1.0027857724098728, "Ht": 3892619.99993, "Ue": 2790.204293570634, "total_p": 33195650.82373865, "total_T": 3299.32, "pitot_p": 33203553.89736118, "composition_massf": {"e-": 0.0, "N-": 0.0, "O2+": 0.0, "N": 0.0, "N2": 0.74634, "O+": 0.0, "N2O": 4.9053e-05, "N2+": 0.0, "O": 0.0017364, "O2": 0.20733, "NO": 0.044021, "O-": 0.0, "N+": 0.0, "NO2": 0.00051903, "NO+": 0.0}, "composition_moles": {"e-": 0.0, "N-": 0.0, "O2+": 0.0, "N": 0.0, "N2": 0.7675632161751161, "O+": 0.0, "N2O": 3.2109225725243564e-05, "N2+": 0.0, "O": 0.003126722502093828, "O2": 0.1866687907046514, "NO": 0.042266239531295303, "O-": 0.0, "N+": 0.0, "NO2": 0.00032503188314440666, "NO+": 0.0}}, "s8": {"state_name": "s8", "gmodel_type": "CEAGas", "rho": 0.0463, "p": 5662.384691944975, "T": 424.36, "a": 412.6, "h": 128270.00000000001, "u": 5974.400000000001, "s": 8074.299999999999, "gamma": 1.39199823861488, "R": 288.19792027729636, "Cp": 1023.4000000000001, "molecular_mass": 0.02885, "v": 2743.8476634099056, "M": 6.650139756204327, "Ht": 3892619.99993, "Ue": 2790.204293570634, "total_p": 33195425.265804626, "total_T": 3299.32, "pitot_p": 331253.1736167499, "unit_Re": 5271375.386550981, "k": 0.03445, "mu": 2.41e-05, "composition_massf": {"e-": 0.0, "N-": 0.0, "O2+": 0.0, "N": 0.0, "N2": 0.76708, "O+": 0.0, "N2O": 0.0, "N2+": 0.0, "O": 0.0, "O2": 0.23292, "NO": 0.0, "O-": 0.0, "N+": 0.0, "NO2": 0.0, "NO+": 0.0}, "composition_moles": {"e-": 0.0, "N-": 0.0, "O2+": 0.0, "N": 0.0, "N2": 0.7899882913177266, "O+": 0.0, "N2O": 0.0, "N2+": 0.0, "O": 0.0, "O2": 0.20999981249296848, "NO": 0.0, "O-": 0.0, "N+": 0.0, "NO2": 0.0, "NO+": 0.0}}, "s10f": {"state_name": "s10f", "gmodel_type": "IdealGas", "rho": 0.25329824616143287, "p": 290521.4907017637, "T": 3979.7449349242256, "a": 1263.549858507789, "h": 4072870.966401452, "u": 2925916.7529221866, "s": 2348.4428397642578, "gamma": 1.39199823861488, "R": 288.19792027729636, "Cp": 1023.4, "molecular_mass": 0.02885, "v": 501.53575664861046, "M": 0.39692597270432034, "Ht": null, "Ue": null, "total_p": 323653.4626313072, "total_T": 4102.638288059409, "pitot_p": 323653.4626313072}, "s10e": {"state_name": "s10e", "gmodel_type": "CEAGas", "rho": 0.33917363934863487, "p": 306660.0, "T": 3082.820892620497, "a": 1035.6, "h": 3822480.0, "u": 2918340.0, "s": 9414.6, "gamma": 1.2893116447579485, "R": 293.28077601410934, "Cp": 1307.0, "molecular_mass": 0.02835, "v": 374.5578431739346, "M": 0.3616819652123741, "Ht": 3892619.99993, "Ue": 2790.204293570634, "total_p": 331253.1736167499, "total_T": 3116.64, "pitot_p": 331253.1736167499, "unit_Re": 1345521.959137429, "k": 0.37298000000000003, "mu": 9.4417e-05, "composition_massf": {"e-": 0.0, "N-": 0.0, "O2+": 0.0, "N": 5.7293e-06, "N2": 0.74443, "O+": 0.0, "N2O": 6.9468e-06, "N2+": 0.0, "O": 0.019594, "O2": 0.18744, "NO": 0.048458, "O-": 0.0, "N+": 0.0, "NO2": 6.3776e-05, "NO+": 0.0}, "composition_moles": {"e-": 0.0, "N-": 0.0, "O2+": 0.0, "N": 1.159628285035019e-05, "N2": 0.7533748313307204, "O+": 0.0, "N2O": 4.474647829722263e-06, "N2+": 0.0, "O": 0.034719420728277314,