{"states_dict": {"s4": {"state_name": "s4", "gmodel_type": "CEAGas", "rho": 9.67, "p": 13023711.935277384, "T": 3870.616755991884, "a": 1250.5, "h": 1861590.0, "u": 514770.0, "s": 9328.6, "gamma": 1.0715799709745268, "R": 347.9602427286043, "Cp": 5209.1, "molecular_mass": 0.023895, "v": 668.1638107244756, "M": 0.5343173216509202, "Ht": 7613860.0, "Ue": 3902.271133583621, "total_p": 15342782.259470839, "total_T": 3940.76, "pitot_p": 15342782.259470839, "composition_massf": {"H2O": 0.29747, "OH": 0.059761, "Ar": 0.588, "HO2": 0.00028341, "O": 0.010785, "O2": 0.0343, "H2": 0.0079177, "H": 0.0014323, "H2O2": 4.9801e-05}, "composition_moles": {"H2O": 0.39455649037927804, "OH": 0.08396310622354819, "Ar": 0.35171372784620003, "HO2": 0.0002051726995759048, "O": 0.016107327462279837, "O2": 0.02561341362801105, "H2": 0.09385153952616226, "H": 0.03395520417882017, "H2O2": 3.498474467494623e-05}}, "s1": {"state_name": "s1", "gmodel_type": "CEAGas", "rho": 0.85792, "p": 73716.81415929203, "T": 298.15, "a": 346.7, "h": 7.000000000000001e-05, "u": -85925.0, "s": 6976.0, "gamma": 1.398557725608831, "R": 288.19792027729636, "Cp": 1011.3000000000001, "molecular_mass": 0.02885, "v": 0.0, "M": 0.0, "Ht": -10.11307, "Ue": null, "total_p": 73723.44477448771, "total_T": 298.14, "pitot_p": 73723.44477448771, "composition_massf": {"e-": 0.0, "N-": 0.0, "O2+": 0.0, "N": 0.0, "N2": 0.76708, "O+": 0.0, "N2O": 0.0, "N2+": 0.0, "O": 0.0, "O2": 0.23292, "NO": 0.0, "O-": 0.0, "N+": 0.0, "NO2": 0.0, "NO+": 0.0}, "composition_moles": {"e-": 0.0, "N-": 0.0, "O2+": 0.0, "N": 0.0, "N2": 0.7899882913177266, "O+": 0.0, "N2O": 0.0, "N2+": 0.0, "O": 0.0, "O2": 0.20999981249296848, "NO": 0.0, "O-": 0.0, "N+": 0.0, "NO2": 0.0, "NO+": 0.0}}, "s2": {"state_name": "s2", "gmodel_type": "CEAGas", "rho": 5.567327720097245, "p": 3851200.0, "T": 2399.706944836961, "a": 932.5, "h": 2540810.0, "u": 1849050.0, "s": 8218.9, "gamma": 1.2548039207658304, "R": 288.2678639531255, "Cp": 1419.6, "molecular_mass": 0.028843, "v": 1929.918938713325, "M": 2.0696181648400267, "Ht": 4403109.99993, "Ue": 2967.527590412598, "total_p": 33587906.543629915, "total_T": 3599.65, "pitot_p": 21620157.33529376, "unit_Re": 136634042.56316173, "k": 0.15169, "mu": 7.8637e-05, "composition_massf": {"e-": 0.0, "N-": 0.0, "O2+": 0.0, "N": 0.0, "N2": 0.75799, "O+": 0.0, "N2O": 9.7581e-06, "N2+": 0.0, "O": 0.00034615, "O2": 0.22213, "NO": 0.019348, "O-": 0.0, "N+": 0.0, "NO2": 0.00017989, "NO+": 0.0}, "composition_moles": {"e-": 0.0, "N-": 0.0, "O2+": 0.0, "N": 0.0, "N2": 0.7804374181641642, "O+": 0.0, "N2O": 6.394796020703068e-06, "N2+": 0.0, "O": 0.000624023679012963, "O2": 0.2002229955498331, "NO": 0.018598030533791464, "O-": 0.0, "N+": 0.0, "NO2": 0.00011278145591287999, "NO+": 0.0}}, "s3": {"state_name": "s3", "gmodel_type": "CEAGas", "rho": 3.3717, "p": 3851200.0, "T": 3395.66, "a": 1147.5, "h": 349630.0, "u": -792590.0, "s": 9328.6, "gamma": 1.0763737199889694, "R": 336.3747066914799, "Cp": 4740.700000000001, "molecular_mass": 0.024718, "v": 1929.8936635313466, "M": 1.6818245433824373, "Ht": 7740950.0, "Ue": 3934.7045632423283, "total_p": 16814934.88346946, "total_T": 3980.76, "pitot_p": 14156671.641494786, "composition_massf": {"H2O": 0.33119, "OH": 0.040373, "Ar": 0.588, "HO2": 0.00010513, "O": 0.0057452, "O2": 0.027838, "H2": 0.0059135, "H": 0.00082016, "H2O2": 1.6853e-05}, "composition_moles": {"H2O": 0.45441172271538377, "OH": 0.05867700733918414, "Ar": 0.3638275758486032, "HO2": 7.872947585856707e-05, "O": 0.008875948698076178, "O2": 0.02150392152205708, "H2": 0.07250922326725796, "H": 0.020113017520884176, "H2O2": 1.2246843245328194e-05}}, "s5": {"state_name": "s5", "gmodel_type": "CEAGas", "rho": 24.994, "p": 30526258.08446568, "T": 4151.075611329442, "a": 1216.0, "h": 5470110.0, "u": 4248780.0, "s": 8522.0, "gamma": 1.1650933471946583, "R": 294.22520259032524, "Cp": 2076.4, "molecular_mass": 0.028259, "v": 0.0, "M": 0.0, "Ht": 5470099.99993, "Ue": 3307.5973152516617, "total_p": 30530250.78208339, "total_T": 4151.08, "pitot_p": 30530250.78208339, "composition_massf": {"e-": 0.0, "N-": 0.0, "O2+": 0.0, "N": 7.2786e-05, "N2": 0.71716, "O+": 0.0, "N2O": 0.00016169, "N2+": 0.0, "O": 0.023432, "O2": 0.15234, "NO": 0.10607, "O-": 0.0, "N+": 0.0, "NO2": 0.00075531, "NO+": 0.0}, "composition_moles": {"e-": 0.0, "N-": 0.0, "O2+": 0.0, "N": 0.0001468482636166977, "N2": 0.7234475086922687, "O+": 0.0, "N2O": 0.00010381520171404684, "N2+": 0.0, "O": 0.041386857507156524, "O2": 0.13453554695801093, "NO": 0.09989409253451799, "O-": 0.0, "N+": 0.0, "NO2": 0.0004639511643173099, "NO+": 0.0}}, "s5d": {"state_name": "s5d", "gmodel_type": "CEAGas", "rho": 13.369, "p": 20643198.080052674, "T": 4244.661539925771, "a": 1343.2, "h": 3467790.0, "u": 1923670.0, "s": 9560.7, "gamma": 1.065563045706922, "R": 363.77800140006997, "Cp": 5912.3, "molecular_mass": 0.022856, "v": 0.0, "M": 0.0, "Ht": 8996890.0, "Ue": 4241.907589752516, "total_p": 20643464.991660282, "total_T": 4244.67, "pitot_p": 20643464.991660282, "composition_massf": {"H2O": 0.25723, "OH": 0.080867, "Ar": 0.588, "HO2": 0.00048891, "O": 0.019444, "O2": 0.04129, "H2": 0.010115, "H": 0.0024788, "H2O2": 7.9559e-05}, "composition_moles": {"H2O": 0.32634790466759334, "OH": 0.10867638043338936, "Ar": 0.33642054671072397, "HO2": 0.0003385528822295083, "O": 0.02777679562983612, "O2": 0.029492488468317566, "H2": 0.11468363196221999, "H": 0.05620915213207136, "H2O2": 5.345928593183885e-05}}, "s6": {"state_name": "s6", "gmodel_type": "CEAGas", "rho": 15.597, "p": 17253755.948589984, "T": 3784.76, "a": 1156.8, "h": 4806520.0, "u": 3700300.0, "s": 8522.0, "gamma": 1.1722825895380002, "R": 292.28073259043134, "Cp": 1988.8, "molecular_mass": 0.028447, "v": 1156.8009856387534, "M": 1.000000852039033, "Ht": 5475619.99993, "Ue": 3309.2657795740733, "total_p": 30668133.87459044, "total_T": 4154.11, "pitot_p": 30668039.607751533, "composition_massf": {"e-": 0.0, "N-": 0.0, "O2+": 0.0, "N": 2.4909e-05, "N2": 0.72592, "O+": 0.0, "N2O": 9.8198e-05, "N2+": 0.0, "O": 0.015939, "O2": 0.16982, "NO": 0.087626, "O-": 0.0, "N+": 0.0, "NO2": 0.0005695, "NO+": 0.0}, "composition_moles": {"e-": 0.0, "N-": 0.0, "O2+": 0.0, "N": 5.0589098288676134e-05, "N2": 0.7371560124797418, "O+": 0.0, "N2O": 6.346877512905336e-05, "N2+": 0.0, "O": 0.028339608547820538, "O2": 0.1509703345125442, "NO": 0.08307300255614691, "O-": 0.0, "N+": 0.0, "NO2": 0.0003521441240721218, "NO+": 0.0}}, "s8": {"state_name": "s8", "gmodel_type": "CEAGas", "rho": 0.02496, "p": 4371.120406116963, "T": 607.67, "a": 490.4, "h": 318960.0, "u": 143830.0, "s": 8522.0, "gamma": 1.3734574881291686, "R": 288.19792027729636, "Cp": 1059.9, "molecular_mass": 0.02885, "v": 3211.434028650564, "M": 6.5486012003478065, "Ht": 5475619.99993, "Ue": 3309.2657795740733, "total_p": 30668124.94971381, "total_T": 4154.11, "pitot_p": 246974.02073410363, "unit_Re": 2584638.4856388634, "k": 0.04515, "mu": 3.1013e-05, "composition_massf": {"e-": 0.0, "N-": 0.0, "O2+": 0.0, "N": 0.0, "N2": 0.76708, "O+": 0.0, "N2O": 0.0, "N2+": 0.0, "O": 0.0, "O2": 0.23292, "NO": 0.0, "O-": 0.0, "N+": 0.0, "NO2": 0.0, "NO+": 0.0}, "composition_moles": {"e-": 0.0, "N-": 0.0, "O2+": 0.0, "N": 0.0, "N2": 0.7899882913177266, "O+": 0.0, "N2O": 0.0, "N2+": 0.0, "O": 0.0, "O2": 0.20999981249296848, "NO": 0.0, "O-": 0.0, "N+": 0.0, "NO2": 0.0, "NO+": 0.0}}, "s10f": {"state_name": "s10f", "gmodel_type": "IdealGas", "rho": 0.14101335691783237, "p": 216222.7670868383, "T": 5320.474021771595, "a": 1451.2030934953839, "h": 5639170.415675715, "u": 4105820.8677117582, "s": 2835.8889341365275, "gamma": 1.3734574881291683, "R": 288.19792027729636, "Cp": 1059.9, "molecular_mass": 0.02885, "v": 568.424625630666, "M": 0.3916919886530507, "Ht": null, "Ue": null, "total_p": 239891.79022479636, "total_T": 5472.897152234631, "pitot_p": 239891.79022479636}, "s10e": {"state_name": "s10e", "gmodel_type": "CEAGas", "rho": 0.21029571029223326, "p": 231239.99999999997, "T": 3574.527320792076, "a": 1134.8, "h": 5402970.0,