driver_condition,area_ratio,test_gas_gas_model,test_gas_name,p1,vs1,Ht,h,Ue,pitot_p,total_p,p2,T2,rho2,v2,M2,a2,gamma2,R2,Ht2,h2,p3,T3,rho3,v3,M3,a3,p5,T5,rho5,v5,M5,a5,p5d,T5d,rho5d,v5d,M5d,a5d,p8,T8,rho8,v8,M8,a8,gamma8,R8,unit_Re8,p10f,T10f,rho10f,v10f,M10f,a10f,p10e,T10e,rho10e,v10e,M10e,a10e,unit_Re10e,s2 Xe-,s2 XN-,s2 XO2+,s2 XN,s2 XN2,s2 XO+,s2 XN2O,s2 XN2+,s2 XO,s2 XO2,s2 XNO,s2 XO-,s2 XN+,s2 XNO2,s2 XNO+,s8 Xe-,s8 XN-,s8 XO2+,s8 XN,s8 XN2,s8 XO+,s8 XN2O,s8 XN2+,s8 XO,s8 XO2,s8 XNO,s8 XO-,s8 XN+,s8 XNO2,s8 XNO+,s10e Xe-,s10e XN-,s10e XO2+,s10e XN,s10e XN2,s10e XO+,s10e XN2O,s10e XN2+,s10e XO,s10e XO2,s10e XNO,s10e XO-,s10e XN+,s10e XNO2,s10e XNO+
custom_from_dict,225.0,CEAGas,n2-o2-with-ions,73716.81415929203,2281.495220553443,5475619.99993,318960.0,3309.2657795740733,246974.02073410363,30668124.94971381,3851200.0,2399.706944836961,5.567327720097245,1929.918938713325,2.0696181648400267,932.5,1.2548039207658304,288.2678639531255,4403109.99993,2540810.0,3851200.0,3395.66,3.3717,1929.8936635313466,1.6818245433824373,1147.5,30526258.08446568,4151.075611329442,24.994,0.0,0.0,1216.0,20643198.080052674,4244.661539925771,13.369,0.0,0.0,1343.2,4371.120406116963,607.67,0.02496,3211.434028650564,6.5486012003478065,490.4,1.3734574881291686,288.19792027729636,2584638.4856388634,216222.7670868383,5320.474021771595,0.14101335691783237,568.424625630666,0.3916919886530507,1451.2030934953839,231239.99999999997,3574.527320792076,0.21029571029223326,381.1651376232494,0.3358875023116403,1134.8,747806.6363944218,0.0,0.0,0.0,0.0,0.7804374181641642,0.0,6.394796020703068e-06,0.0,0.000624023679012963,0.2002229955498331,0.018598030533791464,0.0,0.0,0.00011278145591287999,0.0,0.0,0.0,0.0,0.0,0.7899882913177266,0.0,0.0,0.0,0.0,0.20999981249296848,0.0,0.0,0.0,0.0,0.0,0.0,0.0,0.0,0.00017362393397445507,0.7112585876758979,0.0,4.908576814017741e-06,0.0,0.12616805680213009,0.10488101928822331,0.05747416678608683,0.0,0.0,2.581394163741292e-05,0.0