{"states_dict": {"s4": {"state_name": "s4", "gmodel_type": "CEAGas", "rho": 54.549, "p": 85511689.26402202, "T": 4462.533461093468, "a": 1359.0, "h": 3075150.0, "u": 1507540.0, "s": 8962.5, "gamma": 1.0833921866291962, "R": 351.2826904389708, "Cp": 4563.7, "molecular_mass": 0.023669, "v": 0.0, "M": 0.0, "Ht": 8604200.0, "Ue": 4148.300856977468, "total_p": 85516590.30456765, "total_T": 4462.54, "pitot_p": 85516590.30456765, "composition_massf": {"H2O": 0.28559, "OH": 0.06986, "Ar": 0.588, "HO2": 0.00076548, "O": 0.012068, "O2": 0.033462, "H2": 0.0085416, "H": 0.0015158, "H2O2": 0.00019299}, "composition_moles": {"H2O": 0.3752164667992949, "OH": 0.0972236893012076, "Ar": 0.3483872033643737, "HO2": 0.000548922617622946, "O": 0.017853012737977673, "O2": 0.02475130561146043, "H2": 0.10028926840883386, "H": 0.03559484711391551, "H2O2": 0.00013429143857887242}}, "s1": {"state_name": "s1", "gmodel_type": "CEAGas", "rho": 0.85792, "p": 73716.81415929203, "T": 298.15, "a": 346.7, "h": 7.000000000000001e-05, "u": -85925.0, "s": 6976.0, "gamma": 1.398557725608831, "R": 288.19792027729636, "Cp": 1011.3000000000001, "molecular_mass": 0.02885, "v": 0.0, "M": 0.0, "Ht": -10.11307, "Ue": null, "total_p": 73723.44477448771, "total_T": 298.14, "pitot_p": 73723.44477448771, "composition_massf": {"e-": 0.0, "N-": 0.0, "O2+": 0.0, "N": 0.0, "N2": 0.76708, "O+": 0.0, "N2O": 0.0, "N2+": 0.0, "O": 0.0, "O2": 0.23292, "NO": 0.0, "O-": 0.0, "N+": 0.0, "NO2": 0.0, "NO+": 0.0}, "composition_moles": {"e-": 0.0, "N-": 0.0, "O2+": 0.0, "N": 0.0, "N2": 0.7899882913177266, "O+": 0.0, "N2O": 0.0, "N2+": 0.0, "O": 0.0, "O2": 0.20999981249296848, "NO": 0.0, "O-": 0.0, "N+": 0.0, "NO2": 0.0, "NO+": 0.0}}, "s2": {"state_name": "s2", "gmodel_type": "CEAGas", "rho": 6.631593588558866, "p": 7001800.0, "T": 3608.6087806750916, "a": 1127.7, "h": 4560100.0, "u": 3504280.0, "s": 8719.099999999999, "gamma": 1.1642089669470588, "R": 292.58929514023293, "Cp": 2074.3999999999996, "molecular_mass": 0.028417, "v": 2651.559601058669, "M": 2.351298750606251, "Ht": 8075479.99993, "Ue": 4018.825699114108, "total_p": 97292869.28828672, "total_T": 5489.37, "pitot_p": 48011041.40838197, "unit_Re": 166594653.24549854, "k": 0.34585, "mu": 0.00010555000000000002, "composition_massf": {"e-": 0.0, "N-": 0.0, "O2+": 0.0, "N": 1.8517e-05, "N2": 0.73076, "O+": 0.0, "N2O": 5.466e-05, "N2+": 0.0, "O": 0.017019, "O2": 0.17433, "NO": 0.077462, "O-": 0.0, "N+": 0.0, "NO2": 0.00035094, "NO+": 0.0}, "composition_moles": {"e-": 0.0, "N-": 0.0, "O2+": 0.0, "N": 3.756756330898784e-05, "N2": 0.7412883448635297, "O+": 0.0, "N2O": 3.529139750254471e-05, "N2+": 0.0, "O": 0.030227941235296322, "O2": 0.1548162934235034, "NO": 0.07335967200002667, "O-": 0.0, "N+": 0.0, "NO2": 0.00021677108128375955, "NO+": 0.0}}, "s3": {"state_name": "s3", "gmodel_type": "CEAGas", "rho": 6.3893, "p": 7001799.999999996, "T": 3330.11, "a": 1127.7, "h": -213330.0, "u": -1309200.0, "s": 8962.5, "gamma": 1.0937728407842815, "R": 329.0789994458957, "Cp": 3838.4, "molecular_mass": 0.025265999999999997, "v": 2651.5798637704565, "M": 2.3513167187819954, "Ht": 8831160.0, "Ue": 4202.656302863702, "total_p": 98684233.68364365, "total_T": 4541.59, "pitot_p": 46878072.9601342, "composition_massf": {"H2O": 0.3531, "OH": 0.02979, "Ar": 0.588, "HO2": 9.3399e-05, "O": 0.0030618, "O2": 0.021026, "H2": 0.004464, "H": 0.0004451, "H2O2": 1.967e-05}, "composition_moles": {"H2O": 0.4952143180677736, "OH": 0.0442558413014616, "Ar": 0.3718936617602883, "HO2": 7.149506840118109e-05, "O": 0.004835146242984111, "O2": 0.016601963698638696, "H2": 0.055949473182927555, "H": 0.011157307577832011, "H2O2": 1.4610815683110939e-05}}, "s5": {"state_name": "s5", "gmodel_type": "CEAGas", "rho": 33.323, "p": 65204068.6474785, "T": 6154.621671625027, "a": 1554.6, "h": 9821660.0, "u": 7864950.0, "s": 9143.599999999999, "gamma": 1.152282197963784, "R": 317.9301774242888, "Cp": 2405.7, "molecular_mass": 0.026152, "v": 0.0, "M": 0.0, "Ht": 9821659.99993, "Ue": 4432.078519144263, "total_p": 65204401.37700788, "total_T": 6154.62, "pitot_p": 65204401.37700788, "composition_massf": {"e-": 0.0, "N-": 0.0, "O2+": 0.0, "N": 0.0051552, "N2": 0.69732, "O+": 0.0, "N2O": 0.00034953, "N2+": 0.0, "O": 0.10879, "O2": 0.050249, "NO": 0.13753, "O-": 1.2066e-05, "N+": 0.0, "NO2": 0.00053507, "NO+": 5.9521e-05}, "composition_moles": {"e-": 0.0, "N-": 0.0, "O2+": 0.0, "N": 0.009625307202981432, "N2": 0.6509853370172847, "O+": 0.0, "N2O": 0.0002076875036353061, "N2+": 0.0, "O": 0.1778239233971274, "O2": 0.041067535282573106, "NO": 0.1198651127604054, "O-": 1.9721940356733395e-05, "N+": 0.0, "NO2": 0.0003041625596939497, "NO+": 5.187684009699619e-05}}, "s5d": {"state_name": "s5d", "gmodel_type": "CEAGas", "rho": 35.04, "p": 61933137.60671474, "T": 4742.34190271627, "a": 1446.0, "h": 4869200.0, "u": 3101730.0, "s": 9468.5, "gamma": 1.071163482928506, "R": 372.6975660047514, "Cp": 5609.9, "molecular_mass": 0.022309000000000002, "v": 0.0, "M": 0.0, "Ht": 10398260.0, "Ue": 4560.320164199001, "total_p": 61935586.27228727, "total_T": 4742.35, "pitot_p": 61935586.27228727, "composition_massf": {"H2O": 0.23438, "OH": 0.094907, "Ar": 0.588, "HO2": 0.00093794, "O": 0.024794, "O2": 0.042503, "H2": 0.011253, "H": 0.0030459, "H2O2": 0.00017705}, "composition_moles": {"H2O": 0.29024158492124463, "OH": 0.12449214650850753, "Ar": 0.32836917993391407, "HO2": 0.0006339463836780003, "O": 0.0345718805705214, "O2": 0.029632343306624, "H2": 0.12453279808321925, "H": 0.06741570242276325, "H2O2": 0.00011612069994484735}}, "s6": {"state_name": "s6", "gmodel_type": "CEAGas", "rho": 21.057, "p": 37021835.968366936, "T": 5593.12, "a": 1470.6, "h": 8771490.0, "u": 7013330.0, "s": 9143.599999999999, "gamma": 1.146757833098357, "R": 314.3482041587902, "Cp": 2456.3, "molecular_mass": 0.026449999999999998, "v": 1470.6009810156033, "M": 1.0000006670852737, "Ht": 9852839.99993, "Ue": 4439.108018494256, "total_p": 66249756.42673453, "total_T": 6171.39, "pitot_p": 66248894.31903369, "composition_massf": {"e-": 0.0, "N-": 0.0, "O2+": 0.0, "N": 0.0025934, "N2": 0.70264, "O+": 0.0, "N2O": 0.00024209, "N2+": 0.0, "O": 0.097898, "O2": 0.064288, "NO": 0.13184, "O-": 5.1547e-06, "N+": 0.0, "NO2": 0.00047048, "NO+": 2.7813e-05}, "composition_moles": {"e-": 0.0, "N-": 0.0, "O2+": 0.0, "N": 0.004897329849286413, "N2": 0.6634263602418843, "O+": 0.0, "N2O": 0.00014548677884615384, "N2+": 0.0, "O": 0.16184370038876456, "O2": 0.05314004275160318, "NO": 0.1162153028884127, "O-": 8.521390812467984e-06, "N+": 0.0, "NO2": 0.0002704936583669344, "NO+": 2.451725816310111e-05}}, "s8": {"state_name": "s8", "gmodel_type": "CEAGas", "rho": 0.033103, "p": 13289.600278592574, "T": 1393.02, "a": 724.9, "h": 1219540.0, "u": 818080.0, "s": 9143.599999999999, "gamma": 1.313155785070195, "R": 288.19792027729636, "Cp": 1208.5, "molecular_mass": 0.02885, "v": 4155.305914774995, "M": 5.7322470889432955, "Ht": 9852809.99993, "Ue": 4439.101260374672, "total_p": 66249644.65341872, "total_T": 6171.38, "pitot_p": 553752.0299172, "unit_Re": 2530922.2193011213, "k": 0.0874, "mu": 5.4349000000000004e-05, "composition_massf": {"e-": 0.0, "N-": 0.0, "O2+": 0.0, "N": 0.0, "N2": 0.76674, "O+": 0.0, "N2O": 0.0, "N2+": 0.0, "O": 0.0, "O2": 0.23253, "NO": 0.00072462, "O-": 0.0, "N+": 0.0, "NO2": 3.0974e-06, "NO+": 0.0}, "composition_moles": {"e-": 0.0, "N-": 0.0, "O2+": 0.0, "N": 0.0, "N2": 0.7896381374627858, "O+": 0.0, "N2O": 0.0, "N2+": 0.0, "O": 0.0, "O2": 0.20964818993212245, "NO": 0.0006967012374150591, "O-": 0.0, "N+": 0.0, "NO2": 1.9423762376237626e-06, "NO+": 0.0}}, "s10f": {"state_name": "s10f", "gmodel_type": "IdealGas", "rho": 0.20670377016756272, "p": 493325.4478429445, "T": 8281.219161003559, "a": 1767.4398891449187, "h": 10113024.839417545, "u": 7726394.699855822, "s": 3603.280448261832, "gamma": 1.308893116683032, "R": 288.19792027729636, "Cp": 1221.2, "molecular_mass": 0.02885, "v": 665.4544421137817, "M": 0.3765075385028943, "Ht": null, "Ue": null, "total_p": 540741.3553574998,