{"states_dict": {"s4": {"state_name": "s4", "gmodel_type": "CEAGas", "rho": 31.38, "p": 44921433.25928358, "T": 4143.628285937533, "a": 1294.8, "h": 2171400.0, "u": 739860.0, "s": 8976.6, "gamma": 1.0826249109942365, "R": 345.4734698965388, "Cp": 4526.7, "molecular_mass": 0.024067, "v": 0.0, "M": 0.0, "Ht": 7700460.0, "Ue": 3924.4005911731283, "total_p": 44924879.26198342, "total_T": 4143.64, "pitot_p": 44924879.26198342, "composition_massf": {"H2O": 0.30243, "OH": 0.059597, "Ar": 0.588, "HO2": 0.00048125, "O": 0.0093513, "O2": 0.031232, "H2": 0.0075868, "H": 0.0012084, "H2O2": 0.00011378}, "composition_moles": {"H2O": 0.4040227412507604, "OH": 0.08433541041691411, "Ar": 0.35424541904475815, "HO2": 0.00035090541356098785, "O": 0.014066636067602537, "O2": 0.0234902728852332, "H2": 0.09057657975673156, "H": 0.02885346627775463, "H2O2": 8.050474853798419e-05}}, "s1": {"state_name": "s1", "gmodel_type": "CEAGas", "rho": 0.85792, "p": 73716.81415929203, "T": 298.15, "a": 346.7, "h": 7.000000000000001e-05, "u": -85925.0, "s": 6976.0, "gamma": 1.398557725608831, "R": 288.19792027729636, "Cp": 1011.3000000000001, "molecular_mass": 0.02885, "v": 0.0, "M": 0.0, "Ht": -10.11307, "Ue": null, "total_p": 73723.44477448771, "total_T": 298.14, "pitot_p": 73723.44477448771, "composition_massf": {"e-": 0.0, "N-": 0.0, "O2+": 0.0, "N": 0.0, "N2": 0.76708, "O+": 0.0, "N2O": 0.0, "N2+": 0.0, "O": 0.0, "O2": 0.23292, "NO": 0.0, "O-": 0.0, "N+": 0.0, "NO2": 0.0, "NO+": 0.0}, "composition_moles": {"e-": 0.0, "N-": 0.0, "O2+": 0.0, "N": 0.0, "N2": 0.7899882913177266, "O+": 0.0, "N2O": 0.0, "N2+": 0.0, "O": 0.0, "O2": 0.20999981249296848, "NO": 0.0, "O-": 0.0, "N+": 0.0, "NO2": 0.0, "NO+": 0.0}}, "s2": {"state_name": "s2", "gmodel_type": "CEAGas", "rho": 6.007835121935837, "p": 5087100.0, "T": 2930.4850687536286, "a": 1020.5, "h": 3339070.0, "u": 2492330.0, "s": 8438.5, "gamma": 1.2170742411548454, "R": 288.93904642757855, "Cp": 1620.0, "molecular_mass": 0.028776, "v": 2238.121540077911, "M": 2.193161724721128, "Ht": 5843659.99993, "Ue": 3418.6722568652294, "total_p": 54584414.43968479, "total_T": 4381.95, "pitot_p": 31252638.225362826, "unit_Re": 148570949.30214354, "k": 0.21092, "mu": 9.0504e-05, "composition_massf": {"e-": 0.0, "N-": 0.0, "O2+": 0.0, "N": 0.0, "N2": 0.74717, "O+": 0.0, "N2O": 2.4795e-05, "N2+": 0.0, "O": 0.0029823, "O2": 0.20711, "NO": 0.042441, "O-": 0.0, "N+": 0.0, "NO2": 0.00026814, "NO+": 0.0}, "composition_moles": {"e-": 0.0, "N-": 0.0, "O2+": 0.0, "N": 0.0, "N2": 0.7675099745121977, "O+": 0.0, "N2O": 1.621121401046968e-05, "N2+": 0.0, "O": 0.005363867695038564, "O2": 0.18625065189944623, "NO": 0.04070113130330166, "O-": 0.0, "N+": 0.0, "NO2": 0.00016771900403212659, "NO+": 0.0}}, "s3": {"state_name": "s3", "gmodel_type": "CEAGas", "rho": 4.8274, "p": 5087099.999999996, "T": 3220.52, "a": 1105.8, "h": -510460.0, "u": -1564250.0, "s": 8976.6, "gamma": 1.096732034112785, "R": 327.2140889413617, "Cp": 3709.9, "molecular_mass": 0.02541, "v": 2238.1061178248565, "M": 2.023970083039299, "Ht": 7523170.0, "Ue": 3878.9612011465133, "total_p": 39646591.91885554, "total_T": 4083.08, "pitot_p": 25937764.60525888, "composition_massf": {"H2O": 0.35931, "OH": 0.026211, "Ar": 0.588, "HO2": 6.9539e-05, "O": 0.0025124, "O2": 0.019453, "H2": 0.0040533, "H": 0.00037383, "H2O2": 1.432e-05}, "composition_moles": {"H2O": 0.5067957367301535, "OH": 0.03916082761913386, "Ar": 0.37401321718233704, "HO2": 5.353409606643976e-05, "O": 0.003990154880808031, "O2": 0.015447477092890984, "H2": 0.05109150991130425, "H": 0.009424192213822251, "H2O2": 1.0697475325359521e-05}}, "s5": {"state_name": "s5", "gmodel_type": "CEAGas", "rho": 28.741, "p": 43129801.163992114, "T": 4955.68467592412, "a": 1352.3, "h": 7166980.0, "u": 5666330.0, "s": 8792.1, "gamma": 1.1493279757967165, "R": 302.8193174782387, "Cp": 2330.7000000000003, "molecular_mass": 0.027457000000000002, "v": 0.0, "M": 0.0, "Ht": 7166969.99993, "Ue": 3786.0190173663946, "total_p": 43132670.48346855, "total_T": 4955.69, "pitot_p": 43132670.48346855, "composition_massf": {"e-": 0.0, "N-": 0.0, "O2+": 0.0, "N": 0.00060846, "N2": 0.70409, "O+": 0.0, "N2O": 0.00025301, "N2+": 0.0, "O": 0.055918, "O2": 0.10557, "NO": 0.13281, "O-": 1.5378e-06, "N+": 0.0, "NO2": 0.00074566, "NO+": 6.7899e-06}, "composition_moles": {"e-": 0.0, "N-": 0.0, "O2+": 0.0, "N": 0.0011927496283921266, "N2": 0.6901054184782996, "O+": 0.0, "N2O": 0.0001578380736967428, "N2+": 0.0, "O": 0.09596238146430491, "O2": 0.09058575602835106, "NO": 0.12152742842288737, "O-": 2.638969390189166e-06, "N+": 0.0, "NO2": 0.00044502476051776424, "NO+": 6.213193079331313e-06}}, "s5d": {"state_name": "s5d", "gmodel_type": "CEAGas", "rho": 22.945, "p": 35698131.53587818, "T": 4334.2525047004465, "a": 1350.5, "h": 3327150.0, "u": 1771310.0, "s": 9330.0, "gamma": 1.0719076163122003, "R": 358.9720231413522, "Cp": 5351.099999999999, "molecular_mass": 0.023162, "v": 0.0, "M": 0.0, "Ht": 8856240.0, "Ue": 4208.619726228541, "total_p": 35696986.3334465, "total_T": 4334.25, "pitot_p": 35696986.3334465, "composition_massf": {"H2O": 0.26761, "OH": 0.077199, "Ar": 0.588, "HO2": 0.00058851, "O": 0.016464, "O2": 0.038375, "H2": 0.0095593, "H": 0.0020851, "H2O2": 0.00011296}, "composition_moles": {"H2O": 0.3440625302520971, "OH": 0.10513597293874292, "Ar": 0.3409246019825773, "HO2": 0.00041297833775768216, "O": 0.023834591797192394, "O2": 0.027777346337987674, "H2": 0.10983416999027718, "H": 0.04791464392721788, "H2O2": 7.691912785891268e-05}}, "s6": {"state_name": "s6", "gmodel_type": "CEAGas", "rho": 18.049, "p": 24514171.93297364, "T": 4530.45, "a": 1282.2, "h": 6360200.0, "u": 5002030.0, "s": 8792.1, "gamma": 1.146750383501736, "R": 299.7840274021994, "Cp": 2342.6, "molecular_mass": 0.027735, "v": 1282.200815942897, "M": 1.0000006363616416, "Ht": 7182229.99993, "Ue": 3790.0474930876526, "total_p": 43572536.734084666, "total_T": 4963.82, "pitot_p": 43573731.578131914, "composition_massf": {"e-": 0.0, "N-": 0.0, "O2+": 0.0, "N": 0.00026566, "N2": 0.71117, "O+": 0.0, "N2O": 0.00016538, "N2+": 0.0, "O": 0.044587, "O2": 0.12462, "NO": 0.11858, "O-": 0.0, "N+": 0.0, "NO2": 0.00060566, "NO+": 2.624e-06}, "composition_moles": {"e-": 0.0, "N-": 0.0, "O2+": 0.0, "N": 0.0005260396881492428, "N2": 0.7041023206751055, "O+": 0.0, "N2O": 0.00010421546232005234, "N2+": 0.0, "O": 0.07729167625035939, "O2": 0.10801454117029388, "NO": 0.10960492366552135, "O-": 0.0, "N+": 0.0, "NO2": 0.0003651298236080469, "NO+": 2.425439180564434e-06}}, "s8": {"state_name": "s8", "gmodel_type": "CEAGas", "rho": 0.028396, "p": 7288.992596732228, "T": 890.68, "a": 587.2, "h": 628570.0, "u": 371890.0, "s": 8792.1, "gamma": 1.3436646858455126, "R": 288.19792027729636, "Cp": 1126.8, "molecular_mass": 0.02885, "v": 3620.400382886488, "M": 6.165531987204509, "Ht": 7182209.99993, "Ue": 3790.0422161052506, "total_p": 43572414.99343446, "total_T": 4963.81, "pitot_p": 359292.554933577, "unit_Re": 2552256.4367538407, "k": 0.06061, "mu": 4.028e-05, "composition_massf": {"e-": 0.0, "N-": 0.0, "O2+": 0.0, "N": 0.0, "N2": 0.76708, "O+": 0.0, "N2O": 0.0, "N2+": 0.0, "O": 0.0, "O2": 0.23291, "NO": 8.4493e-06, "O-": 0.0, "N+": 0.0, "NO2": 0.0, "NO+": 0.0}, "composition_moles": {"e-": 0.0, "N-": 0.0, "O2+": 0.0, "N": 0.0, "N2": 0.7899882913177266, "O+": 0.0, "N2O": 0.0, "N2+": 0.0, "O": 0.0, "O2": 0.20999079652986988, "NO": 8.123758335805053e-06, "O-": 0.0, "N+": 0.0, "NO2": 0.0, "NO+": 0.0}}, "s10f": {"state_name": "s10f", "gmodel_type": "IdealGas", "rho": 0.167992620300849, "p": 316570.04755380924, "T": 6538.660293623901, "a": 1591.1414154160966, "h": 7370377.882972863, "u": 5485949.584950718, "s": 3152.352231375368, "gamma": 1.3435008413477925, "R": 288.19792027729636, "Cp": 1127.2, "molecular_mass": 0.02885, "v": 611.9576443340695, "M": 0.3846029261792784, "Ht": null, "Ue": null, "total_p": 349208.17948780867, "total_T": 6704.77640365713, "pitot_p": 349208.17948780867}, "s10e": {"state_name": "s10e", "gmodel_type": "CEAGas",