{"states_dict": {"s4": {"state_name": "s4", "gmodel_type": "CEAGas", "rho": 33.429, "p": 37310000.0, "T": 3861.0, "a": 1256.6, "h": 3288120.0, "u": 2172010.0, "s": 6232.3, "gamma": 1.4148350213656617, "R": 289.06963807669575, "Cp": 985.9, "molecular_mass": 0.028763, "v": 0.0, "M": 0.0, "Ht": 3287120.0, "Ue": 2564.028080969473, "total_p": 37307663.26738406, "total_T": 3861.0, "pitot_p": 37307663.26738406, "composition_massf": {"Ar": 0.83332, "O2": 0.14796, "H2": 0.018713}, "composition_moles": {"Ar": 0.5999995784519876, "O2": 0.1329979086715752, "H2": 0.26700102139016213}}, "s1": {"state_name": "s1", "gmodel_type": "CEAGas", "rho": 0.16117, "p": 13848.863713938747, "T": 298.15, "a": 346.7, "h": 7.000000000000001e-05, "u": -85925.0, "s": 7457.900000000001, "gamma": 1.398557725608831, "R": 288.19792027729636, "Cp": 1011.3000000000001, "molecular_mass": 0.02885, "v": 0.0, "M": 0.0, "Ht": null, "Ue": null, "total_p": 13849.701244328791, "total_T": 298.15, "pitot_p": 13849.701244328791, "composition_massf": {"e-": 0.0, "N-": 0.0, "O2+": 0.0, "N": 0.0, "N2": 0.76708, "O+": 0.0, "N2O": 0.0, "N2+": 0.0, "O": 0.0, "O2": 0.23292, "NO": 0.0, "O-": 0.0, "N+": 0.0, "NO2": 0.0, "NO+": 0.0}, "composition_moles": {"e-": 0.0, "N-": 0.0, "O2+": 0.0, "N": 0.0, "N2": 0.7899882913177266, "O+": 0.0, "N2O": 0.0, "N2+": 0.0, "O": 0.0, "O2": 0.20999981249296848, "NO": 0.0, "O-": 0.0, "N+": 0.0, "NO2": 0.0, "NO+": 0.0}}, "s2": {"state_name": "s2", "gmodel_type": "CEAGas", "rho": 1.1931686740960836, "p": 1091900.0, "T": 3140.0092677940575, "a": 1048.4, "h": 3796390.0, "u": 2881230.0, "s": 9035.0, "gamma": 1.16492714051566, "R": 291.4508553000561, "Cp": 2058.6000000000004, "molecular_mass": 0.028527999999999998, "v": 2405.340435055354, "M": 2.2942964851729815, "Ht": 6689229.99993, "Ue": 3657.657720435306, "total_p": 13924621.819441063, "total_T": 4585.05, "pitot_p": 7160956.709154349, "unit_Re": 30085191.652022578, "k": 0.31019, "mu": 9.5395e-05, "composition_massf": {"e-": 0.0, "N-": 0.0, "O2+": 0.0, "N": 4.2602e-06, "N2": 0.74262, "O+": 0.0, "N2O": 1.4225e-05, "N2+": 0.0, "O": 0.012585, "O2": 0.19235, "NO": 0.052296, "O-": 0.0, "N+": 0.0, "NO2": 0.00012716, "NO+": 0.0}, "composition_moles": {"e-": 0.0, "N-": 0.0, "O2+": 0.0, "N": 8.676917875016956e-06, "N2": 0.7562617661547686, "O+": 0.0, "N2O": 9.220290460956812e-06, "N2+": 0.0, "O": 0.022439896496118605, "O2": 0.17148645574209032, "NO": 0.049719899887022974, "O-": 0.0, "N+": 0.0, "NO2": 7.8851886839617e-05, "NO+": 0.0}}, "s3": {"state_name": "s3", "gmodel_type": "CEAGas", "rho": 2.9077, "p": 1091900.0000000005, "T": 1299.07, "a": 745.4, "h": 865510.0, "u": 489980.0, "s": 6232.3, "gamma": 1.47967984413219, "R": 289.06963807669575, "Cp": 891.7, "molecular_mass": 0.028763, "v": 2405.322069384032, "M": 3.2268876702227423, "Ht": 3757290.0, "Ue": 2741.2734267124833, "total_p": 55506377.14724537, "total_T": 4335.17, "pitot_p": 15882875.444602575, "composition_massf": {"Ar": 0.83332, "O2": 0.14796, "H2": 0.018713}, "composition_moles": {"Ar": 0.5999995784519876, "O2": 0.1329979086715752, "H2": 0.26700102139016213}}, "s5": {"state_name": "s5", "gmodel_type": "CEAGas", "rho": 6.0516, "p": 9689107.889408467, "T": 5055.4208066986785, "a": 1398.2, "h": 8109390.0, "u": 6508300.0, "s": 9442.199999999999, "gamma": 1.1334012815595174, "R": 316.70704300460903, "Cp": 2690.7999999999997, "molecular_mass": 0.026253, "v": 0.0, "M": 0.0, "Ht": 8109379.99993, "Ue": 4027.2521649208907, "total_p": 9687718.502555702, "total_T": 5055.39, "pitot_p": 9687718.502555702, "composition_massf": {"e-": 0.0, "N-": 0.0, "O2+": 0.0, "N": 0.0016706, "N2": 0.7138, "O+": 0.0, "N2O": 9.8944e-05, "N2+": 0.0, "O": 0.10792, "O2": 0.065997, "NO": 0.11027, "O-": 1.6504e-06, "N+": 0.0, "NO2": 0.00022237, "NO+": 1.4503e-05}, "composition_moles": {"e-": 0.0, "N-": 0.0, "O2+": 0.0, "N": 0.0031312344663625264, "N2": 0.6689438411617298, "O+": 0.0, "N2O": 5.9018668023847607e-05, "N2+": 0.0, "O": 0.17708312561721065, "O2": 0.0541463817705664, "NO": 0.09647765987582525, "O-": 2.7080056494681486e-06, "N+": 0.0, "NO2": 0.00012689525404571193, "NO+": 1.2689227200803915e-05}}, "s5d": {"state_name": "s5d", "gmodel_type": "CEAGas", "rho": 13.179, "p": 22669710.236025255, "T": 5950.4256409603495, "a": 1547.6, "h": 5394620.0, "u": 3674520.0, "s": 6811.7, "gamma": 1.3923150470104877, "R": 289.06963807669575, "Cp": 1025.9, "molecular_mass": 0.028763, "v": 0.0, "M": 0.0, "Ht": 5393620.0, "Ue": 3284.393399092137, "total_p": 22673001.029053133, "total_T": 5950.43, "pitot_p": 22673001.029053133, "composition_massf": {"Ar": 0.83332, "O2": 0.14796, "H2": 0.018713}, "composition_moles": {"Ar": 0.5999995784519876, "O2": 0.1329979086715752, "H2": 0.26700102139016213}}, "s6": {"state_name": "s6", "gmodel_type": "CEAGas", "rho": 3.8191, "p": 5538530.139761599, "T": 4640.45, "a": 1324.1, "h": 7257370.0, "u": 5807150.0, "s": 9442.199999999999, "gamma": 1.1235545577419, "R": 312.516820146589, "Cp": 2841.9, "molecular_mass": 0.026605, "v": 1324.1008309614285, "M": 1.0000006275669728, "Ht": 8133989.99993, "Ue": 4033.3584021085953, "total_p": 9837569.529461328, "total_T": 5067.64, "pitot_p": 9837577.930288788, "composition_massf": {"e-": 0.0, "N-": 0.0, "O2+": 0.0, "N": 0.00077896, "N2": 0.71775, "O+": 0.0, "N2O": 6.8389e-05, "N2+": 0.0, "O": 0.092802, "O2": 0.084609, "NO": 0.10379, "O-": 0.0, "N+": 0.0, "NO2": 0.00019768, "NO+": 6.3327e-06}, "composition_moles": {"e-": 0.0, "N-": 0.0, "O2+": 0.0, "N": 0.0014795941085337732, "N2": 0.6816644445158389, "O+": 0.0, "N2O": 4.1340004385087976e-05, "N2+": 0.0, "O": 0.1543181125542208, "O2": 0.07034708942210334, "NO": 0.09202571977031336, "O-": 0.0, "N+": 0.0, "NO2": 0.00011431842714458054, "NO+": 5.6150104110401386e-06}}, "s8": {"state_name": "s8", "gmodel_type": "CEAGas", "rho": 0.0076463, "p": 2682.5200285255546, "T": 1217.32, "a": 680.3, "h": 1007610.0, "u": 656790.0, "s": 9442.199999999999, "gamma": 1.3210753704651947, "R": 288.19792027729636, "Cp": 1185.8, "molecular_mass": 0.02885, "v": 3775.28316958513, "M": 5.549438732302117, "Ht": 8133989.99993, "Ue": 4033.3584021085953, "total_p": 9837563.524945587, "total_T": 5067.64, "pitot_p": 105898.53675223325, "unit_Re": 581081.1163814722, "k": 0.07791000000000001, "mu": 4.9678e-05, "composition_massf": {"e-": 0.0, "N-": 0.0, "O2+": 0.0, "N": 0.0, "N2": 0.76697, "O+": 0.0, "N2O": 0.0, "N2+": 0.0, "O": 0.0, "O2": 0.23279, "NO": 0.00023193, "O-": 0.0, "N+": 0.0, "NO2": 0.0, "NO+": 0.0}, "composition_moles": {"e-": 0.0, "N-": 0.0, "O2+": 0.0, "N": 0.0, "N2": 0.7898750062470105, "O+": 0.0, "N2O": 0.0, "N2+": 0.0, "O": 0.0, "O2": 0.2098826049726865, "NO": 0.00022299400788506338, "O-": 0.0, "N+": 0.0, "NO2": 0.0, "NO+": 0.0}}, "s10f": {"state_name": "s10f", "gmodel_type": "IdealGas", "rho": 0.04616375799621175, "p": 93611.78603450055, "T": 7036.205793778503, "a": 1635.5675047327031, "h": 8380824.720969578, "u": 6353004.84455955, "s": 3788.1568517888504, "gamma": 1.3191906705606509, "R": 288.19792027729636, "Cp": 1191.1000000000004, "molecular_mass": 0.02885, "v": 625.3105409423296, "M": 0.3823202277698239, "Ht": null, "Ue": null, "total_p": 102972.41821530869, "total_T": 7200.345359143961, "pitot_p": 102972.41821530869}, "s10e": {"state_name": "s10e", "gmodel_type": "CEAGas", "rho": 0.07030841746212048, "p": 99812.0, "T": 4208.242339026639, "a": 1317.9, "h": 8049710.0, "u": 6630080.0, "s": 10928.2, "gamma": 1.3368194983825696, "R": 337.3436929443746, "Cp": 1338.9, "molecular_mass": 0.024647, "v": 410.57598423618623, "M": 0.3115380410017347, "Ht": 8133999.99993, "Ue": 4033.360881431266, "total_p": 105898.53675223325, "total_T": 4248.23, "pitot_p": 105898.53675223325, "unit_Re": 229868.98948557716, "k": 0.47885, "mu": 0.00012558, "composition_massf": {"e-": 0.0, "N-": 0.0, "O2+": 0.0, "N": 0.0016821, "N2": 0.74523, "O+": 0.0, "N2O": 3.6017e-06, "N2+": 0.0, "O": 0.18723, "O2": 0.022649, "NO": 0.043185, "O-": 0.0, "N+": 0.0, "NO2": 6.2146e-06, "NO+": 7.7901e-06}, "composition_moles": {"e-": 0.0, "N-": 0.0, "O2+": 0.0,