{"states_dict": {"s4": {"state_name": "s4", "gmodel_type": "CEAGas", "rho": 33.429, "p": 37310000.0, "T": 3861.0, "a": 1256.6, "h": 3288120.0, "u": 2172010.0, "s": 6232.3, "gamma": 1.4148350213656617, "R": 289.06963807669575, "Cp": 985.9, "molecular_mass": 0.028763, "v": 0.0, "M": 0.0, "Ht": 3287120.0, "Ue": 2564.028080969473, "total_p": 37307663.26738406, "total_T": 3861.0, "pitot_p": 37307663.26738406, "composition_massf": {"Ar": 0.83332, "O2": 0.14796, "H2": 0.018713}, "composition_moles": {"Ar": 0.5999995784519876, "O2": 0.1329979086715752, "H2": 0.26700102139016213}}, "s1": {"state_name": "s1", "gmodel_type": "CEAGas", "rho": 1.8105, "p": 155567.61439304723, "T": 298.15, "a": 346.7, "h": 7.000000000000001e-05, "u": -85925.0, "s": 6760.799999999999, "gamma": 1.398557725608831, "R": 288.19792027729636, "Cp": 1011.3000000000001, "molecular_mass": 0.02885, "v": 0.0, "M": 0.0, "Ht": null, "Ue": null, "total_p": 155573.97039996652, "total_T": 298.15, "pitot_p": 155573.97039996652, "composition_massf": {"e-": 0.0, "N-": 0.0, "O2+": 0.0, "N": 0.0, "N2": 0.76708, "O+": 0.0, "N2O": 0.0, "N2+": 0.0, "O": 0.0, "O2": 0.23292, "NO": 0.0, "O-": 0.0, "N+": 0.0, "NO2": 0.0, "NO+": 0.0}, "composition_moles": {"e-": 0.0, "N-": 0.0, "O2+": 0.0, "N": 0.0, "N2": 0.7899882913177266, "O+": 0.0, "N2O": 0.0, "N2+": 0.0, "O": 0.0, "O2": 0.20999981249296848, "NO": 0.0, "O-": 0.0, "N+": 0.0, "NO2": 0.0, "NO+": 0.0}}, "s2": {"state_name": "s2", "gmodel_type": "CEAGas", "rho": 10.441919970488442, "p": 5164500.0, "T": 1716.2304903348818, "a": 799.2, "h": 1623140.0, "u": 1128550.0, "s": 7685.6, "gamma": 1.2915960860554094, "R": 288.18793109424286, "Cp": 1276.5, "molecular_mass": 0.028850999999999998, "v": 1512.2495517151556, "M": 1.8922041437877322, "Ht": 2766589.99993, "Ue": 2352.2712428331897, "total_p": 33598687.28998602, "total_T": 2561.46, "pitot_p": 25095839.79880992, "unit_Re": 252579877.70588756, "k": 0.10560000000000001, "mu": 6.2518e-05, "composition_massf": {"e-": 0.0, "N-": 0.0, "O2+": 0.0, "N": 0.0, "N2": 0.76556, "O+": 0.0, "N2O": 1.9687e-06, "N2+": 0.0, "O": 1.8666e-06, "O2": 0.23114, "NO": 0.003196, "O-": 0.0, "N+": 0.0, "NO2": 0.00010659, "NO+": 0.0}, "composition_moles": {"e-": 0.0, "N-": 0.0, "O2+": 0.0, "N": 0.0, "N2": 0.7884502259632891, "O+": 0.0, "N2O": 1.2905101175112694e-06, "N2+": 0.0, "O": 3.365956010850407e-06, "O2": 0.20840219445729216, "NO": 0.003072968363099503, "O-": 0.0, "N+": 0.0, "NO2": 6.684479225310017e-05, "NO+": 0.0}}, "s3": {"state_name": "s3", "gmodel_type": "CEAGas", "rho": 8.4, "p": 5164500.000000002, "T": 2126.88, "a": 944.1, "h": 1621110.0, "u": 1006290.0, "s": 6232.3, "gamma": 1.4496826148843052, "R": 289.06963807669575, "Cp": 931.9, "molecular_mass": 0.028763, "v": 1512.2368761312266, "M": 1.6017761636809942, "Ht": 2763550.0, "Ue": 2350.9785196806884, "total_p": 22518714.672916185, "total_T": 3326.27, "pitot_p": 20165787.802095156, "composition_massf": {"Ar": 0.83332, "O2": 0.14796, "H2": 0.018713}, "composition_moles": {"Ar": 0.5999995784519876, "O2": 0.1329979086715752, "H2": 0.26700102139016213}}, "s5": {"state_name": "s5", "gmodel_type": "CEAGas", "rho": 41.726, "p": 37007861.681759946, "T": 3073.3580300930394, "a": 1046.5, "h": 3529500.0, "u": 2642580.0, "s": 7928.9, "gamma": 1.2274198321780692, "R": 288.5780230459531, "Cp": 1557.5, "molecular_mass": 0.028812, "v": 0.0, "M": 0.0, "Ht": 3529499.99993, "Ue": 2656.8778669445833, "total_p": 37012027.92841079, "total_T": 3073.36, "pitot_p": 37012027.92841079, "composition_massf": {"e-": 0.0, "N-": 0.0, "O2+": 0.0, "N": 0.0, "N2": 0.74347, "O+": 0.0, "N2O": 7.9227e-05, "N2+": 0.0, "O": 0.0017894, "O2": 0.20393, "NO": 0.049964, "O-": 0.0, "N+": 0.0, "NO2": 0.0007644, "NO+": 0.0}, "composition_moles": {"e-": 0.0, "N-": 0.0, "O2+": 0.0, "N": 0.0, "N2": 0.7646646833301205, "O+": 0.0, "N2O": 5.1864192325868844e-05, "N2+": 0.0, "O": 0.003222382889358351, "O2": 0.18362035951348177, "NO": 0.047975670546988786, "O-": 0.0, "N+": 0.0, "NO2": 0.00047872303963656526, "NO+": 0.0}}, "s5d": {"state_name": "s5d", "gmodel_type": "CEAGas", "rho": 26.168, "p": 33455213.820621278, "T": 4422.684428166709, "a": 1341.3, "h": 3845640.0, "u": 2567170.0, "s": 6398.6, "gamma": 1.4071802722925728, "R": 289.06963807669575, "Cp": 999.0, "molecular_mass": 0.028763, "v": 0.0, "M": 0.0, "Ht": 3844640.0, "Ue": 2772.955102413308, "total_p": 33455213.820621278, "total_T": 4422.68, "pitot_p": 33455213.820621278, "composition_massf": {"Ar": 0.83332, "O2": 0.14796, "H2": 0.018713}, "composition_moles": {"Ar": 0.5999995784519876, "O2": 0.1329979086715752, "H2": 0.26700102139016213}}, "s6": {"state_name": "s6", "gmodel_type": "CEAGas", "rho": 25.877, "p": 20466919.479689203, "T": 2743.11, "a": 992.3, "h": 3032870.0, "u": 2241940.0, "s": 7928.9, "gamma": 1.241334929765336, "R": 288.3378415869053, "Cp": 1483.1000000000001, "molecular_mass": 0.028835999999999997, "v": 996.6243023326292, "M": 1.0043578578379817, "Ht": 3529499.99993, "Ue": 2656.8778669445833, "total_p": 37011890.61945508, "total_T": 3073.36, "pitot_p": 37011305.493424185, "composition_massf": {"e-": 0.0, "N-": 0.0, "O2+": 0.0, "N": 0.0, "N2": 0.75126, "O+": 0.0, "N2O": 3.9079e-05, "N2+": 0.0, "O": 0.00073544, "O2": 0.21395, "NO": 0.03351, "O-": 0.0, "N+": 0.0, "NO2": 0.00050175, "NO+": 0.0}, "composition_moles": {"e-": 0.0, "N-": 0.0, "O2+": 0.0, "N": 0.0, "N2": 0.7733203880999807, "O+": 0.0, "N2O": 2.5603507252435658e-05, "N2+": 0.0, "O": 0.0013254964461167293, "O2": 0.19280292385964473, "NO": 0.03220326400298606, "O-": 0.0, "N+": 0.0, "NO2": 0.00031449420178022194, "NO+": 0.0}}, "s8": {"state_name": "s8", "gmodel_type": "CEAGas", "rho": 0.056044, "p": 6057.904896860923, "T": 375.07, "a": 388.4, "h": 77989.0, "u": -30104.0, "s": 7928.9, "gamma": 1.3953320961538551, "R": 288.19792027729636, "Cp": 1017.2000000000002, "molecular_mass": 0.02885, "v": 2627.360272212397, "M": 6.7645733064170885, "Ht": 3529489.99993, "Ue": 2656.8741031257014, "total_p": 37011724.635086484, "total_T": 3073.35, "pitot_p": 366522.67613542435, "unit_Re": 6677903.813871725, "k": 0.03139, "mu": 2.205e-05, "composition_massf": {"e-": 0.0, "N-": 0.0, "O2+": 0.0, "N": 0.0, "N2": 0.76708, "O+": 0.0, "N2O": 0.0, "N2+": 0.0, "O": 0.0, "O2": 0.23292, "NO": 0.0, "O-": 0.0, "N+": 0.0, "NO2": 0.0, "NO+": 0.0}, "composition_moles": {"e-": 0.0, "N-": 0.0, "O2+": 0.0, "N": 0.0, "N2": 0.7899882913177266, "O+": 0.0, "N2O": 0.0, "N2+": 0.0, "O": 0.0, "O2": 0.20999981249296848, "NO": 0.0, "O-": 0.0, "N+": 0.0, "NO2": 0.0, "NO+": 0.0}}, "s10f": {"state_name": "s10f", "gmodel_type": "IdealGas", "rho": 0.3057663806052645, "p": 322015.2681001308, "T": 3654.2300861875156, "a": 1212.2219896395093, "h": 3717082.8436699426, "u": 2663941.332615975, "s": 2215.9145487851474, "gamma": 1.3953320961538551, "R": 288.19792027729636, "Cp": 1017.2000000000004, "molecular_mass": 0.02885, "v": 481.55863678280576, "M": 0.3972528471670537, "Ht": null, "Ue": null, "total_p": 358889.74525288655, "total_T": 3768.218839952808, "pitot_p": 358889.74525288655}, "s10e": {"state_name": "s10e", "gmodel_type": "CEAGas", "rho": 0.39733261341951315, "p": 338360.0, "T": 2925.4280547100025, "a": 1010.6, "h": 3460840.0, "u": 2609260.0, "s": 9265.599999999999, "gamma": 1.2879817123918236, "R": 291.09372264818126, "Cp": 1301.9, "molecular_mass": 0.028562999999999998, "v": 370.59071951992996, "M": 0.3667036607163368, "Ht": 3529499.99993, "Ue": 2656.8778669445833, "total_p": 366522.67613542435, "total_T": 2961.85, "pitot_p": 366522.67613542435, "unit_Re": 1623692.2502218792, "k": 0.29634, "mu": 9.0687e-05, "composition_massf": {"e-": 0.0, "N-": 0.0, "O2+": 0.0, "N": 1.9778e-06, "N2": 0.74772, "O+": 0.0, "N2O": 6.2172e-06, "N2+": 0.0, "O": 0.011189, "O2": 0.1996, "NO": 0.041411, "O-": 0.0, "N+": 0.0, "NO2": 6.6245e-05, "NO+": 0.0}, "composition_moles": {"e-": 0.0, "N-": 0.0, "O2+": 0.0, "N": 4.0332056373021474e-06, "N2": 0.7623896549508449, "O+": 0.0, "N2O": 4.034778146357423e-06, "N2+": 0.0, "O": 0.019975212007950296, "O2": 0.17816839381476804,