{"states_dict": {"s4": {"state_name": "s4", "gmodel_type": "CEAGas", "rho": 33.429, "p": 37310000.0, "T": 3861.0, "a": 1256.6, "h": 3288120.0, "u": 2172010.0, "s": 6232.3, "gamma": 1.4148350213656617, "R": 289.06963807669575, "Cp": 985.9, "molecular_mass": 0.028763, "v": 0.0, "M": 0.0, "Ht": 3287120.0, "Ue": 2564.028080969473, "total_p": 37307663.26738406, "total_T": 3861.0, "pitot_p": 37307663.26738406, "composition_massf": {"Ar": 0.83332, "O2": 0.14796, "H2": 0.018713}, "composition_moles": {"Ar": 0.5999995784519876, "O2": 0.1329979086715752, "H2": 0.26700102139016213}}, "s1": {"state_name": "s1", "gmodel_type": "CEAGas", "rho": 6.0681, "p": 521400.82879996847, "T": 298.15, "a": 346.7, "h": 7.000000000000001e-05, "u": -85925.0, "s": 6412.3, "gamma": 1.398557725608831, "R": 288.19792027729636, "Cp": 1011.3000000000001, "molecular_mass": 0.02885, "v": 0.0, "M": 0.0, "Ht": -10.11307, "Ue": null, "total_p": 521284.05212760356, "total_T": 298.14, "pitot_p": 521284.05212760356, "composition_massf": {"e-": 0.0, "N-": 0.0, "O2+": 0.0, "N": 0.0, "N2": 0.76708, "O+": 0.0, "N2O": 0.0, "N2+": 0.0, "O": 0.0, "O2": 0.23292, "NO": 0.0, "O-": 0.0, "N+": 0.0, "NO2": 0.0, "NO+": 0.0}, "composition_moles": {"e-": 0.0, "N-": 0.0, "O2+": 0.0, "N": 0.0, "N2": 0.7899882913177266, "O+": 0.0, "N2O": 0.0, "N2+": 0.0, "O": 0.0, "O2": 0.20999981249296848, "NO": 0.0, "O-": 0.0, "N+": 0.0, "NO2": 0.0, "NO+": 0.0}}, "s2": {"state_name": "s2", "gmodel_type": "CEAGas", "rho": 29.518115761481724, "p": 9581700.0, "T": 1126.3562258587601, "a": 655.8, "h": 900030.0, "u": 575430.0, "s": 6992.7, "gamma": 1.325007340263091, "R": 288.18793109424286, "Cp": 1174.9, "molecular_mass": 0.028850999999999998, "v": 1089.1157916734567, "M": 1.6607438116399158, "Ht": 1493119.99993, "Ue": 1728.0740724459702, "total_p": 43601820.40454269, "total_T": 1613.55, "pitot_p": 37636855.13170522, "unit_Re": 681548569.3507506, "k": 0.07308, "mu": 4.7170000000000004e-05, "composition_massf": {"e-": 0.0, "N-": 0.0, "O2+": 0.0, "N": 0.0, "N2": 0.76702, "O+": 0.0, "N2O": 0.0, "N2+": 0.0, "O": 0.0, "O2": 0.23283, "NO": 0.00011182, "O-": 0.0, "N+": 0.0, "NO2": 4.1575e-05, "NO+": 0.0}, "composition_moles": {"e-": 0.0, "N-": 0.0, "O2+": 0.0, "N": 0.0, "N2": 0.7899538799288912, "O+": 0.0, "N2O": 0.0, "N2+": 0.0, "O": 0.0, "O2": 0.20992594503543885, "NO": 0.00010751543252871916, "O-": 0.0, "N+": 0.0, "NO2": 2.6072541869993805e-05, "NO+": 0.0}}, "s3": {"state_name": "s3", "gmodel_type": "CEAGas", "rho": 12.888, "p": 9581700.000000006, "T": 2571.92, "a": 1034.0, "h": 2039700.0, "u": 1296240.0, "s": 6232.3, "gamma": 1.4381633084673782, "R": 289.06963807669575, "Cp": 948.8, "molecular_mass": 0.028763, "v": 1089.1130735468978, "M": 1.0533008448229186, "Ht": 2631790.0, "Ue": 2294.24933257046, "total_p": 19578715.5337128, "total_T": 3190.46, "pitot_p": 19578845.74501435, "composition_massf": {"Ar": 0.83332, "O2": 0.14796, "H2": 0.018713}, "composition_moles": {"Ar": 0.5999995784519876, "O2": 0.1329979086715752, "H2": 0.26700102139016213}}, "s5": {"state_name": "s5", "gmodel_type": "CEAGas", "rho": 102.68, "p": 58694118.73579215, "T": 1983.7366540855708, "a": 854.7, "h": 1971080.0, "u": 1399470.0, "s": 7173.5, "gamma": 1.2782554387209857, "R": 288.14798128573904, "Cp": 1323.7, "molecular_mass": 0.028855, "v": 0.0, "M": 0.0, "Ht": 1971089.99993, "Ue": 1985.492382221599, "total_p": 58694118.73579215, "total_T": 1983.74, "pitot_p": 58694118.73579215, "composition_massf": {"e-": 0.0, "N-": 0.0, "O2+": 0.0, "N": 0.0, "N2": 0.7634, "O+": 0.0, "N2O": 1.5109e-05, "N2+": 0.0, "O": 6.1265e-06, "O2": 0.22854, "NO": 0.0075349, "O-": 0.0, "N+": 0.0, "NO2": 0.0004958, "NO+": 0.0}, "composition_moles": {"e-": 0.0, "N-": 0.0, "O2+": 0.0, "N": 0.0, "N2": 0.7863346469903689, "O+": 0.0, "N2O": 9.905531913443363e-06, "N2+": 0.0, "O": 1.104917418778204e-05, "O2": 0.20608653136992636, "NO": 0.007245844661585478, "O-": 0.0, "N+": 0.0, "NO2": 0.00031096953625110046, "NO+": 0.0}}, "s5d": {"state_name": "s5d", "gmodel_type": "CEAGas", "rho": 30.585, "p": 35999045.214665666, "T": 4071.7630486053154, "a": 1289.1, "h": 3496450.0, "u": 2319420.0, "s": 6295.200000000001, "gamma": 1.4118209636702974, "R": 289.06963807669575, "Cp": 991.0, "molecular_mass": 0.028763, "v": 0.0, "M": 0.0, "Ht": 3495450.0, "Ue": 2644.031013433844, "total_p": 35993853.48948351, "total_T": 4071.76, "pitot_p": 35993853.48948351, "composition_massf": {"Ar": 0.83332, "O2": 0.14796, "H2": 0.018713}, "composition_moles": {"Ar": 0.5999995784519876, "O2": 0.1329979086715752, "H2": 0.26700102139016213}}, "s6": {"state_name": "s6", "gmodel_type": "CEAGas", "rho": 63.873, "p": 31902104.039098192, "T": 1733.22, "a": 802.8, "h": 1644960.0, "u": 1145500.0, "s": 7173.5, "gamma": 1.2907169478654388, "R": 288.16795480539287, "Cp": 1279.4, "molecular_mass": 0.028853, "v": 807.6137690752926, "M": 1.0059962245581622, "Ht": 1971069.99993, "Ue": 1985.4823091279357, "total_p": 58693655.7122941, "total_T": 1983.73, "pitot_p": 58693617.04017616, "composition_massf": {"e-": 0.0, "N-": 0.0, "O2+": 0.0, "N": 0.0, "N2": 0.76541, "O+": 0.0, "N2O": 5.1916e-06, "N2+": 0.0, "O": 0.0, "O2": 0.23091, "NO": 0.0034014, "O-": 0.0, "N+": 0.0, "NO2": 0.0002711, "NO+": 0.0}, "composition_moles": {"e-": 0.0, "N-": 0.0, "O2+": 0.0, "N": 0.0, "N2": 0.7883503869576703, "O+": 0.0, "N2O": 3.403401619528865e-06, "N2+": 0.0, "O": 0.0, "O2": 0.20820925253447006, "NO": 0.0032706881000863163, "O-": 0.0, "N+": 0.0, "NO2": 0.0001700241992805208, "NO+": 0.0}}, "s8": {"state_name": "s8", "gmodel_type": "CEAGas", "rho": 0.14451, "p": 8015.007390589443, "T": 192.45, "a": 278.6, "h": -106740.0, "u": -162200.0, "s": 7173.5, "gamma": 1.3998294793879724, "R": 288.19792027729636, "Cp": 1008.9999999999999, "molecular_mass": 0.02885, "v": 2038.5386922989712, "M": 7.317080733305711, "Ht": 1971069.99993, "Ue": 1985.4823091279357, "total_p": 58693425.48136419, "total_T": 1983.73, "pitot_p": 563046.8832558583, "unit_Re": 22366504.17008005, "k": 0.01822, "mu": 1.3171e-05, "composition_massf": {"e-": 0.0, "N-": 0.0, "O2+": 0.0, "N": 0.0, "N2": 0.76708, "O+": 0.0, "N2O": 0.0, "N2+": 0.0, "O": 0.0, "O2": 0.23292, "NO": 0.0, "O-": 0.0, "N+": 0.0, "NO2": 0.0, "NO+": 0.0}, "composition_moles": {"e-": 0.0, "N-": 0.0, "O2+": 0.0, "N": 0.0, "N2": 0.7899882913177266, "O+": 0.0, "N2O": 0.0, "N2+": 0.0, "O": 0.0, "O2": 0.20999981249296848, "NO": 0.0, "O-": 0.0, "N+": 0.0, "NO2": 0.0, "NO+": 0.0}}, "s10f": {"state_name": "s10f", "gmodel_type": "IdealGas", "rho": 0.7932314869773015, "p": 499139.99804546044, "T": 2183.3913503432846, "a": 938.5313446817476, "h": 2203041.872496374, "u": 1573793.0261760014, "s": 1549.4102522915769, "gamma": 1.3998294793879726, "R": 288.19792027729636, "Cp": 1009.0, "molecular_mass": 0.02885, "v": 371.3762983918758, "M": 0.39569940897158645, "Ht": null, "Ue": null, "total_p": 556016.3088526059, "total_T": 2251.7364222001975, "pitot_p": 556016.3088526059}, "s10e": {"state_name": "s10e", "gmodel_type": "CEAGas", "rho": 0.9170972884552206, "p": 513920.0, "T": 1944.3935308537286, "a": 846.7, "h": 1919490.0, "u": 1359110.0, "s": 8512.6, "gamma": 1.29766298411571, "R": 288.19792027729636, "Cp": 1256.3999999999999, "molecular_mass": 0.02885, "v": 321.2191663115012, "M": 0.37937777998287614, "Ht": 1971079.99993, "Ue": 1985.4873456811554, "total_p": 563046.8832558583, "total_T": 1983.33, "pitot_p": 563046.8832558583, "unit_Re": 4329393.134209105, "k": 0.11991000000000002, "mu": 6.8044e-05, "composition_massf": {"e-": 0.0, "N-": 0.0, "O2+": 0.0, "N": 0.0, "N2": 0.76392, "O+": 0.0, "N2O": 1.2707e-06, "N2+": 0.0, "O": 4.795e-05, "O2": 0.22924, "NO": 0.0067475, "O-": 0.0, "N+": 0.0, "NO2": 4.4553e-05, "NO+": 0.0}, "composition_moles": {"e-": 0.0, "N-": 0.0, "O2+": 0.0, "N": 0.0, "N2": 0.7867339201953352, "O+": 0.0, "N2O": 8.32932578704377e-07, "N2+": 0.0, "O": 8.646308611572935e-05, "O2": 0.20668193807267773, "NO": 0.006487526702903743, "O-": 0.0, "N+": 0.0, "NO2": 2.7939138798621903e-05, "NO+": 0.0}}},