{"states_dict": {"s4": {"state_name": "s4", "gmodel_type": "CEAGas", "rho": 33.429, "p": 37310000.0, "T": 3861.0, "a": 1256.6, "h": 3288120.0, "u": 2172010.0, "s": 6232.3, "gamma": 1.4148350213656617, "R": 289.06963807669575, "Cp": 985.9, "molecular_mass": 0.028763, "v": 0.0, "M": 0.0, "Ht": 3287120.0, "Ue": 2564.028080969473, "total_p": 37307663.26738406, "total_T": 3861.0, "pitot_p": 37307663.26738406, "composition_massf": {"Ar": 0.83332, "O2": 0.14796, "H2": 0.018713}, "composition_moles": {"Ar": 0.5999995784519876, "O2": 0.1329979086715752, "H2": 0.26700102139016213}}, "s1": {"state_name": "s1", "gmodel_type": "CEAGas", "rho": 0.14686, "p": 12618.56883066021, "T": 298.15, "a": 346.7, "h": 7.000000000000001e-05, "u": -85925.0, "s": 7484.7, "gamma": 1.398557725608831, "R": 288.19792027729636, "Cp": 1011.3000000000001, "molecular_mass": 0.02885, "v": 0.0, "M": 0.0, "Ht": null, "Ue": null, "total_p": 12619.231217254182, "total_T": 298.15, "pitot_p": 12619.231217254182, "composition_massf": {"e-": 0.0, "N-": 0.0, "O2+": 0.0, "N": 0.0, "N2": 0.76708, "O+": 0.0, "N2O": 0.0, "N2+": 0.0, "O": 0.0, "O2": 0.23292, "NO": 0.0, "O-": 0.0, "N+": 0.0, "NO2": 0.0, "NO+": 0.0}, "composition_moles": {"e-": 0.0, "N-": 0.0, "O2+": 0.0, "N": 0.0, "N2": 0.7899882913177266, "O+": 0.0, "N2O": 0.0, "N2+": 0.0, "O": 0.0, "O2": 0.20999981249296848, "NO": 0.0, "O-": 0.0, "N+": 0.0, "NO2": 0.0, "NO+": 0.0}}, "s2": {"state_name": "s2", "gmodel_type": "CEAGas", "rho": 1.0987920041771135, "p": 1021000.0000000001, "T": 3182.2605523596344, "a": 1055.0, "h": 3892020.0, "u": 2962770.0, "s": 9084.8, "gamma": 1.158164959807335, "R": 292.00358221535436, "Cp": 2138.2, "molecular_mass": 0.028474, "v": 2438.9713025230253, "M": 2.3118211398322517, "Ht": 6866309.99993, "Ue": 3705.7549837867045, "total_p": 13411889.41589393, "total_T": 4648.06, "pitot_p": 6775459.170029738, "unit_Re": 27804060.399121653, "k": 0.32905000000000006, "mu": 9.638600000000001e-05, "composition_massf": {"e-": 0.0, "N-": 0.0, "O2+": 0.0, "N": 5.6339e-06, "N2": 0.74169, "O+": 0.0, "N2O": 1.4293e-05, "N2+": 0.0, "O": 0.014721, "O2": 0.18916, "NO": 0.054276, "O-": 0.0, "N+": 0.0, "NO2": 0.00012312, "NO+": 0.0}, "composition_moles": {"e-": 0.0, "N-": 0.0, "O2+": 0.0, "N": 1.1453066646676236e-05, "N2": 0.7538849643384952, "O+": 0.0, "N2O": 9.246830058528428e-06, "N2+": 0.0, "O": 0.02619884208157806, "O2": 0.1683232446216733, "NO": 0.05150468818007005, "O-": 0.0, "N+": 0.0, "NO2": 7.620216887111323e-05, "NO+": 0.0}}, "s3": {"state_name": "s3", "gmodel_type": "CEAGas", "rho": 2.7787, "p": 1021000.0000000001, "T": 1271.08, "a": 737.6, "h": 840570.0, "u": 473140.0, "s": 6232.3, "gamma": 1.4808767887747734, "R": 289.06963807669575, "Cp": 890.2, "molecular_mass": 0.028763, "v": 2438.9533314914743, "M": 3.3066070112411525, "Ht": 3813820.0, "Ue": 2761.818241666167, "total_p": 58050211.475048795, "total_T": 4391.82, "pitot_p": 15581073.482921353, "composition_massf": {"Ar": 0.83332, "O2": 0.14796, "H2": 0.018713}, "composition_moles": {"Ar": 0.5999995784519876, "O2": 0.1329979086715752, "H2": 0.26700102139016213}}, "s5": {"state_name": "s5", "gmodel_type": "CEAGas", "rho": 5.6076, "p": 9148693.737640334, "T": 5120.302009423461, "a": 1412.7, "h": 8315190.000000001, "u": 6683710.0, "s": 9500.8, "gamma": 1.1347549000616026, "R": 318.62464073577314, "Cp": 2683.1, "molecular_mass": 0.026095, "v": 0.0, "M": 0.0, "Ht": 8315179.99993, "Ue": 4078.0338399601346, "total_p": 9149701.487268347, "total_T": 5120.32, "pitot_p": 9149701.487268347, "composition_massf": {"e-": 0.0, "N-": 0.0, "O2+": 0.0, "N": 0.0019994, "N2": 0.71448, "O+": 0.0, "N2O": 9.4613e-05, "N2+": 0.0, "O": 0.11494, "O2": 0.060139, "NO": 0.10813, "O-": 1.8323e-06, "N+": 0.0, "NO2": 0.00019917, "NO+": 1.7092e-05}, "composition_moles": {"e-": 0.0, "N-": 0.0, "O2+": 0.0, "N": 0.0037249561281386765, "N2": 0.6655513290068324, "O+": 0.0, "N2O": 5.609564115439145e-05, "N2+": 0.0, "O": 0.18746698626198482, "O2": 0.049043314280535516, "NO": 0.09403595768860332, "O-": 2.988376381409125e-06, "N+": 0.0, "NO2": 0.00011297216963189185, "NO+": 1.4864440718126578e-05}}, "s5d": {"state_name": "s5d", "gmodel_type": "CEAGas", "rho": 12.715, "p": 22164785.485943817, "T": 6030.34352308736, "a": 1557.6, "h": 5476640.0, "u": 3733440.0, "s": 6831.9, "gamma": 1.3918364391606104, "R": 289.06963807669575, "Cp": 1026.8, "molecular_mass": 0.028763, "v": 0.0, "M": 0.0, "Ht": 5475640.0, "Ue": 3309.2718232263724, "total_p": 22168213.969266124, "total_T": 6030.35, "pitot_p": 22168213.969266124, "composition_massf": {"Ar": 0.83332, "O2": 0.14796, "H2": 0.018713}, "composition_moles": {"Ar": 0.5999995784519876, "O2": 0.1329979086715752, "H2": 0.26700102139016213}}, "s6": {"state_name": "s6", "gmodel_type": "CEAGas", "rho": 3.5405, "p": 5227080.226331798, "T": 4696.22, "a": 1337.1, "h": 7446260.0, "u": 5969890.0, "s": 9500.8, "gamma": 1.1240112425269912, "R": 314.37197519661225, "Cp": 2849.4, "molecular_mass": 0.026448, "v": 1337.100181356828, "M": 1.0000001356344537, "Ht": 8340179.99993, "Ue": 4084.1596442671043, "total_p": 9290761.951927565, "total_T": 5132.8, "pitot_p": 9290739.147062799, "composition_massf": {"e-": 0.0, "N-": 0.0, "O2+": 0.0, "N": 0.00093466, "N2": 0.71814, "O+": 0.0, "N2O": 6.5851e-05, "N2+": 0.0, "O": 0.099764, "O2": 0.078284, "NO": 0.10262, "O-": 0.0, "N+": 0.0, "NO2": 0.00017963, "NO+": 7.5236e-06}, "composition_moles": {"e-": 0.0, "N-": 0.0, "O2+": 0.0, "N": 0.001764861650495834, "N2": 0.678010049476322, "O+": 0.0, "N2O": 3.957092591246184e-05, "N2+": 0.0, "O": 0.16491607635286323, "O2": 0.06470415240571521, "NO": 0.09045140021528955, "O-": 0.0, "N+": 0.0, "NO2": 0.00010326709284759433, "NO+": 6.631578608483761e-06}}, "s8": {"state_name": "s8", "gmodel_type": "CEAGas", "rho": 0.007086, "p": 2588.438641591232, "T": 1267.52, "a": 693.4, "h": 1067620.0, "u": 702330.0, "s": 9500.8, "gamma": 1.3185908221277143, "R": 288.19792027729636, "Cp": 1192.8000000000002, "molecular_mass": 0.02885, "v": 3813.806090375396, "M": 5.500153000252951, "Ht": 8340179.99993, "Ue": 4084.1596442671043, "total_p": 9290727.712272603, "total_T": 5132.8, "pitot_p": 100190.27061708515, "unit_Re": 529552.0536985883, "k": 0.0806, "mu": 5.1033e-05, "composition_massf": {"e-": 0.0, "N-": 0.0, "O2+": 0.0, "N": 0.0, "N2": 0.76693, "O+": 0.0, "N2O": 0.0, "N2+": 0.0, "O": 0.0, "O2": 0.23274, "NO": 0.00033169, "O-": 0.0, "N+": 0.0, "NO2": 1.0218e-06, "NO+": 0.0}, "composition_moles": {"e-": 0.0, "N-": 0.0, "O2+": 0.0, "N": 0.0, "N2": 0.7898338116758409, "O+": 0.0, "N2O": 0.0, "N2+": 0.0, "O": 0.0, "O2": 0.20983752515719342, "NO": 0.00031891037155778323, "O-": 0.0, "N+": 0.0, "NO2": 6.40769690580474e-07, "NO+": 0.0}}, "s10f": {"state_name": "s10f", "gmodel_type": "IdealGas", "rho": 0.04293448070260558, "p": 88643.36430863939, "T": 7163.894370693288, "a": 1648.4348338839793, "h": 8595240.465957804, "u": 6530621.007237768, "s": 3852.954440207924, "gamma": 1.3161444304350012, "R": 288.19792027729636, "Cp": 1199.7999999999997, "molecular_mass": 0.02885, "v": 629.4258932303727, "M": 0.3818324390460395, "Ht": null, "Ue": null, "total_p": 97463.36841221938, "total_T": 7328.995618846671, "pitot_p": 97463.36841221938}, "s10e": {"state_name": "s10e", "gmodel_type": "CEAGas", "rho": 0.06508615891669177, "p": 94435.0, "T": 4278.093468943263, "a": 1335.8, "h": 8253969.999999999, "u": 6803060.0, "s": 10995.1, "gamma": 1.3386539610169255, "R": 339.1462718224833, "Cp": 1340.6, "molecular_mass": 0.024516, "v": 415.2131636926175, "M": 0.3108348283370396, "Ht": 8340179.99993, "Ue": 4084.1596442671043, "total_p": 100190.27061708515, "total_T": 4320.2, "pitot_p": 100190.27061708515, "unit_Re": 212107.6050262935, "k": 0.46126, "mu": 0.00012741, "composition_massf": {"e-": 0.0, "N-": 0.0, "O2+": 0.0, "N": 0.0021768, "N2": 0.74619, "O+": 0.0, "N2O": 3.265e-06, "N2+": 0.0, "O": 0.19361, "O2": 0.017924, "NO": 0.040076, "O-": 0.0, "N+": 0.0, "NO2": 4.8691e-06, "NO+": 9.7116e-06}, "composition_moles": {"e-": 0.0, "N-": 0.0, "O2+": 0.0,