{"states_dict": {"s4": {"state_name": "s4", "gmodel_type": "CEAGas", "rho": 33.429, "p": 37310000.0, "T": 3861.0, "a": 1256.6, "h": 3288120.0, "u": 2172010.0, "s": 6232.3, "gamma": 1.4148350213656617, "R": 289.06963807669575, "Cp": 985.9, "molecular_mass": 0.028763, "v": 0.0, "M": 0.0, "Ht": 3287120.0, "Ue": 2564.028080969473, "total_p": 37307663.26738406, "total_T": 3861.0, "pitot_p": 37307663.26738406, "composition_massf": {"Ar": 0.83332, "O2": 0.14796, "H2": 0.018713}, "composition_moles": {"Ar": 0.5999995784519876, "O2": 0.1329979086715752, "H2": 0.26700102139016213}}, "s1": {"state_name": "s1", "gmodel_type": "CEAGas", "rho": 3.1639, "p": 271858.824273294, "T": 298.15, "a": 346.7, "h": 7.000000000000001e-05, "u": -85925.0, "s": 6599.9, "gamma": 1.398557725608831, "R": 288.19792027729636, "Cp": 1011.3000000000001, "molecular_mass": 0.02885, "v": 0.0, "M": 0.0, "Ht": -10.11307, "Ue": null, "total_p": 271879.127558692, "total_T": 298.14, "pitot_p": 271879.127558692, "composition_massf": {"e-": 0.0, "N-": 0.0, "O2+": 0.0, "N": 0.0, "N2": 0.76708, "O+": 0.0, "N2O": 0.0, "N2+": 0.0, "O": 0.0, "O2": 0.23292, "NO": 0.0, "O-": 0.0, "N+": 0.0, "NO2": 0.0, "NO+": 0.0}, "composition_moles": {"e-": 0.0, "N-": 0.0, "O2+": 0.0, "N": 0.0, "N2": 0.7899882913177266, "O+": 0.0, "N2O": 0.0, "N2+": 0.0, "O": 0.0, "O2": 0.20999981249296848, "NO": 0.0, "O-": 0.0, "N+": 0.0, "NO2": 0.0, "NO+": 0.0}}, "s2": {"state_name": "s2", "gmodel_type": "CEAGas", "rho": 17.00224773087461, "p": 6967700.000000001, "T": 1422.037111268214, "a": 731.9, "h": 1255090.0, "u": 845280.0, "s": 7364.200000000001, "gamma": 1.3072654043469831, "R": 288.18793109424286, "Cp": 1226.1, "molecular_mass": 0.028850999999999998, "v": 1312.4477100507304, "M": 1.7932063260701332, "Ht": 2116349.99993, "Ue": 2057.352667837967, "total_p": 38780297.29468261, "total_T": 2092.71, "pitot_p": 31013547.397607125, "unit_Re": 404968260.6820372, "k": 0.08898, "mu": 5.5101999999999995e-05, "composition_massf": {"e-": 0.0, "N-": 0.0, "O2+": 0.0, "N": 0.0, "N2": 0.76666, "O+": 0.0, "N2O": 0.0, "N2+": 0.0, "O": 0.0, "O2": 0.23241, "NO": 0.00085109, "O-": 0.0, "N+": 0.0, "NO2": 7.5307e-05, "NO+": 0.0}, "composition_moles": {"e-": 0.0, "N-": 0.0, "O2+": 0.0, "N": 0.0, "N2": 0.7895831159373728, "O+": 0.0, "N2O": 0.0, "N2+": 0.0, "O": 0.0, "O2": 0.20954726145980476, "NO": 0.0008183268598718261, "O-": 0.0, "N+": 0.0, "NO2": 4.722657632239624e-05, "NO+": 0.0}}, "s3": {"state_name": "s3", "gmodel_type": "CEAGas", "rho": 10.332, "p": 6967700.000000002, "T": 2332.98, "a": 986.8, "h": 1814020.0, "u": 1139630.0, "s": 6232.3, "gamma": 1.4440186740641598, "R": 289.06963807669575, "Cp": 940.1, "molecular_mass": 0.028763, "v": 1312.436139038378, "M": 1.329992033885669, "Ht": 2674270.0, "Ue": 2312.6910731872513, "total_p": 20495159.16610581, "total_T": 3234.3, "pitot_p": 19956280.138824847, "composition_massf": {"Ar": 0.83332, "O2": 0.14796, "H2": 0.018713}, "composition_moles": {"Ar": 0.5999995784519876, "O2": 0.1329979086715752, "H2": 0.26700102139016213}}, "s5": {"state_name": "s5", "gmodel_type": "CEAGas", "rho": 63.928, "p": 46853116.00326214, "T": 2543.2218657886037, "a": 958.7, "h": 2739990.0, "u": 2007080.0, "s": 7579.3, "gamma": 1.253182532117526, "R": 288.17794260363235, "Cp": 1426.3999999999999, "molecular_mass": 0.028852, "v": 0.0, "M": 0.0, "Ht": 2739989.99993, "Ue": 2340.9357103218363, "total_p": 46860775.751442306, "total_T": 2543.22, "pitot_p": 46860775.751442306, "composition_massf": {"e-": 0.0, "N-": 0.0, "O2+": 0.0, "N": 0.0, "N2": 0.75526, "O+": 0.0, "N2O": 4.3669e-05, "N2+": 0.0, "O": 0.00020326, "O2": 0.21898, "NO": 0.024826, "O-": 0.0, "N+": 0.0, "NO2": 0.0006854, "NO+": 0.0}, "composition_moles": {"e-": 0.0, "N-": 0.0, "O2+": 0.0, "N": 0.0, "N2": 0.7778692168747814, "O+": 0.0, "N2O": 2.862662652682856e-05, "N2+": 0.0, "O": 0.00036654234033776267, "O2": 0.19744524669675115, "NO": 0.02387113793528649, "O-": 0.0, "N+": 0.0, "NO2": 0.0004298434056797557, "NO+": 0.0}}, "s5d": {"state_name": "s5d", "gmodel_type": "CEAGas", "rho": 28.518, "p": 34870994.73593176, "T": 4230.014415348086, "a": 1312.9, "h": 3653570.0, "u": 2430800.0, "s": 6342.2, "gamma": 1.4096615645743926, "R": 289.06963807669575, "Cp": 994.7, "molecular_mass": 0.028763, "v": 0.0, "M": 0.0, "Ht": 3652570.0, "Ue": 2702.802249518081, "total_p": 34872988.257799365, "total_T": 4230.01, "pitot_p": 34872988.257799365, "composition_massf": {"Ar": 0.83332, "O2": 0.14796, "H2": 0.018713}, "composition_moles": {"Ar": 0.5999995784519876, "O2": 0.1329979086715752, "H2": 0.26700102139016213}}, "s6": {"state_name": "s6", "gmodel_type": "CEAGas", "rho": 39.672, "p": 25683830.095054977, "T": 2246.63, "a": 905.3, "h": 2325360.0, "u": 1677950.0, "s": 7579.3, "gamma": 1.2658052181767814, "R": 288.16795480539287, "Cp": 1372.3000000000002, "molecular_mass": 0.028853, "v": 910.6371395896392, "M": 1.0058954375230744, "Ht": 2739989.99993, "Ue": 2340.9357103218363, "total_p": 46860552.0649073, "total_T": 2543.22, "pitot_p": 46861375.60440516, "composition_massf": {"e-": 0.0, "N-": 0.0, "O2+": 0.0, "N": 0.0, "N2": 0.76028, "O+": 0.0, "N2O": 1.8649e-05, "N2+": 0.0, "O": 5.6293e-05, "O2": 0.22495, "NO": 0.014273, "O-": 0.0, "N+": 0.0, "NO2": 0.000416, "NO+": 0.0}, "composition_moles": {"e-": 0.0, "N-": 0.0, "O2+": 0.0, "N": 0.0, "N2": 0.7830666338252408, "O+": 0.0, "N2O": 1.2225525233568417e-05, "N2+": 0.0, "O": 0.00010151767747540532, "O2": 0.2028351797567409, "NO": 0.01372450498398659, "O-": 0.0, "N+": 0.0, "NO2": 0.00026090028366173613, "NO+": 0.0}}, "s8": {"state_name": "s8", "gmodel_type": "CEAGas", "rho": 0.087777, "p": 7001.641499910552, "T": 276.78, "a": 334.1, "h": -21603.0, "u": -101370.0, "s": 7579.3, "gamma": 1.3989991561258377, "R": 288.19792027729636, "Cp": 1010.5, "molecular_mass": 0.02885, "v": 2350.145952914414, "M": 7.034259062898575, "Ht": 2739989.99993, "Ue": 2340.9357103218363, "total_p": 46860355.12309768, "total_T": 2543.22, "pitot_p": 456697.86968760437, "unit_Re": 11724949.488971723, "k": 0.02485, "mu": 1.7594e-05, "composition_massf": {"e-": 0.0, "N-": 0.0, "O2+": 0.0, "N": 0.0, "N2": 0.76708, "O+": 0.0, "N2O": 0.0, "N2+": 0.0, "O": 0.0, "O2": 0.23292, "NO": 0.0, "O-": 0.0, "N+": 0.0, "NO2": 0.0, "NO+": 0.0}, "composition_moles": {"e-": 0.0, "N-": 0.0, "O2+": 0.0, "N": 0.0, "N2": 0.7899882913177266, "O+": 0.0, "N2O": 0.0, "N2+": 0.0, "O": 0.0, "O2": 0.20999981249296848, "NO": 0.0, "O-": 0.0, "N+": 0.0, "NO2": 0.0, "NO+": 0.0}}, "s10f": {"state_name": "s10f", "gmodel_type": "IdealGas", "rho": 0.4792209807143111, "p": 403005.32421477296, "T": 2917.99213969221, "a": 1084.6664480534414, "h": 2948631.0571589787, "u": 2107671.7911141855, "s": 1907.114557086671, "gamma": 1.3989991561258377, "R": 288.19792027729636, "Cp": 1010.5000000000001, "molecular_mass": 0.02885, "v": 430.46052743781473, "M": 0.39685981640745466, "Ht": null, "Ue": null, "total_p": 449180.1244968326, "total_T": 3009.677575457693, "pitot_p": 449180.1244968326}, "s10e": {"state_name": "s10e", "gmodel_type": "CEAGas", "rho": 0.5846136011700299, "p": 419020.0, "T": 2483.4814429367652, "a": 943.5, "h": 2677730.0, "u": 1960980.0, "s": 8914.7, "gamma": 1.2896531638765367, "R": 288.6080738658058, "Cp": 1285.0, "molecular_mass": 0.028809, "v": 352.86343132644834, "M": 0.37399409785527116, "Ht": 2739979.99993, "Ue": 2340.9314385218545, "total_p": 456697.86968760437, "total_T": 2524.69, "pitot_p": 456697.86968760437, "unit_Re": 2560366.902184045, "k": 0.1738, "mu": 8.057e-05, "composition_massf": {"e-": 0.0, "N-": 0.0, "O2+": 0.0, "N": 0.0, "N2": 0.7566, "O+": 0.0, "N2O": 3.7255e-06, "N2+": 0.0, "O": 0.0016085, "O2": 0.21931, "NO": 0.022414, "O-": 0.0, "N+": 0.0, "NO2": 6.2251e-05, "NO+": 0.0}, "composition_moles": {"e-": 0.0, "N-": 0.0, "O2+": 0.0, "N": 0.0, "N2": 0.7780879650452998, "O+": 0.0, "N2O": 2.438561725225389e-06, "N2+": 0.0, "O": 0.0028963133930022377, "O2": 0.19744808524069654, "NO": 0.021519788509669704, "O-": 0.0, "N+": 0.0, "NO2": 3.8982057775700735e-05, "NO+": 0.0}}},