{"states_dict": {"s4": {"state_name": "s4", "gmodel_type": "CEAGas", "rho": 33.429, "p": 37310000.0, "T": 3861.0, "a": 1256.6, "h": 3288120.0, "u": 2172010.0, "s": 6232.3, "gamma": 1.4148350213656617, "R": 289.06963807669575, "Cp": 985.9, "molecular_mass": 0.028763, "v": 0.0, "M": 0.0, "Ht": 3287120.0, "Ue": 2564.028080969473, "total_p": 37307663.26738406, "total_T": 3861.0, "pitot_p": 37307663.26738406, "composition_massf": {"Ar": 0.83332, "O2": 0.14796, "H2": 0.018713}, "composition_moles": {"Ar": 0.5999995784519876, "O2": 0.1329979086715752, "H2": 0.26700102139016213}}, "s1": {"state_name": "s1", "gmodel_type": "CEAGas", "rho": 1.5747, "p": 135304.77745798076, "T": 298.15, "a": 346.7, "h": 7.000000000000001e-05, "u": -85925.0, "s": 6801.0, "gamma": 1.398557725608831, "R": 288.19792027729636, "Cp": 1011.3000000000001, "molecular_mass": 0.02885, "v": 0.0, "M": 0.0, "Ht": null, "Ue": null, "total_p": 135312.0238495863, "total_T": 298.15, "pitot_p": 135312.0238495863, "composition_massf": {"e-": 0.0, "N-": 0.0, "O2+": 0.0, "N": 0.0, "N2": 0.76708, "O+": 0.0, "N2O": 0.0, "N2+": 0.0, "O": 0.0, "O2": 0.23292, "NO": 0.0, "O-": 0.0, "N+": 0.0, "NO2": 0.0, "NO+": 0.0}, "composition_moles": {"e-": 0.0, "N-": 0.0, "O2+": 0.0, "N": 0.0, "N2": 0.7899882913177266, "O+": 0.0, "N2O": 0.0, "N2+": 0.0, "O": 0.0, "O2": 0.20999981249296848, "NO": 0.0, "O-": 0.0, "N+": 0.0, "NO2": 0.0, "NO+": 0.0}}, "s2": {"state_name": "s2", "gmodel_type": "CEAGas", "rho": 9.229068120293652, "p": 4774200.0, "T": 1795.0153877168746, "a": 816.1, "h": 1724250.0, "u": 1206960.0, "s": 7765.799999999999, "gamma": 1.2875231577415436, "R": 288.18793109424286, "Cp": 1290.5, "molecular_mass": 0.028850999999999998, "v": 1563.086309877005, "M": 1.9153122287428073, "Ht": 2945869.99993, "Ue": 2427.290670657307, "total_p": 32245180.996668845, "total_T": 2685.34, "pitot_p": 23663356.630446672, "unit_Re": 223847156.98274982, "k": 0.11024, "mu": 6.4445e-05, "composition_massf": {"e-": 0.0, "N-": 0.0, "O2+": 0.0, "N": 0.0, "N2": 0.76507, "O+": 0.0, "N2O": 2.472e-06, "N2+": 0.0, "O": 4.2455e-06, "O2": 0.23058, "NO": 0.0042285, "O-": 0.0, "N+": 0.0, "NO2": 0.00011388, "NO+": 0.0}, "composition_moles": {"e-": 0.0, "N-": 0.0, "O2+": 0.0, "N": 0.0, "N2": 0.7879455749748335, "O+": 0.0, "N2O": 1.6204302384760795e-06, "N2+": 0.0, "O": 7.655719620735778e-06, "O2": 0.2078972830231134, "NO": 0.004065721753243506, "O-": 0.0, "N+": 0.0, "NO2": 7.141650193998543e-05, "NO+": 0.0}}, "s3": {"state_name": "s3", "gmodel_type": "CEAGas", "rho": 7.9571, "p": 4774200.000000004, "T": 2075.6, "a": 933.1, "h": 1573370.0, "u": 973380.0, "s": 6232.3, "gamma": 1.4512268778658088, "R": 289.06963807669575, "Cp": 929.6999999999999, "molecular_mass": 0.028763, "v": 1563.0919455953422, "M": 1.675160160320804, "Ht": 2794000.0, "Ue": 2363.895090734781, "total_p": 23239864.741358243, "total_T": 3357.58, "pitot_p": 20152681.288973372, "composition_massf": {"Ar": 0.83332, "O2": 0.14796, "H2": 0.018713}, "composition_moles": {"Ar": 0.5999995784519876, "O2": 0.1329979086715752, "H2": 0.26700102139016213}}, "s5": {"state_name": "s5", "gmodel_type": "CEAGas", "rho": 37.433, "p": 34696414.81137527, "T": 3209.007133826446, "a": 1067.8, "h": 3745020.0, "u": 2818120.0, "s": 8016.2, "gamma": 1.2195054032954236, "R": 288.83867157646074, "Cp": 1604.7, "molecular_mass": 0.028786000000000003, "v": 0.0, "M": 0.0, "Ht": 3745019.99993, "Ue": 2736.79374448642, "total_p": 34692304.19653033, "total_T": 3209.01, "pitot_p": 34692304.19653033, "composition_massf": {"e-": 0.0, "N-": 0.0, "O2+": 0.0, "N": 1.118e-06, "N2": 0.74008, "O+": 0.0, "N2O": 8.8388e-05, "N2+": 0.0, "O": 0.0027935, "O2": 0.19904, "NO": 0.057227, "O-": 0.0, "N+": 0.0, "NO2": 0.00076779, "NO+": 0.0}, "composition_moles": {"e-": 0.0, "N-": 0.0, "O2+": 0.0, "N": 2.29766811597307e-06, "N2": 0.760491153519387, "O+": 0.0, "N2O": 5.780902301148757e-05, "N2+": 0.0, "O": 0.005026044164156156, "O2": 0.179055634586297, "NO": 0.054900051056285225, "O-": 0.0, "N+": 0.0, "NO2": 0.0004804121885426743, "NO+": 0.0}}, "s5d": {"state_name": "s5d", "gmodel_type": "CEAGas", "rho": 25.502, "p": 33019098.796975523, "T": 4479.041575961072, "a": 1349.4, "h": 3901980.0, "u": 2607220.0, "s": 6415.099999999999, "gamma": 1.4064360206656472, "R": 289.06963807669575, "Cp": 1000.3, "molecular_mass": 0.028763, "v": 0.0, "M": 0.0, "Ht": 3900980.0, "Ue": 2793.198883001352, "total_p": 33013496.74559419, "total_T": 4479.04, "pitot_p": 33013496.74559419, "composition_massf": {"Ar": 0.83332, "O2": 0.14796, "H2": 0.018713}, "composition_moles": {"Ar": 0.5999995784519876, "O2": 0.1329979086715752, "H2": 0.26700102139016213}}, "s6": {"state_name": "s6", "gmodel_type": "CEAGas", "rho": 23.219, "p": 19241102.03293792, "T": 2872.69, "a": 1013.5, "h": 3227980.0, "u": 2399310.0, "s": 8016.2, "gamma": 1.2337983328052011, "R": 288.4678902265552, "Cp": 1522.3, "molecular_mass": 0.028823, "v": 1016.897241612937, "M": 1.0033519897512946, "Ht": 3745019.99993, "Ue": 2736.79374448642, "total_p": 34692024.364867754, "total_T": 3209.01, "pitot_p": 34691783.80858697, "composition_massf": {"e-": 0.0, "N-": 0.0, "O2+": 0.0, "N": 0.0, "N2": 0.74837, "O+": 0.0, "N2O": 4.5035e-05, "N2+": 0.0, "O": 0.0012487, "O2": 0.21013, "NO": 0.039687, "O-": 0.0, "N+": 0.0, "NO2": 0.00051364, "NO+": 0.0}, "composition_moles": {"e-": 0.0, "N-": 0.0, "O2+": 0.0, "N": 0.0, "N2": 0.7699982333454704, "O+": 0.0, "N2O": 2.9492415956267268e-05, "N2+": 0.0, "O": 0.0022495393639761488, "O2": 0.18927512875482833, "NO": 0.03812219518697865, "O-": 0.0, "N+": 0.0, "NO2": 0.00032180164806381846, "NO+": 0.0}}, "s8": {"state_name": "s8", "gmodel_type": "CEAGas", "rho": 0.049978, "p": 5819.108612913619, "T": 404.01, "a": 402.8, "h": 107470.0, "u": -8958.4, "s": 8016.2, "gamma": 1.3934968622514174, "R": 288.19792027729636, "Cp": 1020.5999999999999, "molecular_mass": 0.02885, "v": 2697.239329388477, "M": 6.696224750219654, "Ht": 3745019.99993, "Ue": 2736.79374448642, "total_p": 34692334.87988634, "total_T": 3209.01, "pitot_p": 345083.7688548222, "unit_Re": 5793975.208638241, "k": 0.0332, "mu": 2.3266e-05, "composition_massf": {"e-": 0.0, "N-": 0.0, "O2+": 0.0, "N": 0.0, "N2": 0.76708, "O+": 0.0, "N2O": 0.0, "N2+": 0.0, "O": 0.0, "O2": 0.23292, "NO": 0.0, "O-": 0.0, "N+": 0.0, "NO2": 0.0, "NO+": 0.0}, "composition_moles": {"e-": 0.0, "N-": 0.0, "O2+": 0.0, "N": 0.0, "N2": 0.7899882913177266, "O+": 0.0, "N2O": 0.0, "N2+": 0.0, "O": 0.0, "O2": 0.20999981249296848, "NO": 0.0, "O-": 0.0, "N+": 0.0, "NO2": 0.0, "NO+": 0.0}}, "s10f": {"state_name": "s10f", "gmodel_type": "IdealGas", "rho": 0.27304336776577937, "p": 302858.59989094274, "T": 3848.7299178159265, "a": 1243.246189267349, "h": 3928013.7541229343, "u": 2818817.796099375, "s": 2295.037169942079, "gamma": 1.3934968622514174, "R": 288.19792027729636, "Cp": 1020.6, "molecular_mass": 0.02885, "v": 493.6979884039762, "M": 0.3971039627275389, "Ht": null, "Ue": null, "total_p": 337466.8952482141, "total_T": 3968.138943758574, "pitot_p": 337466.8952482141}, "s10e": {"state_name": "s10e", "gmodel_type": "CEAGas", "rho": 0.3612409973706296, "p": 319110.0, "T": 3022.0010616668683, "a": 1025.7, "h": 3675390.0, "u": 2792010.0, "s": 9354.8, "gamma": 1.288633628997795, "R": 292.32183665576764, "Cp": 1305.1, "molecular_mass": 0.028443000000000003, "v": 373.1653610342327, "M": 0.36381530762818826, "Ht": 3745019.99993, "Ue": 2736.79374448642, "total_p": 345083.7688548222, "total_T": 3056.83, "pitot_p": 345083.7688548222, "unit_Re": 1450114.32018263, "k": 0.34109, "mu": 9.296e-05, "composition_massf": {"e-": 0.0, "N-": 0.0, "O2+": 0.0, "N": 3.8416e-06, "N2": 0.74569, "O+": 0.0, "N2O": 6.6864e-06, "N2+": 0.0, "O": 0.015888, "O2": 0.19257, "NO": 0.045774, "O-": 0.0, "N+": 0.0, "NO2": 6.5025e-05, "NO+": 0.0}, "composition_moles": {"e-": 0.0, "N-": 0.0, "O2+": 0.0, "N": 7.801025851913728e-06, "N2": 0.7571255424189852, "O+": 0.0, "N2O": 4.32104467791188e-06, "N2+": 0.0, "O": 0.028244958185931975, "O2": 0.17117105985224448, "NO": 0.04338950686693706,