{"states_dict": {"s4": {"state_name": "s4", "gmodel_type": "CEAGas", "rho": 33.429, "p": 37310000.0, "T": 3861.0, "a": 1256.6, "h": 3288120.0, "u": 2172010.0, "s": 6232.3, "gamma": 1.4148350213656617, "R": 289.06963807669575, "Cp": 985.9, "molecular_mass": 0.028763, "v": 0.0, "M": 0.0, "Ht": 3287120.0, "Ue": 2564.028080969473, "total_p": 37307663.26738406, "total_T": 3861.0, "pitot_p": 37307663.26738406, "composition_massf": {"Ar": 0.83332, "O2": 0.14796, "H2": 0.018713}, "composition_moles": {"Ar": 0.5999995784519876, "O2": 0.1329979086715752, "H2": 0.26700102139016213}}, "s1": {"state_name": "s1", "gmodel_type": "CEAGas", "rho": 8.0217, "p": 689261.2104349695, "T": 298.15, "a": 346.7, "h": 7.000000000000001e-05, "u": -85925.0, "s": 6331.8, "gamma": 1.398557725608831, "R": 288.19792027729636, "Cp": 1011.3000000000001, "molecular_mass": 0.02885, "v": 0.0, "M": 0.0, "Ht": null, "Ue": null, "total_p": 689316.0231022452, "total_T": 298.15, "pitot_p": 689316.0231022452, "composition_massf": {"e-": 0.0, "N-": 0.0, "O2+": 0.0, "N": 0.0, "N2": 0.76708, "O+": 0.0, "N2O": 0.0, "N2+": 0.0, "O": 0.0, "O2": 0.23292, "NO": 0.0, "O-": 0.0, "N+": 0.0, "NO2": 0.0, "NO+": 0.0}, "composition_moles": {"e-": 0.0, "N-": 0.0, "O2+": 0.0, "N": 0.0, "N2": 0.7899882913177266, "O+": 0.0, "N2O": 0.0, "N2+": 0.0, "O": 0.0, "O2": 0.20999981249296848, "NO": 0.0, "O-": 0.0, "N+": 0.0, "NO2": 0.0, "NO+": 0.0}}, "s2": {"state_name": "s2", "gmodel_type": "CEAGas", "rho": 37.120069862597205, "p": 10871000.0, "T": 1016.1551166495058, "a": 624.8, "h": 771710.0, "u": 478860.0, "s": 6836.400000000001, "gamma": 1.3329681253995578, "R": 288.18793109424286, "Cp": 1153.7, "molecular_mass": 0.028850999999999998, "v": 997.4407245274776, "M": 1.596416012367922, "Ht": 1269159.99993, "Ue": 1593.2105949497072, "total_p": 45010703.882626325, "total_T": 1433.43, "pitot_p": 40070207.18152054, "unit_Re": 840943703.5127542, "k": 0.06726, "mu": 4.4028e-05, "composition_massf": {"e-": 0.0, "N-": 0.0, "O2+": 0.0, "N": 0.0, "N2": 0.76705, "O+": 0.0, "N2O": 0.0, "N2+": 0.0, "O": 0.0, "O2": 0.23288, "NO": 3.879e-05, "O-": 0.0, "N+": 0.0, "NO2": 3.001e-05, "NO+": 0.0}, "composition_moles": {"e-": 0.0, "N-": 0.0, "O2+": 0.0, "N": 0.0, "N2": 0.7899847769281844, "O+": 0.0, "N2O": 0.0, "N2+": 0.0, "O": 0.0, "O2": 0.20997102641349052, "NO": 3.7296759325603795e-05, "O-": 0.0, "N+": 0.0, "NO2": 1.881989131734249e-05, "NO+": 0.0}}, "s3": {"state_name": "s3", "gmodel_type": "CEAGas", "rho": 14.071, "p": 10870999.999999996, "T": 2672.59, "a": 1053.2, "h": 2135390.0, "u": 1362830.0, "s": 6232.3, "gamma": 1.435916758868189, "R": 289.06963807669575, "Cp": 952.2, "molecular_mass": 0.028763, "v": 997.434719888057, "M": 0.947051576042591, "Ht": 2631830.0, "Ue": 2294.2667674008617, "total_p": 19579520.818408903, "total_T": 3190.5, "pitot_p": 19579520.818408903, "composition_massf": {"Ar": 0.83332, "O2": 0.14796, "H2": 0.018713}, "composition_moles": {"Ar": 0.5999995784519876, "O2": 0.1329979086715752, "H2": 0.26700102139016213}}, "s5": {"state_name": "s5", "gmodel_type": "CEAGas", "rho": 124.46, "p": 63453783.6357191, "T": 1769.2385460091919, "a": 810.5, "h": 1691240.0, "u": 1181420.0, "s": 7001.8, "gamma": 1.2888390408280659, "R": 288.15796769945246, "Cp": 1285.8, "molecular_mass": 0.028853999999999998, "v": 0.0, "M": 0.0, "Ht": 1691239.99993, "Ue": 1839.1519784563754, "total_p": 63448812.988669865, "total_T": 1769.24, "pitot_p": 63448812.988669865, "composition_massf": {"e-": 0.0, "N-": 0.0, "O2+": 0.0, "N": 0.0, "N2": 0.76515, "O+": 0.0, "N2O": 8.2749e-06, "N2+": 0.0, "O": 0.0, "O2": 0.23057, "NO": 0.0038673, "O-": 0.0, "N+": 0.0, "NO2": 0.00040117, "NO+": 0.0}, "composition_moles": {"e-": 0.0, "N-": 0.0, "O2+": 0.0, "N": 0.0, "N2": 0.7881099081154018, "O+": 0.0, "N2O": 5.4248755952813725e-06, "N2+": 0.0, "O": 0.0, "O2": 0.20790988349563108, "NO": 0.003718812981360457, "O-": 0.0, "N+": 0.0, "NO2": 0.0002516081594591951, "NO+": 0.0}}, "s5d": {"state_name": "s5d", "gmodel_type": "CEAGas", "rho": 31.246, "p": 36330455.08900992, "T": 4022.3088878793988, "a": 1281.6, "h": 3447470.0, "u": 2284740.0, "s": 6280.400000000001, "gamma": 1.4125262066328654, "R": 289.06963807669575, "Cp": 989.8000000000001, "molecular_mass": 0.028763, "v": 0.0, "M": 0.0, "Ht": 3446460.0, "Ue": 2625.437106464369, "total_p": 36331079.158036426, "total_T": 4022.3, "pitot_p": 36331079.158036426, "composition_massf": {"Ar": 0.83332, "O2": 0.14796, "H2": 0.018713}, "composition_moles": {"Ar": 0.5999995784519876, "O2": 0.1329979086715752, "H2": 0.26700102139016213}}, "s6": {"state_name": "s6", "gmodel_type": "CEAGas", "rho": 77.504, "p": 34366310.946852826, "T": 1538.7, "a": 759.4, "h": 1399360.0, "u": 955940.0, "s": 7001.8, "gamma": 1.3008993479664273, "R": 288.17794260363235, "Cp": 1245.9, "molecular_mass": 0.028852, "v": 764.0418836686899, "M": 1.0061125673804188, "Ht": 1691239.99993, "Ue": 1839.1519784563754, "total_p": 63449890.9914218, "total_T": 1769.24, "pitot_p": 63449265.2207131, "composition_massf": {"e-": 0.0, "N-": 0.0, "O2+": 0.0, "N": 0.0, "N2": 0.7663, "O+": 0.0, "N2O": 2.5286e-06, "N2+": 0.0, "O": 0.0, "O2": 0.23196, "NO": 0.0015285, "O-": 0.0, "N+": 0.0, "NO2": 0.00020824, "NO+": 0.0}, "composition_moles": {"e-": 0.0, "N-": 0.0, "O2+": 0.0, "N": 0.0, "N2": 0.7892397067117879, "O+": 0.0, "N2O": 1.657589773883961e-06, "N2+": 0.0, "O": 0.0, "O2": 0.20914877807917798, "NO": 0.001469710558853033, "O-": 0.0, "N+": 0.0, "NO2": 0.00013059613480996839, "NO+": 0.0}}, "s8": {"state_name": "s8", "gmodel_type": "CEAGas", "rho": 0.17696, "p": 8387.077367595097, "T": 164.46, "a": 257.6, "h": -134980.0, "u": -182380.0, "s": 7001.8, "gamma": 1.399607722135391, "R": 288.19792027729636, "Cp": 1009.4000000000001, "molecular_mass": 0.02885, "v": 1911.1357879543777, "M": 7.419005388021652, "Ht": 1691239.99993, "Ue": 1839.1519784563754, "total_p": 63449944.71823139, "total_T": 1769.24, "pitot_p": 604873.8471762867, "unit_Re": 29397999.74238584, "k": 0.01556, "mu": 1.1504e-05, "composition_massf": {"e-": 0.0, "N-": 0.0, "O2+": 0.0, "N": 0.0, "N2": 0.76708, "O+": 0.0, "N2O": 0.0, "N2+": 0.0, "O": 0.0, "O2": 0.23292, "NO": 0.0, "O-": 0.0, "N+": 0.0, "NO2": 0.0, "NO+": 0.0}, "composition_moles": {"e-": 0.0, "N-": 0.0, "O2+": 0.0, "N": 0.0, "N2": 0.7899882913177266, "O+": 0.0, "N2O": 0.0, "N2+": 0.0, "O": 0.0, "O2": 0.20999981249296848, "NO": 0.0, "O-": 0.0, "N+": 0.0, "NO2": 0.0, "NO+": 0.0}}, "s10f": {"state_name": "s10f", "gmodel_type": "IdealGas", "rho": 0.9740481082330099, "p": 537285.1624899793, "T": 1913.9632634371815, "a": 878.6489311735999, "h": 1931954.5181134911, "u": 1380354.2861037483, "s": 1396.041845455294, "gamma": 1.399607722135391, "R": 288.19792027729636, "Cp": 1009.4000000000001, "molecular_mass": 0.02885, "v": 347.19275881420435, "M": 0.3951438925105884, "Ht": null, "Ue": null, "total_p": 598319.9739932962, "total_T": 1973.6733940955025, "pitot_p": 598319.9739932962}, "s10e": {"state_name": "s10e", "gmodel_type": "CEAGas", "rho": 1.1035600899428128, "p": 551080.0, "T": 1732.764812024326, "a": 802.8, "h": 1644280.0, "u": 1144910.0, "s": 8342.7, "gamma": 1.3024286715406734, "R": 288.18793109424286, "Cp": 1241.1000000000001, "molecular_mass": 0.028850999999999998, "v": 306.45779248317336, "M": 0.3817361640298622, "Ht": 1691239.99993, "Ue": 1839.1519784563754, "total_p": 604873.8471762867, "total_T": 1769.36, "pitot_p": 604873.8471762867, "unit_Re": 5374566.373244445, "k": 0.10666, "mu": 6.2925e-05, "composition_massf": {"e-": 0.0, "N-": 0.0, "O2+": 0.0, "N": 0.0, "N2": 0.76548, "O+": 0.0, "N2O": 0.0, "N2+": 0.0, "O": 6.7745e-06, "O2": 0.23107, "NO": 0.0033971, "O-": 0.0, "N+": 0.0, "NO2": 3.5634e-05, "NO+": 0.0}, "composition_moles": {"e-": 0.0, "N-": 0.0, "O2+": 0.0, "N": 0.0, "N2": 0.7883678339651738, "O+": 0.0, "N2O": 0.0, "N2+": 0.0, "O": 1.2216151824443418e-05, "O2": 0.2083390805280198, "NO": 0.0032663269168602383, "O-": 0.0, "N+": 0.0, "NO2": 2.2346817967416936e-05, "NO+": 0.0}}},