{"states_dict": {"s4": {"state_name": "s4", "gmodel_type": "CEAGas", "rho": 33.429, "p": 37310000.0, "T": 3861.0, "a": 1256.6, "h": 3288120.0, "u": 2172010.0, "s": 6232.3, "gamma": 1.4148350213656617, "R": 289.06963807669575, "Cp": 985.9, "molecular_mass": 0.028763, "v": 0.0, "M": 0.0, "Ht": 3287120.0, "Ue": 2564.028080969473, "total_p": 37307663.26738406, "total_T": 3861.0, "pitot_p": 37307663.26738406, "composition_massf": {"Ar": 0.83332, "O2": 0.14796, "H2": 0.018713}, "composition_moles": {"Ar": 0.5999995784519876, "O2": 0.1329979086715752, "H2": 0.26700102139016213}}, "s1": {"state_name": "s1", "gmodel_type": "CEAGas", "rho": 0.78372, "p": 67341.50657750828, "T": 298.15, "a": 346.7, "h": 7.000000000000001e-05, "u": -85925.0, "s": 7002.1, "gamma": 1.398557725608831, "R": 288.19792027729636, "Cp": 1011.3000000000001, "molecular_mass": 0.02885, "v": 0.0, "M": 0.0, "Ht": null, "Ue": null, "total_p": 67345.51640632919, "total_T": 298.15, "pitot_p": 67345.51640632919, "composition_massf": {"e-": 0.0, "N-": 0.0, "O2+": 0.0, "N": 0.0, "N2": 0.76708, "O+": 0.0, "N2O": 0.0, "N2+": 0.0, "O": 0.0, "O2": 0.23292, "NO": 0.0, "O-": 0.0, "N+": 0.0, "NO2": 0.0, "NO+": 0.0}, "composition_moles": {"e-": 0.0, "N-": 0.0, "O2+": 0.0, "N": 0.0, "N2": 0.7899882913177266, "O+": 0.0, "N2O": 0.0, "N2+": 0.0, "O": 0.0, "O2": 0.20999981249296848, "NO": 0.0, "O-": 0.0, "N+": 0.0, "NO2": 0.0, "NO+": 0.0}}, "s2": {"state_name": "s2", "gmodel_type": "CEAGas", "rho": 4.943715318642544, "p": 3154700.0, "T": 2214.078435519142, "a": 898.9, "h": 2281930.0, "u": 1643800.0, "s": 8164.199999999999, "gamma": 1.2653250945701173, "R": 288.21790072102056, "Cp": 1374.5, "molecular_mass": 0.028848, "v": 1820.676506901955, "M": 2.025449445880471, "Ht": 3939359.99993, "Ue": 2806.905769679488, "total_p": 25542800.27988559, "total_T": 3322.59, "pitot_p": 17113673.544972893, "unit_Re": 121015708.10540473, "k": 0.13746, "mu": 7.4378e-05, "composition_massf": {"e-": 0.0, "N-": 0.0, "O2+": 0.0, "N": 0.0, "N2": 0.76082, "O+": 0.0, "N2O": 6.0997e-06, "N2+": 0.0, "O": 0.00013154, "O2": 0.22559, "NO": 0.013306, "O-": 0.0, "N+": 0.0, "NO2": 0.00014213, "NO+": 0.0}, "composition_moles": {"e-": 0.0, "N-": 0.0, "O2+": 0.0, "N": 0.0, "N2": 0.7834870226391655, "O+": 0.0, "N2O": 3.998022066307983e-06, "N2+": 0.0, "O": 0.00023717551408177807, "O2": 0.20337701163793642, "NO": 0.012792448468811342, "O-": 0.0, "N+": 0.0, "NO2": 8.912339263783677e-05, "NO+": 0.0}}, "s3": {"state_name": "s3", "gmodel_type": "CEAGas", "rho": 5.9855, "p": 3154700.000000002, "T": 1823.29, "a": 877.0, "h": 1340180.0, "u": 813120.0, "s": 6232.3, "gamma": 1.4592559488128392, "R": 289.06963807669575, "Cp": 918.5, "molecular_mass": 0.028763, "v": 1820.6898929756114, "M": 2.0760432074978468, "Ht": 2996630.0, "Ue": 2448.113559457567, "total_p": 28458264.27011676, "total_T": 3565.26, "pitot_p": 19654331.34541361, "composition_massf": {"Ar": 0.83332, "O2": 0.14796, "H2": 0.018713}, "composition_moles": {"Ar": 0.5999995784519876, "O2": 0.1329979086715752, "H2": 0.26700102139016213}}, "s5": {"state_name": "s5", "gmodel_type": "CEAGas", "rho": 21.609, "p": 24400696.663600694, "T": 3864.1393165713985, "a": 1169.6, "h": 4922320.0, "u": 3793140.0, "s": 8451.0, "gamma": 1.174952068146321, "R": 292.219098161881, "Cp": 1962.5, "molecular_mass": 0.028453, "v": 0.0, "M": 0.0, "Ht": 4922319.99993, "Ue": 3137.616930069699, "total_p": 24399833.762735605, "total_T": 3864.14, "pitot_p": 24399833.762735605, "composition_massf": {"e-": 0.0, "N-": 0.0, "O2+": 0.0, "N": 2.8695e-05, "N2": 0.72375, "O+": 0.0, "N2O": 0.00012346, "N2+": 0.0, "O": 0.015744, "O2": 0.16752, "NO": 0.092149, "O-": 0.0, "N+": 0.0, "NO2": 0.00068502, "NO+": 0.0}, "composition_moles": {"e-": 0.0, "N-": 0.0, "O2+": 0.0, "N": 5.829059200239885e-05, "N2": 0.7351074396538799, "O+": 0.0, "N2O": 7.9813312945325e-05, "N2+": 0.0, "O": 0.027998801955073316, "O2": 0.14895704088903333, "NO": 0.08737941608539597, "O-": 0.0, "N+": 0.0, "NO2": 0.00042366399800023916, "NO+": 0.0}}, "s5d": {"state_name": "s5d", "gmodel_type": "CEAGas", "rho": 21.859, "p": 30476236.65889121, "T": 4823.137240167774, "a": 1398.3, "h": 4247440.0, "u": 2853210.0, "s": 6512.5, "gamma": 1.4023067825595252, "R": 289.06963807669575, "Cp": 1007.6, "molecular_mass": 0.028763, "v": 0.0, "M": 0.0, "Ht": 4246440.0, "Ue": 2914.2546216828755, "total_p": 30478856.172242183, "total_T": 4823.14, "pitot_p": 30478856.172242183, "composition_massf": {"Ar": 0.83332, "O2": 0.14796, "H2": 0.018713}, "composition_moles": {"Ar": 0.5999995784519876, "O2": 0.1329979086715752, "H2": 0.26700102139016213}}, "s6": {"state_name": "s6", "gmodel_type": "CEAGas", "rho": 13.459, "p": 13743616.587637525, "T": 3512.75, "a": 1113.4, "h": 4305650.0, "u": 3284490.0, "s": 8451.0, "gamma": 1.1859860589160625, "R": 290.6968044192714, "Cp": 1853.6999999999998, "molecular_mass": 0.028602, "v": 1113.4004180941815, "M": 1.0000003755112101, "Ht": 4925489.99993, "Ue": 3138.627088371602, "total_p": 24468138.69310899, "total_T": 3865.92, "pitot_p": 24468654.384142466, "composition_massf": {"e-": 0.0, "N-": 0.0, "O2+": 0.0, "N": 8.4943e-06, "N2": 0.73265, "O+": 0.0, "N2O": 7.2272e-05, "N2+": 0.0, "O": 0.0098354, "O2": 0.18361, "NO": 0.073326, "O-": 0.0, "N+": 0.0, "NO2": 0.00050176, "NO+": 0.0}, "composition_moles": {"e-": 0.0, "N-": 0.0, "O2+": 0.0, "N": 1.7345553813532093e-05, "N2": 0.7480439825226499, "O+": 0.0, "N2O": 4.69664221317435e-05, "N2+": 0.0, "O": 0.017582666274985313, "O2": 0.16411906759003464, "NO": 0.06989479645805353, "O-": 0.0, "N+": 0.0, "NO2": 0.0003119483435676169, "NO+": 0.0}}, "s8": {"state_name": "s8", "gmodel_type": "CEAGas", "rho": 0.028092, "p": 4688.774776798516, "T": 579.16, "a": 479.4, "h": 288840.0, "u": 121930.0, "s": 8451.0, "gamma": 1.376728283381611, "R": 288.19792027729636, "Cp": 1053.1999999999998, "molecular_mass": 0.02885, "v": 3045.2061491814143, "M": 6.352119626995024, "Ht": 4925489.99993, "Ue": 3138.627088371602, "total_p": 24468204.824702438, "total_T": 3865.92, "pitot_p": 249465.11850350804, "unit_Re": 2851816.2197154476, "k": 0.04354, "mu": 2.9997000000000004e-05, "composition_massf": {"e-": 0.0, "N-": 0.0, "O2+": 0.0, "N": 0.0, "N2": 0.76708, "O+": 0.0, "N2O": 0.0, "N2+": 0.0, "O": 0.0, "O2": 0.23292, "NO": 0.0, "O-": 0.0, "N+": 0.0, "NO2": 0.0, "NO+": 0.0}, "composition_moles": {"e-": 0.0, "N-": 0.0, "O2+": 0.0, "N": 0.0, "N2": 0.7899882913177266, "O+": 0.0, "N2O": 0.0, "N2+": 0.0, "O": 0.0, "O2": 0.20999981249296848, "NO": 0.0, "O-": 0.0, "N+": 0.0, "NO2": 0.0, "NO+": 0.0}}, "s10f": {"state_name": "s10f", "gmodel_type": "IdealGas", "rho": 0.15661947606068594, "p": 218463.4977356114, "T": 4839.965583350212, "a": 1385.7684685027205, "h": 5097451.752384442, "u": 3702583.737049219, "s": 2713.9197326635303, "gamma": 1.3767282833816108, "R": 288.19792027729636, "Cp": 1053.1999999999996, "molecular_mass": 0.02885, "v": 546.1864244407882, "M": 0.39413974040766386, "Ht": null, "Ue": null, "total_p": 242746.81211046615, "total_T": 4981.590920533755, "pitot_p": 242746.81211046615}, "s10e": {"state_name": "s10e", "gmodel_type": "CEAGas", "rho": 0.22521951170854776, "p": 232700.0, "T": 3418.473287060595, "a": 1099.6, "h": 4853340.0, "u": 3820140.0, "s": 9813.0, "gamma": 1.2977505740228092, "R": 302.2359142130134, "Cp": 1317.3, "molecular_mass": 0.027510000000000003, "v": 379.8335698973881, "M": 0.34542885585429983, "Ht": 4925479.99993, "Ue": 3138.623902263538, "total_p": 249465.11850350804, "total_T": 3447.68, "pitot_p": 249465.11850350804, "unit_Re": 830543.0208039251, "k": 0.57908, "mu": 0.00010300000000000001, "composition_massf": {"e-": 0.0, "N-": 0.0, "O2+": 0.0, "N": 4.2335e-05, "N2": 0.73881, "O+": 0.0, "N2O": 7.5769e-06, "N2+": 0.0, "O": 0.054032, "O2": 0.14663, "NO": 0.060421, "O-": 0.0, "N+": 0.0, "NO2": 4.9475e-05, "NO+": 0.0}, "composition_moles": {"e-": 0.0, "N-": 0.0, "O2+": 0.0, "N": 8.314848251194072e-05, "N2": 0.725533605346013, "O+": 0.0, "N2O": 4.73590680438418e-06, "N2+": 0.0, "O": 0.09290475392827231,