{"states_dict": {"s4": {"state_name": "s4", "gmodel_type": "CEAGas", "rho": 33.429, "p": 37310000.0, "T": 3861.0, "a": 1256.6, "h": 3288120.0, "u": 2172010.0, "s": 6232.3, "gamma": 1.4148350213656617, "R": 289.06963807669575, "Cp": 985.9, "molecular_mass": 0.028763, "v": 0.0, "M": 0.0, "Ht": 3287120.0, "Ue": 2564.028080969473, "total_p": 37307663.26738406, "total_T": 3861.0, "pitot_p": 37307663.26738406, "composition_massf": {"Ar": 0.83332, "O2": 0.14796, "H2": 0.018713}, "composition_moles": {"Ar": 0.5999995784519876, "O2": 0.1329979086715752, "H2": 0.26700102139016213}}, "s1": {"state_name": "s1", "gmodel_type": "CEAGas", "rho": 4.1825, "p": 359381.36638046254, "T": 298.15, "a": 346.7, "h": 7.000000000000001e-05, "u": -85925.0, "s": 6519.5, "gamma": 1.398557725608831, "R": 288.19792027729636, "Cp": 1011.3000000000001, "molecular_mass": 0.02885, "v": 0.0, "M": 0.0, "Ht": null, "Ue": null, "total_p": 359387.81045853894, "total_T": 298.15, "pitot_p": 359387.81045853894, "composition_massf": {"e-": 0.0, "N-": 0.0, "O2+": 0.0, "N": 0.0, "N2": 0.76708, "O+": 0.0, "N2O": 0.0, "N2+": 0.0, "O": 0.0, "O2": 0.23292, "NO": 0.0, "O-": 0.0, "N+": 0.0, "NO2": 0.0, "NO+": 0.0}, "composition_moles": {"e-": 0.0, "N-": 0.0, "O2+": 0.0, "N": 0.0, "N2": 0.7899882913177266, "O+": 0.0, "N2O": 0.0, "N2+": 0.0, "O": 0.0, "O2": 0.20999981249296848, "NO": 0.0, "O-": 0.0, "N+": 0.0, "NO2": 0.0, "NO+": 0.0}}, "s2": {"state_name": "s2", "gmodel_type": "CEAGas", "rho": 21.593868400916488, "p": 8019900.0, "T": 1288.7344141096405, "a": 698.8, "h": 1093160.0, "u": 721760.0, "s": 7204.1, "gamma": 1.3148521044180785, "R": 288.18793109424286, "Cp": 1203.5, "molecular_mass": 0.028850999999999998, "v": 1215.240506652976, "M": 1.7390390764925243, "Ht": 1831569.99993, "Ue": 1913.9331231419765, "total_p": 41071873.24477405, "total_T": 1877.62, "pitot_p": 33958859.68406961, "unit_Re": 508560922.0179736, "k": 0.08174000000000001, "mu": 5.16e-05, "composition_massf": {"e-": 0.0, "N-": 0.0, "O2+": 0.0, "N": 0.0, "N2": 0.76688, "O+": 0.0, "N2O": 0.0, "N2+": 0.0, "O": 0.0, "O2": 0.23267, "NO": 0.00038257, "O-": 0.0, "N+": 0.0, "NO2": 5.9964e-05, "NO+": 0.0}, "composition_moles": {"e-": 0.0, "N-": 0.0, "O2+": 0.0, "N": 0.0, "N2": 0.7898096939321896, "O+": 0.0, "N2O": 0.0, "N2+": 0.0, "O": 0.0, "O2": 0.20978168462567345, "NO": 0.00036784277430255844, "O-": 0.0, "N+": 0.0, "NO2": 3.760466387714512e-05, "NO+": 0.0}}, "s3": {"state_name": "s3", "gmodel_type": "CEAGas", "rho": 11.39, "p": 8019900.000000002, "T": 2435.87, "a": 1007.5, "h": 1910950.0, "u": 1206810.0, "s": 6232.3, "gamma": 1.4414420205374538, "R": 289.06963807669575, "Cp": 943.9, "molecular_mass": 0.028763, "v": 1215.2440667371973, "M": 1.2061975848508162, "Ht": 2648360.0, "Ue": 2301.460405916209, "total_p": 19932828.916143242, "total_T": 3207.57, "pitot_p": 19774874.118721988, "composition_massf": {"Ar": 0.83332, "O2": 0.14796, "H2": 0.018713}, "composition_moles": {"Ar": 0.5999995784519876, "O2": 0.1329979086715752, "H2": 0.26700102139016213}}, "s5": {"state_name": "s5", "gmodel_type": "CEAGas", "rho": 78.621, "p": 51967728.28900114, "T": 2293.914987500473, "a": 914.1, "h": 2390250.0, "u": 1729260.0, "s": 7404.8, "gamma": 1.2640526444342726, "R": 288.14798128573904, "Cp": 1379.3999999999999, "molecular_mass": 0.028855, "v": 0.0, "M": 0.0, "Ht": 2390249.99993, "Ue": 2186.4354552238674, "total_p": 51967728.28900114, "total_T": 2293.91, "pitot_p": 51967728.28900114, "composition_massf": {"e-": 0.0, "N-": 0.0, "O2+": 0.0, "N": 0.0, "N2": 0.75952, "O+": 0.0, "N2O": 2.9229e-05, "N2+": 0.0, "O": 5.2371e-05, "O2": 0.22403, "NO": 0.015748, "O-": 0.0, "N+": 0.0, "NO2": 0.00061318, "NO+": 0.0}, "composition_moles": {"e-": 0.0, "N-": 0.0, "O2+": 0.0, "N": 0.0, "N2": 0.7823380810612065, "O+": 0.0, "N2O": 1.9162670745783047e-05, "N2+": 0.0, "O": 9.445136723877145e-05, "O2": 0.2020196272985237, "NO": 0.01514387207934387, "O-": 0.0, "N+": 0.0, "NO2": 0.00038459116627359775, "NO+": 0.0}}, "s5d": {"state_name": "s5d", "gmodel_type": "CEAGas", "rho": 29.493, "p": 35414075.3169712, "T": 4153.89393212098, "a": 1301.5, "h": 3577920.0, "u": 2377150.0, "s": 6319.7, "gamma": 1.410709247164014, "R": 289.06963807669575, "Cp": 992.9, "molecular_mass": 0.028763, "v": 0.0, "M": 0.0, "Ht": 3576920.0, "Ue": 2674.6663343303217, "total_p": 35414369.848463476, "total_T": 4153.89, "pitot_p": 35414369.848463476, "composition_massf": {"Ar": 0.83332, "O2": 0.14796, "H2": 0.018713}, "composition_moles": {"Ar": 0.5999995784519876, "O2": 0.1329979086715752, "H2": 0.26700102139016213}}, "s6": {"state_name": "s6", "gmodel_type": "CEAGas", "rho": 48.835, "p": 28382319.896426436, "T": 2016.86, "a": 861.3, "h": 2014950.0, "u": 1433770.0, "s": 7404.8, "gamma": 1.276623874761921, "R": 288.16795480539287, "Cp": 1329.9, "molecular_mass": 0.028853, "v": 866.371744691619, "M": 1.0058884763631941, "Ht": 2390249.99993, "Ue": 2186.4354552238674, "total_p": 51967658.933143325, "total_T": 2293.91, "pitot_p": 51967688.049322516, "composition_massf": {"e-": 0.0, "N-": 0.0, "O2+": 0.0, "N": 0.0, "N2": 0.76312, "O+": 0.0, "N2O": 1.1468e-05, "N2+": 0.0, "O": 1.1353e-05, "O2": 0.22826, "NO": 0.0082468, "O-": 0.0, "N+": 0.0, "NO2": 0.00035676, "NO+": 0.0}, "composition_moles": {"e-": 0.0, "N-": 0.0, "O2+": 0.0, "N": 0.0, "N2": 0.7859917525184377, "O+": 0.0, "N2O": 7.517953958848335e-06, "N2+": 0.0, "O": 2.0473774579046714e-05, "O2": 0.20581977386651998, "NO": 0.007929884936729532, "O-": 0.0, "N+": 0.0, "NO2": 0.00022374707980567544, "NO+": 0.0}}, "s8": {"state_name": "s8", "gmodel_type": "CEAGas", "rho": 0.1091, "p": 7453.829909114472, "T": 237.06, "a": 309.2, "h": -61716.0, "u": -130039.99999999999, "s": 7404.8, "gamma": 1.3995523212522702, "R": 288.19792027729636, "Cp": 1009.5000000000001, "molecular_mass": 0.02885, "v": 2214.482332284455, "M": 7.161973907776375, "Ht": 2390249.99993, "Ue": 2186.4354552238674, "total_p": 51967145.3262791, "total_T": 2293.91, "pitot_p": 502859.7414452212, "unit_Re": 15485195.644932318, "k": 0.021920000000000002, "mu": 1.5602e-05, "composition_massf": {"e-": 0.0, "N-": 0.0, "O2+": 0.0, "N": 0.0, "N2": 0.76708, "O+": 0.0, "N2O": 0.0, "N2+": 0.0, "O": 0.0, "O2": 0.23292, "NO": 0.0, "O-": 0.0, "N+": 0.0, "NO2": 0.0, "NO+": 0.0}, "composition_moles": {"e-": 0.0, "N-": 0.0, "O2+": 0.0, "N": 0.0, "N2": 0.7899882913177266, "O+": 0.0, "N2O": 0.0, "N2+": 0.0, "O": 0.0, "O2": 0.20999981249296848, "NO": 0.0, "O-": 0.0, "N+": 0.0, "NO2": 0.0, "NO+": 0.0}}, "s10f": {"state_name": "s10f", "gmodel_type": "IdealGas", "rho": 0.5969566476416567, "p": 444696.941242863, "T": 2584.8211997556095, "a": 1021.0693599521455, "h": 2609377.001153288, "u": 1864436.9070950553, "s": 1754.0711703706188, "gamma": 1.3995523212522702, "R": 288.19792027729636, "Cp": 1009.5000000000001, "molecular_mass": 0.02885, "v": 404.72476782799305, "M": 0.39637343328660973, "Ht": null, "Ue": null, "total_p": 495538.9957435087, "total_T": 2665.951530460621, "pitot_p": 495538.9957435087}, "s10e": {"state_name": "s10e", "gmodel_type": "CEAGas", "rho": 0.7103142830757027, "p": 460300.0, "T": 2247.730251092153, "a": 903.8, "h": 2332400.0, "u": 1684380.0, "s": 8741.6, "gamma": 1.2925093561016474, "R": 288.2978502080444, "Cp": 1273.9, "molecular_mass": 0.02884, "v": 340.1311619500198, "M": 0.37633454519807463, "Ht": 2390239.99993, "Ue": 2186.430881564748, "total_p": 502859.7414452212, "total_T": 2288.86, "pitot_p": 502859.7414452212, "unit_Re": 3214347.7835136172, "k": 0.14403, "mu": 7.516300000000001e-05, "composition_massf": {"e-": 0.0, "N-": 0.0, "O2+": 0.0, "N": 0.0, "N2": 0.76039, "O+": 0.0, "N2O": 2.5016e-06, "N2+": 0.0, "O": 0.0004233, "O2": 0.22483, "NO": 0.014304, "O-": 0.0, "N+": 0.0, "NO2": 5.5703e-05, "NO+": 0.0}, "composition_moles": {"e-": 0.0, "N-": 0.0, "O2+": 0.0, "N": 0.0, "N2": 0.7828270613349325, "O+": 0.0, "N2O": 1.639208230332994e-06, "N2+": 0.0, "O": 0.0007630268635073815, "O2": 0.2026356363363626, "NO": 0.013748116549634908, "O-": 0.0, "N+": 0.0, "NO2": 3.4919184010607426e-05, "NO+": 0.0}}},