{"states_dict": {"s4": {"state_name": "s4", "gmodel_type": "CEAGas", "rho": 33.429, "p": 37310000.0, "T": 3861.0, "a": 1256.6, "h": 3288120.0, "u": 2172010.0, "s": 6232.3, "gamma": 1.4148350213656617, "R": 289.06963807669575, "Cp": 985.9, "molecular_mass": 0.028763, "v": 0.0, "M": 0.0, "Ht": 3287120.0, "Ue": 2564.028080969473, "total_p": 37307663.26738406, "total_T": 3861.0, "pitot_p": 37307663.26738406, "composition_massf": {"Ar": 0.83332, "O2": 0.14796, "H2": 0.018713}, "composition_moles": {"Ar": 0.5999995784519876, "O2": 0.1329979086715752, "H2": 0.26700102139016213}}, "s1": {"state_name": "s1", "gmodel_type": "CEAGas", "rho": 1.137, "p": 97700.99572992246, "T": 298.15, "a": 346.7, "h": 7.000000000000001e-05, "u": -85925.0, "s": 6894.9, "gamma": 1.398557725608831, "R": 288.19792027729636, "Cp": 1011.3000000000001, "molecular_mass": 0.02885, "v": 0.0, "M": 0.0, "Ht": -10.11307, "Ue": null, "total_p": 97684.501851761, "total_T": 298.14, "pitot_p": 97684.501851761, "composition_massf": {"e-": 0.0, "N-": 0.0, "O2+": 0.0, "N": 0.0, "N2": 0.76708, "O+": 0.0, "N2O": 0.0, "N2+": 0.0, "O": 0.0, "O2": 0.23292, "NO": 0.0, "O-": 0.0, "N+": 0.0, "NO2": 0.0, "NO+": 0.0}, "composition_moles": {"e-": 0.0, "N-": 0.0, "O2+": 0.0, "N": 0.0, "N2": 0.7899882913177266, "O+": 0.0, "N2O": 0.0, "N2+": 0.0, "O": 0.0, "O2": 0.20999981249296848, "NO": 0.0, "O-": 0.0, "N+": 0.0, "NO2": 0.0, "NO+": 0.0}}, "s2": {"state_name": "s2", "gmodel_type": "CEAGas", "rho": 6.904981154604433, "p": 3952000.0000000005, "T": 1985.9755229435693, "a": 855.2, "h": 1974030.0, "u": 1401700.0, "s": 7952.5, "gamma": 1.277687974276596, "R": 288.18793109424286, "Cp": 1326.0, "molecular_mass": 0.028850999999999998, "v": 1682.763526330739, "M": 1.9676841982351954, "Ht": 3389879.99993, "Ue": 2603.7972271012195, "total_p": 29066773.633858707, "total_T": 2981.25, "pitot_p": 20468529.707659047, "unit_Re": 168317332.82588693, "k": 0.12195, "mu": 6.9033e-05, "composition_massf": {"e-": 0.0, "N-": 0.0, "O2+": 0.0, "N": 0.0, "N2": 0.7635, "O+": 0.0, "N2O": 3.9466e-06, "N2+": 0.0, "O": 2.4039e-05, "O2": 0.22876, "NO": 0.0075862, "O-": 0.0, "N+": 0.0, "NO2": 0.00012909, "NO+": 0.0}, "composition_moles": {"e-": 0.0, "N-": 0.0, "O2+": 0.0, "N": 0.0, "N2": 0.7863286320118229, "O+": 0.0, "N2O": 2.587050962447288e-06, "N2+": 0.0, "O": 4.3348449879370484e-05, "O2": 0.20625632086203233, "NO": 0.007294165393036749, "O-": 0.0, "N+": 0.0, "NO2": 8.095500733607938e-05, "NO+": 0.0}}, "s3": {"state_name": "s3", "gmodel_type": "CEAGas", "rho": 6.9865, "p": 3951999.9999999986, "T": 1956.82, "a": 907.2, "h": 1463240.0, "u": 897580.0, "s": 6232.3, "gamma": 1.454847880440967, "R": 289.06963807669575, "Cp": 924.6, "molecular_mass": 0.028763, "v": 1682.7679530923047, "M": 1.8549029465303182, "Ht": 2878100.0, "Ue": 2399.2082027202223, "total_p": 25315682.781485986, "total_T": 3443.92, "pitot_p": 20022835.31445117, "composition_massf": {"Ar": 0.83332, "O2": 0.14796, "H2": 0.018713}, "composition_moles": {"Ar": 0.5999995784519876, "O2": 0.1329979086715752, "H2": 0.26700102139016213}}, "s5": {"state_name": "s5", "gmodel_type": "CEAGas", "rho": 28.998, "p": 29612640.634987067, "T": 3522.4935988568313, "a": 1116.2, "h": 4274610.0, "u": 3253410.0, "s": 8219.300000000001, "gamma": 1.1990302359467155, "R": 289.90620641562066, "Cp": 1746.5, "molecular_mass": 0.02868, "v": 0.0, "M": 0.0, "Ht": 4274609.99993, "Ue": 2923.904923190903, "total_p": 29617562.486168195, "total_T": 3522.5, "pitot_p": 29617562.486168195, "composition_massf": {"e-": 0.0, "N-": 0.0, "O2+": 0.0, "N": 6.0475e-06, "N2": 0.73206, "O+": 0.0, "N2O": 0.00010778, "N2+": 0.0, "O": 0.0068972, "O2": 0.18581, "NO": 0.074368, "O-": 0.0, "N+": 0.0, "NO2": 0.00074885, "NO+": 0.0}, "composition_moles": {"e-": 0.0, "N-": 0.0, "O2+": 0.0, "N": 1.2382809655379211e-05, "N2": 0.749479920323845, "O+": 0.0, "N2O": 7.023253235422423e-05, "N2+": 0.0, "O": 0.012363694638548946, "O2": 0.16653845769216347, "NO": 0.07108135479119246, "O-": 0.0, "N+": 0.0, "NO2": 0.00046683587831889664, "NO+": 0.0}}, "s5d": {"state_name": "s5d", "gmodel_type": "CEAGas", "rho": 23.862, "p": 31920850.116969608, "T": 4627.709302743124, "a": 1370.8, "h": 4050930.0, "u": 2713190.0, "s": 6457.5, "gamma": 1.4046155559493536, "R": 289.06963807669575, "Cp": 1003.5000000000001, "molecular_mass": 0.028763, "v": 0.0, "M": 0.0, "Ht": 4049930.0, "Ue": 2846.025298552351, "total_p": 31925854.60833369, "total_T": 4627.71, "pitot_p": 31925854.60833369, "composition_massf": {"Ar": 0.83332, "O2": 0.14796, "H2": 0.018713}, "composition_moles": {"Ar": 0.5999995784519876, "O2": 0.1329979086715752, "H2": 0.26700102139016213}}, "s6": {"state_name": "s6", "gmodel_type": "CEAGas", "rho": 18.012, "p": 16539058.351580324, "T": 3176.14, "a": 1061.4, "h": 3710010.0, "u": 2791810.0, "s": 8219.300000000001, "gamma": 1.2131285408353807, "R": 289.0897395779007, "Cp": 1645.5, "molecular_mass": 0.028761, "v": 1062.6382263028183, "M": 1.0011665972327286, "Ht": 4274609.99993, "Ue": 2923.904923190903, "total_p": 29617763.24930819, "total_T": 3522.5, "pitot_p": 29618106.13662501, "composition_massf": {"e-": 0.0, "N-": 0.0, "O2+": 0.0, "N": 1.3441e-06, "N2": 0.74106, "O+": 0.0, "N2O": 5.8886e-05, "N2+": 0.0, "O": 0.0036669, "O2": 0.19936, "NO": 0.055329, "O-": 0.0, "N+": 0.0, "NO2": 0.00052317, "NO+": 0.0}, "composition_moles": {"e-": 0.0, "N-": 0.0, "O2+": 0.0, "N": 2.7599406069952232e-06, "N2": 0.7608368373706869, "O+": 0.0, "N2O": 3.848017499454704e-05, "N2+": 0.0, "O": 0.006591729121092041, "O2": 0.1791877495406078, "NO": 0.053033128897124256, "O-": 0.0, "N+": 0.0, "NO2": 0.00032706725000271705, "NO+": 0.0}}, "s8": {"state_name": "s8", "gmodel_type": "CEAGas", "rho": 0.038205, "p": 5274.488338798933, "T": 479.04, "a": 437.6, "h": 184470.0, "u": 46412.0, "s": 8219.300000000001, "gamma": 1.387257612051664, "R": 288.19792027729636, "Cp": 1032.4, "molecular_mass": 0.02885, "v": 2860.1188786482285, "M": 6.535920655046225, "Ht": 4274609.99993, "Ue": 2923.904923190903, "total_p": 29617607.28983943, "total_T": 3522.5, "pitot_p": 297870.96534841426, "unit_Re": 4160163.015257579, "k": 0.03773000000000001, "mu": 2.6266000000000002e-05, "composition_massf": {"e-": 0.0, "N-": 0.0, "O2+": 0.0, "N": 0.0, "N2": 0.76708, "O+": 0.0, "N2O": 0.0, "N2+": 0.0, "O": 0.0, "O2": 0.23292, "NO": 0.0, "O-": 0.0, "N+": 0.0, "NO2": 0.0, "NO+": 0.0}, "composition_moles": {"e-": 0.0, "N-": 0.0, "O2+": 0.0, "N": 0.0, "N2": 0.7899882913177266, "O+": 0.0, "N2O": 0.0, "N2+": 0.0, "O": 0.0, "O2": 0.20999981249296848, "NO": 0.0, "O-": 0.0, "N+": 0.0, "NO2": 0.0, "NO+": 0.0}}, "s10f": {"state_name": "s10f", "gmodel_type": "IdealGas", "rho": 0.2101087818545169, "p": 260972.6843469885, "T": 4309.828665037415, "a": 1312.6652312705796, "h": 4449467.113784628, "u": 3207383.4557693684, "s": 2484.9399218134727, "gamma": 1.3872576120516638, "R": 288.19792027729636, "Cp": 1032.4, "molecular_mass": 0.02885, "v": 520.0649617410724, "M": 0.39619009428449725, "Ht": null, "Ue": null, "total_p": 290519.44654415624, "total_T": 4440.818380472684, "pitot_p": 290519.44654415624}, "s10e": {"state_name": "s10e", "gmodel_type": "CEAGas", "rho": 0.2897412084705907, "p": 276590.0, "T": 3222.8894221701285, "a": 1060.1, "h": 4203490.0, "u": 3248890.0, "s": 9565.8, "gamma": 1.2917597209277851, "R": 296.1957180007837, "Cp": 1311.3999999999999, "molecular_mass": 0.028071000000000002, "v": 377.132553341465, "M": 0.3557518661838176, "Ht": 4274599.99993, "Ue": 2923.901503105055, "total_p": 297870.96534841426, "total_T": 3254.49, "pitot_p": 297870.96534841426, "unit_Re": 1116466.8317675695, "k": 0.45586000000000004, "mu": 9.787200000000001e-05, "composition_massf": {"e-": 0.0, "N-": 0.0, "O2+": 0.0, "N": 1.3724e-05, "N2": 0.74173, "O+": 0.0, "N2O": 7.3993e-06, "N2+": 0.0, "O": 0.030802, "O2": 0.17316, "NO": 0.054224, "O-": 0.0, "N+": 0.0, "NO2": 5.9327e-05, "NO+": 0.0}, "composition_moles": {"e-": 0.0, "N-": 0.0, "O2+": 0.0, "N": 2.7504437447792843e-05, "N2": 0.7432551146951103, "O+": 0.0, "N2O": 4.7192123723098735e-06,