driver_condition,area_ratio,test_gas_gas_model,test_gas_name,p1,vs1,Ht,h,Ue,pitot_p,total_p,p2,T2,rho2,v2,M2,a2,gamma2,R2,Ht2,h2,p3,T3,rho3,v3,M3,a3,p5,T5,rho5,v5,M5,a5,p5d,T5d,rho5d,v5d,M5d,a5d,p8,T8,rho8,v8,M8,a8,gamma8,R8,unit_Re8,p10f,T10f,rho10f,v10f,M10f,a10f,p10e,T10e,rho10e,v10e,M10e,a10e,unit_Re10e,s2 Xe-,s2 XN-,s2 XO2+,s2 XN,s2 XN2,s2 XO+,s2 XN2O,s2 XN2+,s2 XO,s2 XO2,s2 XNO,s2 XO-,s2 XN+,s2 XNO2,s2 XNO+,s8 Xe-,s8 XN-,s8 XO2+,s8 XN,s8 XN2,s8 XO+,s8 XN2O,s8 XN2+,s8 XO,s8 XO2,s8 XNO,s8 XO-,s8 XN+,s8 XNO2,s8 XNO+,s10e Xe-,s10e XN-,s10e XO2+,s10e XN,s10e XN2,s10e XO+,s10e XN2O,s10e XN2+,s10e XO,s10e XO2,s10e XNO,s10e XO-,s10e XN+,s10e XNO2,s10e XNO+
custom_from_dict,175.0,CEAGas,n2-o2-with-ions,20132.215662017035,2423.1489854426163,6155119.99993,529250.0,3508.595160439574,102946.84300440793,9807985.45343207,1191400.0,2618.261306720781,1.5764153475133682,2063.0003684015796,2.131859427923509,967.7,1.2294953107604838,288.64815136261063,4998949.99993,2870970.0,1191399.999999999,1536.32,2.5533,2062.98781620599,2.5054503475904664,823.4,9699865.932985898,4318.51037463612,7.4511,0.0,0.0,1251.4,15552603.767224252,4880.519053360245,10.492,0.0,0.0,1431.6,2189.7659151319676,801.77,0.0094768,3354.3633513315913,6.001723655987818,558.9,1.3520610653407106,288.19792027729636,847561.2064176191,90342.88840930698,5731.720156984007,0.054691287915809655,581.2313095707299,0.3889285668532092,1494.4423195072227,96776.0,3630.3878230727755,0.08389374005470865,378.9154064077877,0.3259487366948712,1162.5,289329.4858277894,0.0,0.0,0.0,0.0,0.7753270256377305,0.0,5.1207594495237755e-06,0.0,0.0032295216695626084,0.194594073840269,0.026772644395639554,0.0,0.0,7.092070187260218e-05,0.0,0.0,0.0,0.0,0.0,0.7899882913177266,0.0,0.0,0.0,0.0,0.20999981249296848,2.0674514515381872e-06,0.0,0.0,0.0,0.0,0.0,0.0,0.0,0.000340026963524599,0.6915992632097496,0.0,2.7085075682528723e-06,0.0,0.1856945372951486,0.07285901968198807,0.049493539147040105,0.0,0.0,1.1677049700579281e-05,0.0