{"states_dict": {"s4": {"state_name": "s4", "gmodel_type": "CEAGas", "rho": 16.025, "p": 19260875.01133987, "T": 3957.519339252781, "a": 1294.7, "h": 3652000.0, "u": 2450040.0, "s": 6848.8, "gamma": 1.3946483048716358, "R": 303.7152980713033, "Cp": 1073.3, "molecular_mass": 0.027376, "v": 0.0, "M": 0.0, "Ht": 3651000.0, "Ue": 2702.2213084793775, "total_p": 19257994.851553965, "total_T": 3957.52, "pitot_p": 19257994.851553965, "composition_massf": {"Ar": 0.80258, "O2": 0.17533, "H2": 0.022091}, "composition_moles": {"Ar": 0.5500007529788725, "O2": 0.15000044001650065, "H2": 0.2999996110879616}}, "s1": {"state_name": "s1", "gmodel_type": "CEAGas", "rho": 0.2343, "p": 20132.215662017035, "T": 298.15, "a": 346.7, "h": 7.000000000000001e-05, "u": -85925.0, "s": 7350.1, "gamma": 1.398557725608831, "R": 288.19792027729636, "Cp": 1011.3000000000001, "molecular_mass": 0.02885, "v": 0.0, "M": 0.0, "Ht": -10.11307, "Ue": null, "total_p": 20130.301932885304, "total_T": 298.14, "pitot_p": 20130.301932885304, "composition_massf": {"e-": 0.0, "N-": 0.0, "O2+": 0.0, "N": 0.0, "N2": 0.76708, "O+": 0.0, "N2O": 0.0, "N2+": 0.0, "O": 0.0, "O2": 0.23292, "NO": 0.0, "O-": 0.0, "N+": 0.0, "NO2": 0.0, "NO+": 0.0}, "composition_moles": {"e-": 0.0, "N-": 0.0, "O2+": 0.0, "N": 0.0, "N2": 0.7899882913177266, "O+": 0.0, "N2O": 0.0, "N2+": 0.0, "O": 0.0, "O2": 0.20999981249296848, "NO": 0.0, "O-": 0.0, "N+": 0.0, "NO2": 0.0, "NO+": 0.0}}, "s2": {"state_name": "s2", "gmodel_type": "CEAGas", "rho": 1.5885957877980856, "p": 1223100.0, "T": 2666.462859015995, "a": 975.4, "h": 2945750.0, "u": 2175810.0, "s": 8709.6, "gamma": 1.224680413135291, "R": 288.74839381837126, "Cp": 1573.9, "molecular_mass": 0.028795, "v": 2092.129388108984, "M": 2.144893774973328, "Ht": 5134259.99993, "Ue": 3204.4531514534583, "total_p": 12164023.847549118, "total_T": 3917.67, "pitot_p": 7249231.762311941, "unit_Re": 39248322.31316153, "k": 0.18997, "mu": 8.468000000000001e-05, "composition_massf": {"e-": 0.0, "N-": 0.0, "O2+": 0.0, "N": 0.0, "N2": 0.75305, "O+": 0.0, "N2O": 8.5217e-06, "N2+": 0.0, "O": 0.002183, "O2": 0.21467, "NO": 0.02996, "O-": 0.0, "N+": 0.0, "NO2": 0.00011746, "NO+": 0.0}, "composition_moles": {"e-": 0.0, "N-": 0.0, "O2+": 0.0, "N": 0.0, "N2": 0.7740607976896771, "O+": 0.0, "N2O": 5.5752497341682425e-06, "N2+": 0.0, "O": 0.003928865144942935, "O2": 0.19317670193882272, "NO": 0.028750760678662005, "O-": 0.0, "N+": 0.0, "NO2": 7.351861625240461e-05, "NO+": 0.0}}, "s3": {"state_name": "s3", "gmodel_type": "CEAGas", "rho": 2.2949, "p": 1223100.000000001, "T": 1754.8, "a": 877.4, "h": 1371680.0, "u": 838720.0, "s": 6848.8, "gamma": 1.444493045452373, "R": 303.7152980713033, "Cp": 987.0, "molecular_mass": 0.027376, "v": 2092.0526547214604, "M": 2.3843773133365174, "Ht": 3559030.0, "Ue": 2667.969265190287, "total_p": 17824383.809620637, "total_T": 3871.73, "pitot_p": 9796049.302949188, "composition_massf": {"Ar": 0.80258, "O2": 0.17533, "H2": 0.022091}, "composition_moles": {"Ar": 0.5500007529788725, "O2": 0.15000044001650065, "H2": 0.2999996110879616}}, "s5": {"state_name": "s5", "gmodel_type": "CEAGas", "rho": 7.5593, "p": 10025301.87587209, "T": 4384.628939321376, "a": 1263.7, "h": 6298400.0, "u": 4972170.0, "s": 9047.5, "gamma": 1.1331494915449887, "R": 302.4668049037797, "Cp": 2574.1, "molecular_mass": 0.027489, "v": 0.0, "M": 0.0, "Ht": 6298399.99993, "Ue": 3549.1970922815767, "total_p": 10024698.185178883, "total_T": 4384.62, "pitot_p": 10024698.185178883, "composition_massf": {"e-": 0.0, "N-": 0.0, "O2+": 0.0, "N": 0.00027247, "N2": 0.7162, "O+": 0.0, "N2O": 9.5013e-05, "N2+": 0.0, "O": 0.054796, "O2": 0.12022, "NO": 0.10806, "O-": 0.0, "N+": 0.0, "NO2": 0.00035935, "NO+": 2.3618e-06}, "composition_moles": {"e-": 0.0, "N-": 0.0, "O2+": 0.0, "N": 0.0005347389342243356, "N2": 0.7027930133436141, "O+": 0.0, "N2O": 5.9342108591137136e-05, "N2+": 0.0, "O": 0.09414648324312161, "O2": 0.10327660974786554, "NO": 0.09899524896604359, "O-": 0.0, "N+": 0.0, "NO2": 0.00021471720011737727, "NO+": 2.163716951390535e-06}}, "s5d": {"state_name": "s5d", "gmodel_type": "CEAGas", "rho": 9.2349, "p": 14588200.053740144, "T": 5201.198412992323, "a": 1476.0, "h": 5007210.0, "u": 3427530.0, "s": 7230.7, "gamma": 1.3791774016906755, "R": 303.7152980713033, "Cp": 1104.7, "molecular_mass": 0.027376, "v": 0.0, "M": 0.0, "Ht": 5006210.0, "Ue": 3164.2408252217465, "total_p": 14589491.165215062, "total_T": 5201.19, "pitot_p": 14589491.165215062, "composition_massf": {"Ar": 0.80258, "O2": 0.17533, "H2": 0.022091}, "composition_moles": {"Ar": 0.5500007529788725, "O2": 0.15000044001650065, "H2": 0.2999996110879616}}, "s6": {"state_name": "s6", "gmodel_type": "CEAGas", "rho": 4.7444, "p": 5731224.069382269, "T": 4037.44, "a": 1202.7, "h": 5590600.0, "u": 4382600.0, "s": 9047.5, "gamma": 1.1332390809322352, "R": 299.20148260102917, "Cp": 2544.7999999999997, "molecular_mass": 0.027789, "v": 1202.7008974185626, "M": 1.0000007461699199, "Ht": 6313839.99993, "Ue": 3553.544709140438, "total_p": 10142011.510178262, "total_T": 4392.25, "pitot_p": 10147146.56044934, "composition_massf": {"e-": 0.0, "N-": 0.0, "O2+": 0.0, "N": 0.00011444, "N2": 0.72258, "O+": 0.0, "N2O": 6.1713e-05, "N2+": 0.0, "O": 0.042349, "O2": 0.13979, "NO": 0.094817, "O-": 0.0, "N+": 0.0, "NO2": 0.00028896, "NO+": 0.0}, "composition_moles": {"e-": 0.0, "N-": 0.0, "O2+": 0.0, "N": 0.00022704656771402258, "N2": 0.7167918074921288, "O+": 0.0, "N2O": 3.896463203886142e-05, "N2+": 0.0, "O": 0.07355503087615786, "O2": 0.12139906215233072, "NO": 0.08781113216979215, "O-": 0.0, "N+": 0.0, "NO2": 0.00017454237949810348, "NO+": 0.0}}, "s8": {"state_name": "s8", "gmodel_type": "CEAGas", "rho": 0.0096039, "p": 2301.9656620496694, "T": 831.7, "a": 568.6, "h": 562480.0, "u": 322790.0, "s": 9047.5, "gamma": 1.3491183454972102, "R": 288.19792027729636, "Cp": 1113.6999999999998, "molecular_mass": 0.02885, "v": 3391.567402935023, "M": 5.964768559505844, "Ht": 6313839.99993, "Ue": 3553.544709140438, "total_p": 10141984.949955065, "total_T": 4392.25, "pitot_p": 106735.53549194525, "unit_Re": 847089.2068305335, "k": 0.05745, "mu": 3.8452e-05, "composition_massf": {"e-": 0.0, "N-": 0.0, "O2+": 0.0, "N": 0.0, "N2": 0.76708, "O+": 0.0, "N2O": 0.0, "N2+": 0.0, "O": 0.0, "O2": 0.23291, "NO": 3.5217e-06, "O-": 0.0, "N+": 0.0, "NO2": 0.0, "NO+": 0.0}, "composition_moles": {"e-": 0.0, "N-": 0.0, "O2+": 0.0, "N": 0.0, "N2": 0.7899882913177266, "O+": 0.0, "N2O": 0.0, "N2+": 0.0, "O": 0.0, "O2": 0.20999079652986988, "NO": 3.386013010687827e-06, "O-": 0.0, "N+": 0.0, "NO2": 0.0, "NO+": 0.0}}, "s10f": {"state_name": "s10f", "gmodel_type": "IdealGas", "rho": 0.05566739510092929, "p": 93713.18671719078, "T": 5841.292641670595, "a": 1506.9932816671096, "h": 6506615.873556876, "u": 4823167.482496336, "s": 3336.482388054065, "gamma": 1.3490337827102024, "R": 288.19792027729636, "Cp": 1113.9, "molecular_mass": 0.02885, "v": 585.1144858381693, "M": 0.3882661541734858, "Ht": null, "Ue": null, "total_p": 103607.33968176025, "total_T": 5994.968448088434, "pitot_p": 103607.33968176025}, "s10e": {"state_name": "s10e", "gmodel_type": "CEAGas", "rho": 0.0855253121013401, "p": 100370.0, "T": 3674.922539574305, "a": 1173.8, "h": 6241320.0, "u": 5067790.0, "s": 10464.800000000001, "gamma": 1.3173145142232048, "R": 319.33440872604376, "Cp": 1325.7, "molecular_mass": 0.026036999999999998, "v": 380.8495213961025, "M": 0.32445861424101424, "Ht": 6313839.99993, "Ue": 3553.544709140438, "total_p": 106735.53549194525, "total_T": 3702.21, "pitot_p": 106735.53549194525, "unit_Re": 293206.1768030216, "k": 0.68245, "mu": 0.00011109000000000001, "composition_massf": {"e-": 0.0, "N-": 0.0, "O2+": 0.0, "N": 0.00021761, "N2": 0.74034, "O+": 0.0, "N2O": 4.6478e-06, "N2+": 0.0, "O": 0.11961, "O2": 0.083003, "NO": 0.056796, "O-": 0.0, "N+": 0.0, "NO2": 1.9743e-05, "NO+": 1.16e-06}, "composition_moles": {"e-": 0.0, "N-": 0.0, "O2+": 0.0, "N": 0.00040451438026087517, "N2": 0.6881075692347234, "O+": 0.0,