{"states_dict": {"s4": {"state_name": "s4", "gmodel_type": "CEAGas", "rho": 10.729, "p": 10891000.000045195, "T": 3342.3293045792825, "a": 1194.0, "h": 2997350.0, "u": 1982230.0, "s": 6842.2, "gamma": 1.4044766091134773, "R": 303.7152980713033, "Cp": 1054.6, "molecular_mass": 0.027376, "v": 523.8198707422613, "M": 0.43871010949938133, "Ht": 3133540.0, "Ue": 2503.4136693722835, "total_p": 12434092.461005673, "total_T": 3472.16, "pitot_p": 12434092.461005673, "composition_massf": {"Ar": 0.80258, "O2": 0.17533, "H2": 0.022091}, "composition_moles": {"Ar": 0.5500007529788725, "O2": 0.15000044001650065, "H2": 0.2999996110879616}}, "s1": {"state_name": "s1", "gmodel_type": "CEAGas", "rho": 0.2343, "p": 20132.215662017035, "T": 298.15, "a": 346.7, "h": 7.000000000000001e-05, "u": -85925.0, "s": 7350.1, "gamma": 1.398557725608831, "R": 288.19792027729636, "Cp": 1011.3000000000001, "molecular_mass": 0.02885, "v": 0.0, "M": 0.0, "Ht": -10.11307, "Ue": null, "total_p": 20130.301932885304, "total_T": 298.14, "pitot_p": 20130.301932885304, "composition_massf": {"e-": 0.0, "N-": 0.0, "O2+": 0.0, "N": 0.0, "N2": 0.76708, "O+": 0.0, "N2O": 0.0, "N2+": 0.0, "O": 0.0, "O2": 0.23292, "NO": 0.0, "O-": 0.0, "N+": 0.0, "NO2": 0.0, "NO+": 0.0}, "composition_moles": {"e-": 0.0, "N-": 0.0, "O2+": 0.0, "N": 0.0, "N2": 0.7899882913177266, "O+": 0.0, "N2O": 0.0, "N2+": 0.0, "O": 0.0, "O2": 0.20999981249296848, "NO": 0.0, "O-": 0.0, "N+": 0.0, "NO2": 0.0, "NO+": 0.0}}, "s2": {"state_name": "s2", "gmodel_type": "CEAGas", "rho": 1.5915424094814652, "p": 1230900.0, "T": 2678.199556700871, "a": 977.3, "h": 2964150.0, "u": 2190750.0, "s": 8714.6, "gamma": 1.2234917348665297, "R": 288.77848013337035, "Cp": 1580.8999999999999, "molecular_mass": 0.028792, "v": 2099.2410915616633, "M": 2.148000707624745, "Ht": 5167559.99993, "Ue": 3214.8281446851865, "total_p": 12308801.768748404, "total_T": 3933.91, "pitot_p": 7312949.230081472, "unit_Re": 39332162.65947625, "k": 0.19179000000000002, "mu": 8.4944e-05, "composition_massf": {"e-": 0.0, "N-": 0.0, "O2+": 0.0, "N": 0.0, "N2": 0.75281, "O+": 0.0, "N2O": 8.6967e-06, "N2+": 0.0, "O": 0.0022873, "O2": 0.2143, "NO": 0.030473, "O-": 0.0, "N+": 0.0, "NO2": 0.00011847, "NO+": 0.0}, "composition_moles": {"e-": 0.0, "N-": 0.0, "O2+": 0.0, "N": 0.0, "N2": 0.7737334818336938, "O+": 0.0, "N2O": 5.689149211138578e-06, "N2+": 0.0, "O": 0.0041161507056514625, "O2": 0.19282365588709577, "NO": 0.02924000839829235, "O-": 0.0, "N+": 0.0, "NO2": 7.414305333058004e-05, "NO+": 0.0}}, "s3": {"state_name": "s3", "gmodel_type": "CEAGas", "rho": 2.3205, "p": 1230900.0000000002, "T": 1746.52, "a": 875.4, "h": 1363510.0, "u": 833060.0, "s": 6842.2, "gamma": 1.444818545602125, "R": 303.7152980713033, "Cp": 986.5, "molecular_mass": 0.027376, "v": 2099.1777293091677, "M": 2.397964049930509, "Ht": 3565770.0, "Ue": 2670.494336260611, "total_p": 18320784.783790726, "total_T": 3878.03, "pitot_p": 9966656.763208065, "composition_massf": {"Ar": 0.80258, "O2": 0.17533, "H2": 0.022091}, "composition_moles": {"Ar": 0.5500007529788725, "O2": 0.15000044001650065, "H2": 0.2999996110879616}}, "s5": {"state_name": "s5", "gmodel_type": "CEAGas", "rho": 7.5855, "p": 10105731.49232888, "T": 4400.834539130061, "a": 1266.7, "h": 6337260.0, "u": 5005010.0, "s": 9053.9, "gamma": 1.1329360419242471, "R": 302.73111232477703, "Cp": 2580.0, "molecular_mass": 0.027465, "v": 0.0, "M": 0.0, "Ht": 6337269.99993, "Ue": 3560.132020004314, "total_p": 10105958.675595779, "total_T": 4400.84, "pitot_p": 10105958.675595779, "composition_massf": {"e-": 0.0, "N-": 0.0, "O2+": 0.0, "N": 0.00028514, "N2": 0.71599, "O+": 0.0, "N2O": 9.585e-05, "N2+": 0.0, "O": 0.055761, "O2": 0.11903, "NO": 0.10848, "O-": 0.0, "N+": 0.0, "NO2": 0.00035856, "NO+": 2.4781e-06}, "composition_moles": {"e-": 0.0, "N-": 0.0, "O2+": 0.0, "N": 0.0005591160016277924, "N2": 0.7019735323095376, "O+": 0.0, "N2O": 5.981260565108332e-05, "N2+": 0.0, "O": 0.09572083109366601, "O2": 0.10216504837681413, "NO": 0.09929325037242427, "O-": 0.0, "N+": 0.0, "NO2": 0.00021405811044331656, "NO+": 2.268280812196639e-06}}, "s5d": {"state_name": "s5d", "gmodel_type": "CEAGas", "rho": 9.3664, "p": 14823643.835637229, "T": 5210.929601013042, "a": 1477.4, "h": 5017970.0, "u": 3435330.0, "s": 7227.9, "gamma": 1.3790827475114884, "R": 303.7152980713033, "Cp": 1104.9, "molecular_mass": 0.027376, "v": 0.0, "M": 0.0, "Ht": 5016970.0, "Ue": 3167.639499690582, "total_p": 14825233.962095141, "total_T": 5210.93, "pitot_p": 14825233.962095141, "composition_massf": {"Ar": 0.80258, "O2": 0.17533, "H2": 0.022091}, "composition_moles": {"Ar": 0.5500007529788725, "O2": 0.15000044001650065, "H2": 0.2999996110879616}}, "s6": {"state_name": "s6", "gmodel_type": "CEAGas", "rho": 4.7616, "p": 5777645.838389874, "T": 4052.36, "a": 1205.4, "h": 5626260.0, "u": 4412870.0, "s": 9053.9, "gamma": 1.1327796746685495, "R": 299.427758571017, "Cp": 2554.5, "molecular_mass": 0.027768, "v": 1205.400414860802, "M": 1.0000003441685763, "Ht": 6352749.99993, "Ue": 3564.477521300983, "total_p": 10224058.890416645, "total_T": 4408.49, "pitot_p": 10224200.207785523, "composition_massf": {"e-": 0.0, "N-": 0.0, "O2+": 0.0, "N": 0.00012024, "N2": 0.72233, "O+": 0.0, "N2O": 6.2351e-05, "N2+": 0.0, "O": 0.043223, "O2": 0.13863, "NO": 0.09534, "O-": 0.0, "N+": 0.0, "NO2": 0.00028888, "NO+": 0.0}, "composition_moles": {"e-": 0.0, "N-": 0.0, "O2+": 0.0, "N": 0.0002383733727430444, "N2": 0.7160023217460215, "O+": 0.0, "N2O": 3.9337705576559554e-05, "N2+": 0.0, "O": 0.07501632961236046, "O2": 0.12030069377601661, "NO": 0.08822876415128923, "O-": 0.0, "N+": 0.0, "NO2": 0.00017436219234656726, "NO+": 0.0}}, "s8": {"state_name": "s8", "gmodel_type": "CEAGas", "rho": 0.0096347, "p": 2329.903064893891, "T": 839.1, "a": 571.0, "h": 570730.0, "u": 328910.0, "s": 9053.9, "gamma": 1.34840086520806, "R": 288.19792027729636, "Cp": 1115.3999999999999, "molecular_mass": 0.02885, "v": 3400.595559625783, "M": 5.9555088609908635, "Ht": 6352749.99993, "Ue": 3564.477521300983, "total_p": 10224084.959658956, "total_T": 4408.49, "pitot_p": 107671.06302930106, "unit_Re": 846957.8647070243, "k": 0.057850000000000006, "mu": 3.8684000000000004e-05, "composition_massf": {"e-": 0.0, "N-": 0.0, "O2+": 0.0, "N": 0.0, "N2": 0.76708, "O+": 0.0, "N2O": 0.0, "N2+": 0.0, "O": 0.0, "O2": 0.23291, "NO": 3.957e-06, "O-": 0.0, "N+": 0.0, "NO2": 0.0, "NO+": 0.0}, "composition_moles": {"e-": 0.0, "N-": 0.0, "O2+": 0.0, "N": 0.0, "N2": 0.7899882913177266, "O+": 0.0, "N2O": 0.0, "N2+": 0.0, "O": 0.0, "O2": 0.20999079652986988, "NO": 3.8045414099133183e-06, "O-": 0.0, "N+": 0.0, "NO2": 0.0, "NO+": 0.0}}, "s10f": {"state_name": "s10f", "gmodel_type": "IdealGas", "rho": 0.05590460720161886, "p": 94543.57286037615, "T": 5868.046784062559, "a": 1510.0389644022273, "h": 6546392.992300191, "u": 4855234.113043484, "s": 3344.0955991088713, "gamma": 1.3483166495954217, "R": 288.19792027729636, "Cp": 1115.6, "molecular_mass": 0.02885, "v": 586.0580991217618, "M": 0.3881079316080841, "Ht": null, "Ue": null, "total_p": 104511.66373096971, "total_T": 6021.983721829776, "pitot_p": 104511.66373096971}, "s10e": {"state_name": "s10e", "gmodel_type": "CEAGas", "rho": 0.08591551411860673, "p": 101250.0, "T": 3685.905980050855, "a": 1176.6, "h": 6280040.0, "u": 5101570.0, "s": 10472.5, "gamma": 1.3177343271125324, "R": 319.72736012305324, "Cp": 1326.0, "molecular_mass": 0.026005, "v": 381.3480996353706, "M": 0.32411023256448296, "Ht": 6352759.99993, "Ue": 3564.4803267601296, "total_p": 107671.06302930106, "total_T": 3713.35, "pitot_p": 107671.06302930106, "unit_Re": 294135.1830355197, "k": 0.68001, "mu": 0.00011138999999999999, "composition_massf": {"e-": 0.0, "N-": 0.0, "O2+": 0.0, "N": 0.00022728, "N2": 0.74034, "O+": 0.0, "N2O": 4.6686e-06, "N2+": 0.0, "O": 0.1211, "O2": 0.081525, "NO": 0.056785, "O-": 0.0, "N+": 0.0, "NO2": 1.954e-05, "NO+": 1.2113e-06}, "composition_moles": {"e-": 0.0, "N-": 0.0, "O2+": 0.0, "N": 0.00042197065689991215,