{"states_dict": {"s4": {"state_name": "s4", "gmodel_type": "CEAGas", "rho": 19.212, "p": 21146024.40200744, "T": 3624.0923550839325, "a": 1241.3, "h": 3295760.0, "u": 2195070.0, "s": 6726.4, "gamma": 1.3997386329315775, "R": 303.7152980713033, "Cp": 1063.5, "molecular_mass": 0.027376, "v": 0.0, "M": 0.0, "Ht": 3294770.0, "Ue": 2567.0099337556135, "total_p": 21143722.34958486, "total_T": 3624.1, "pitot_p": 21143722.34958486, "composition_massf": {"Ar": 0.80258, "O2": 0.17533, "H2": 0.022091}, "composition_moles": {"Ar": 0.5500007529788725, "O2": 0.15000044001650065, "H2": 0.2999996110879616}}, "s1": {"state_name": "s1", "gmodel_type": "CEAGas", "rho": 0.2343, "p": 20132.215662017035, "T": 298.15, "a": 346.7, "h": 7.000000000000001e-05, "u": -85925.0, "s": 7350.1, "gamma": 1.398557725608831, "R": 288.19792027729636, "Cp": 1011.3000000000001, "molecular_mass": 0.02885, "v": 0.0, "M": 0.0, "Ht": -10.11307, "Ue": null, "total_p": 20130.301932885304, "total_T": 298.14, "pitot_p": 20130.301932885304, "composition_massf": {"e-": 0.0, "N-": 0.0, "O2+": 0.0, "N": 0.0, "N2": 0.76708, "O+": 0.0, "N2O": 0.0, "N2+": 0.0, "O": 0.0, "O2": 0.23292, "NO": 0.0, "O-": 0.0, "N+": 0.0, "NO2": 0.0, "NO+": 0.0}, "composition_moles": {"e-": 0.0, "N-": 0.0, "O2+": 0.0, "N": 0.0, "N2": 0.7899882913177266, "O+": 0.0, "N2O": 0.0, "N2+": 0.0, "O": 0.0, "O2": 0.20999981249296848, "NO": 0.0, "O-": 0.0, "N+": 0.0, "NO2": 0.0, "NO+": 0.0}}, "s2": {"state_name": "s2", "gmodel_type": "CEAGas", "rho": 1.5764153475133682, "p": 1191400.0, "T": 2618.261306720781, "a": 967.7, "h": 2870970.0, "u": 2115210.0, "s": 8688.9, "gamma": 1.2294953107604838, "R": 288.64815136261063, "Cp": 1546.4, "molecular_mass": 0.028805, "v": 2063.0003684015796, "M": 2.131859427923509, "Ht": 4998949.99993, "Ue": 3161.945603558037, "total_p": 11593252.219725313, "total_T": 3851.2, "pitot_p": 6998021.078086379, "unit_Re": 38903122.669433735, "k": 0.18283000000000002, "mu": 8.3596e-05, "composition_massf": {"e-": 0.0, "N-": 0.0, "O2+": 0.0, "N": 0.0, "N2": 0.75402, "O+": 0.0, "N2O": 7.8243e-06, "N2+": 0.0, "O": 0.0017938, "O2": 0.21617, "NO": 0.027889, "O-": 0.0, "N+": 0.0, "NO2": 0.00011327, "NO+": 0.0}, "composition_moles": {"e-": 0.0, "N-": 0.0, "O2+": 0.0, "N": 0.0, "N2": 0.7753270256377305, "O+": 0.0, "N2O": 5.1207594495237755e-06, "N2+": 0.0, "O": 0.0032295216695626084, "O2": 0.194594073840269, "NO": 0.026772644395639554, "O-": 0.0, "N+": 0.0, "NO2": 7.092070187260218e-05, "NO+": 0.0}}, "s3": {"state_name": "s3", "gmodel_type": "CEAGas", "rho": 2.5533, "p": 1191399.999999999, "T": 1536.32, "a": 823.4, "h": 1157430.0, "u": 690820.0, "s": 6726.4, "gamma": 1.4530462840179892, "R": 303.7152980713033, "Cp": 974.0999999999999, "molecular_mass": 0.027376, "v": 2062.98781620599, "M": 2.5054503475904664, "Ht": 3284390.0, "Ue": 2562.9631288803203, "total_p": 20945062.246357616, "total_T": 3614.34, "pitot_p": 10521537.984483996, "composition_massf": {"Ar": 0.80258, "O2": 0.17533, "H2": 0.022091}, "composition_moles": {"Ar": 0.5500007529788725, "O2": 0.15000044001650065, "H2": 0.2999996110879616}}, "s5": {"state_name": "s5", "gmodel_type": "CEAGas", "rho": 7.4511, "p": 9699865.932985898, "T": 4318.51037463612, "a": 1251.4, "h": 6140600.0, "u": 4838790.0, "s": 9021.2, "gamma": 1.1341879632232883, "R": 301.44695816111954, "Cp": 2547.8999999999996, "molecular_mass": 0.027582000000000002, "v": 0.0, "M": 0.0, "Ht": 6140589.99993, "Ue": 3504.4514549155906, "total_p": 9699270.872555524, "total_T": 4318.5, "pitot_p": 9699270.872555524, "composition_massf": {"e-": 0.0, "N-": 0.0, "O2+": 0.0, "N": 0.00022559, "N2": 0.71709, "O+": 0.0, "N2O": 9.1548e-05, "N2+": 0.0, "O": 0.050911, "O2": 0.12507, "NO": 0.10624, "O-": 0.0, "N+": 0.0, "NO2": 0.00036205, "NO+": 1.9331e-06}, "composition_moles": {"e-": 0.0, "N-": 0.0, "O2+": 0.0, "N": 0.0004442319304332926, "N2": 0.7060469768039581, "O+": 0.0, "N2O": 5.73714223135088e-05, "N2+": 0.0, "O": 0.08776749140592773, "O2": 0.10780656587122017, "NO": 0.09765719903619598, "O-": 0.0, "N+": 0.0, "NO2": 0.00021706237515079722, "NO+": 1.7769633188610558e-06}}, "s5d": {"state_name": "s5d", "gmodel_type": "CEAGas", "rho": 10.492, "p": 15552603.767224252, "T": 4880.519053360245, "a": 1431.6, "h": 4654110.0, "u": 3171820.0, "s": 7141.200000000001, "gamma": 1.3826649264289192, "R": 303.7152980713033, "Cp": 1097.3999999999999, "molecular_mass": 0.027376, "v": 0.0, "M": 0.0, "Ht": 4653110.0, "Ue": 3050.6097751105435, "total_p": 15553441.987926105, "total_T": 4880.52, "pitot_p": 15553441.987926105, "composition_massf": {"Ar": 0.80258, "O2": 0.17533, "H2": 0.022091}, "composition_moles": {"Ar": 0.5500007529788725, "O2": 0.15000044001650065, "H2": 0.2999996110879616}}, "s6": {"state_name": "s6", "gmodel_type": "CEAGas", "rho": 4.6738, "p": 5543116.703719003, "T": 3976.13, "a": 1191.5, "h": 5445290.0, "u": 4259280.0, "s": 9021.2, "gamma": 1.135309136740707, "R": 298.2783856502242, "Cp": 2502.7, "molecular_mass": 0.027875, "v": 1191.50052150912, "M": 1.0000004376912464, "Ht": 6155119.99993, "Ue": 3508.595160439574, "total_p": 9807982.349136535, "total_T": 4325.69, "pitot_p": 9808108.544497594, "composition_massf": {"e-": 0.0, "N-": 0.0, "O2+": 0.0, "N": 9.3047e-05, "N2": 0.72365, "O+": 0.0, "N2O": 5.9078e-05, "N2+": 0.0, "O": 0.038839, "O2": 0.14449, "NO": 0.09258, "O-": 0.0, "N+": 0.0, "NO2": 0.00028889, "NO+": 0.0}, "composition_moles": {"e-": 0.0, "N-": 0.0, "O2+": 0.0, "N": 0.00018517460393954323, "N2": 0.7200748124112032, "O+": 0.0, "N2O": 3.741637091936891e-05, "N2+": 0.0, "O": 0.06766735783841894, "O2": 0.12586905602710102, "NO": 0.08600476236498578, "O-": 0.0, "N+": 0.0, "NO2": 0.00017504013107128493, "NO+": 0.0}}, "s8": {"state_name": "s8", "gmodel_type": "CEAGas", "rho": 0.0094768, "p": 2189.7659151319676, "T": 801.77, "a": 558.9, "h": 529250.0, "u": 298180.0, "s": 9021.2, "gamma": 1.3520610653407106, "R": 288.19792027729636, "Cp": 1106.8, "molecular_mass": 0.02885, "v": 3354.3633513315913, "M": 6.001723655987818, "Ht": 6155119.99993, "Ue": 3508.595160439574, "total_p": 9807985.45343207, "total_T": 4325.69, "pitot_p": 102946.84300440793, "unit_Re": 847561.2064176191, "k": 0.05584, "mu": 3.7506e-05, "composition_massf": {"e-": 0.0, "N-": 0.0, "O2+": 0.0, "N": 0.0, "N2": 0.76708, "O+": 0.0, "N2O": 0.0, "N2+": 0.0, "O": 0.0, "O2": 0.23292, "NO": 2.1503e-06, "O-": 0.0, "N+": 0.0, "NO2": 0.0, "NO+": 0.0}, "composition_moles": {"e-": 0.0, "N-": 0.0, "O2+": 0.0, "N": 0.0, "N2": 0.7899882913177266, "O+": 0.0, "N2O": 0.0, "N2+": 0.0, "O": 0.0, "O2": 0.20999981249296848, "NO": 2.0674514515381872e-06, "O-": 0.0, "N+": 0.0, "NO2": 0.0, "NO+": 0.0}}, "s10f": {"state_name": "s10f", "gmodel_type": "IdealGas", "rho": 0.054691287915809655, "p": 90342.88840930698, "T": 5731.720156984007, "a": 1494.4423195072227, "h": 6344441.0417655995, "u": 4692571.21291135, "s": 3305.251594626472, "gamma": 1.35201806299907, "R": 288.19792027729636, "Cp": 1106.9000000000003, "molecular_mass": 0.02885, "v": 581.2313095707299, "M": 0.3889285668532092, "Ht": null, "Ue": null, "total_p": 99936.15594078215, "total_T": 5884.321943606696, "pitot_p": 99936.15594078215}, "s10e": {"state_name": "s10e", "gmodel_type": "CEAGas", "rho": 0.08389374005470865, "p": 96776.0, "T": 3630.3878230727755, "a": 1162.5, "h": 6083340.0, "u": 4929790.0, "s": 10433.199999999999, "gamma": 1.3155855117437334, "R": 317.7479267780028, "Cp": 1324.6, "molecular_mass": 0.026167000000000003, "v": 378.9154064077877, "M": 0.3259487366948712, "Ht": 6155119.99993, "Ue": 3508.595160439574, "total_p": 102946.84300440793, "total_T": 3657.12, "pitot_p": 102946.84300440793, "unit_Re": 289329.4858277894, "k": 0.69079, "mu": 0.00010987, "composition_massf": {"e-": 0.0, "N-": 0.0, "O2+": 0.0, "N": 0.00018201, "N2": 0.7404, "O+": 0.0, "N2O": 4.5557e-06, "N2+": 0.0, "O": 0.11354, "O2": 0.089097, "NO": 0.056755, "O-": 0.0, "N+": 0.0, "NO2": 2.053e-05, "NO+": 0.0}, "composition_moles": {"e-": 0.0, "N-": 0.0, "O2+": 0.0, "N": 0.000340026963524599, "N2": 0.6915992632097496, "O+": 0.0,