{"states_dict": {"s4": {"state_name": "s4", "gmodel_type": "CEAGas", "rho": 33.429, "p": 37310000.0, "T": 3861.0, "a": 1256.6, "h": 3288120.0, "u": 2172010.0, "s": 6232.3, "gamma": 1.4148350213656617, "R": 289.06963807669575, "Cp": 985.9, "molecular_mass": 0.028763, "v": 0.0, "M": 0.0, "Ht": 3287120.0, "Ue": 2564.028080969473, "total_p": 37307663.26738406, "total_T": 3861.0, "pitot_p": 37307663.26738406, "composition_massf": {"Ar": 0.83332, "O2": 0.14796, "H2": 0.018713}, "composition_moles": {"Ar": 0.5999995784519876, "O2": 0.1329979086715752, "H2": 0.26700102139016213}}, "s1": {"state_name": "s1", "gmodel_type": "CEAGas", "rho": 4.3817, "p": 376493.58067924716, "T": 298.15, "a": 346.7, "h": 7.000000000000001e-05, "u": -85925.0, "s": 6506.1, "gamma": 1.398557725608831, "R": 288.19792027729636, "Cp": 1011.3000000000001, "molecular_mass": 0.02885, "v": 0.0, "M": 0.0, "Ht": -10.11307, "Ue": null, "total_p": 376459.00716485066, "total_T": 298.14, "pitot_p": 376459.00716485066, "composition_massf": {"e-": 0.0, "N-": 0.0, "O2+": 0.0, "N": 0.0, "N2": 0.76708, "O+": 0.0, "N2O": 0.0, "N2+": 0.0, "O": 0.0, "O2": 0.23292, "NO": 0.0, "O-": 0.0, "N+": 0.0, "NO2": 0.0, "NO+": 0.0}, "composition_moles": {"e-": 0.0, "N-": 0.0, "O2+": 0.0, "N": 0.0, "N2": 0.7899882913177266, "O+": 0.0, "N2O": 0.0, "N2+": 0.0, "O": 0.0, "O2": 0.20999981249296848, "NO": 0.0, "O-": 0.0, "N+": 0.0, "NO2": 0.0, "NO+": 0.0}}, "s2": {"state_name": "s2", "gmodel_type": "CEAGas", "rho": 22.463499250992474, "p": 8205300.0, "T": 1267.4710071133982, "a": 693.3, "h": 1067600.0, "u": 702330.0, "s": 7177.5, "gamma": 1.3160953341773, "R": 288.18793109424286, "Cp": 1199.8999999999999, "molecular_mass": 0.028850999999999998, "v": 1199.2448466993396, "M": 1.7297632290485212, "Ht": 1786689.99993, "Ue": 1890.33859397199, "total_p": 41426935.51220839, "total_T": 1843.15, "pitot_p": 34431375.16207453, "unit_Re": 527889083.62570935, "k": 0.0806, "mu": 5.1032e-05, "composition_massf": {"e-": 0.0, "N-": 0.0, "O2+": 0.0, "N": 0.0, "N2": 0.76691, "O+": 0.0, "N2O": 0.0, "N2+": 0.0, "O": 0.0, "O2": 0.2327, "NO": 0.00033155, "O-": 0.0, "N+": 0.0, "NO2": 5.7512e-05, "NO+": 0.0}, "composition_moles": {"e-": 0.0, "N-": 0.0, "O2+": 0.0, "N": 0.0, "N2": 0.7898405909314827, "O+": 0.0, "N2O": 0.0, "N2+": 0.0, "O": 0.0, "O2": 0.20980873345250448, "NO": 0.0003187868150142804, "O-": 0.0, "N+": 0.0, "NO2": 3.606696399343557e-05, "NO+": 0.0}}, "s3": {"state_name": "s3", "gmodel_type": "CEAGas", "rho": 11.572, "p": 8205300.000000003, "T": 2452.97, "a": 1010.8, "h": 1927090.0, "u": 1218010.0, "s": 6232.3, "gamma": 1.4409706321284266, "R": 289.06963807669575, "Cp": 944.6, "molecular_mass": 0.028763, "v": 1199.2417883039768, "M": 1.186428361994437, "Ht": 2645180.0, "Ue": 2300.07825953814, "total_p": 19864564.237479135, "total_T": 3204.29, "pitot_p": 19747815.557310805, "composition_massf": {"Ar": 0.83332, "O2": 0.14796, "H2": 0.018713}, "composition_moles": {"Ar": 0.5999995784519876, "O2": 0.1329979086715752, "H2": 0.26700102139016213}}, "s5": {"state_name": "s5", "gmodel_type": "CEAGas", "rho": 81.338, "p": 52820462.72842685, "T": 2253.688882054615, "a": 906.6, "h": 2334910.0, "u": 1685520.0, "s": 7375.8, "gamma": 1.2658554639475228, "R": 288.14798128573904, "Cp": 1372.0, "molecular_mass": 0.028855, "v": 0.0, "M": 0.0, "Ht": 2334899.99993, "Ue": 2160.9720034882453, "total_p": 52814778.01125211, "total_T": 2253.68, "pitot_p": 52814778.01125211, "composition_massf": {"e-": 0.0, "N-": 0.0, "O2+": 0.0, "N": 0.0, "N2": 0.76012, "O+": 0.0, "N2O": 2.7134e-05, "N2+": 0.0, "O": 4.0952e-05, "O2": 0.22473, "NO": 0.014485, "O-": 0.0, "N+": 0.0, "NO2": 0.00059957, "NO+": 0.0}, "composition_moles": {"e-": 0.0, "N-": 0.0, "O2+": 0.0, "N": 0.0, "N2": 0.7829561067203553, "O+": 0.0, "N2O": 1.7789178829794972e-05, "N2+": 0.0, "O": 7.385714214283035e-05, "O2": 0.20265085409452854, "NO": 0.013929323537547365, "O-": 0.0, "N+": 0.0, "NO2": 0.0003760548706132963, "NO+": 0.0}}, "s5d": {"state_name": "s5d", "gmodel_type": "CEAGas", "rho": 29.641, "p": 35493605.33677051, "T": 4142.3541250790095, "a": 1299.8, "h": 3566470.0, "u": 2369030.0, "s": 6316.3, "gamma": 1.4108259872222575, "R": 289.06963807669575, "Cp": 992.7, "molecular_mass": 0.028763, "v": 0.0, "M": 0.0, "Ht": 3565470.0, "Ue": 2670.3819951460127, "total_p": 35493013.3338581, "total_T": 4142.36, "pitot_p": 35493013.3338581, "composition_massf": {"Ar": 0.83332, "O2": 0.14796, "H2": 0.018713}, "composition_moles": {"Ar": 0.5999995784519876, "O2": 0.1329979086715752, "H2": 0.26700102139016213}}, "s6": {"state_name": "s6", "gmodel_type": "CEAGas", "rho": 50.53, "p": 28830387.93164845, "T": 1979.97, "a": 854.0, "h": 1966020.0, "u": 1395460.0, "s": 7375.8, "gamma": 1.2784145245968799, "R": 288.16795480539287, "Cp": 1323.1999999999998, "molecular_mass": 0.028853, "v": 858.9412086982438, "M": 1.0057859586630489, "Ht": 2334909.99993, "Ue": 2160.9766310305163, "total_p": 52814931.67828797, "total_T": 2253.69, "pitot_p": 52814947.931452334, "composition_massf": {"e-": 0.0, "N-": 0.0, "O2+": 0.0, "N": 0.0, "N2": 0.76349, "O+": 0.0, "N2O": 1.0486e-05, "N2+": 0.0, "O": 8.4908e-06, "O2": 0.22869, "NO": 0.0074586, "O-": 0.0, "N+": 0.0, "NO2": 0.00034629, "NO+": 0.0}, "composition_moles": {"e-": 0.0, "N-": 0.0, "O2+": 0.0, "N": 0.0, "N2": 0.7863728419256499, "O+": 0.0, "N2O": 6.874194734259124e-06, "N2+": 0.0, "O": 1.531213998024926e-05, "O2": 0.20620750059377227, "NO": 0.0071719745585064375, "O-": 0.0, "N+": 0.0, "NO2": 0.0002171806712240928, "NO+": 0.0}}, "s8": {"state_name": "s8", "gmodel_type": "CEAGas", "rho": 0.11307, "p": 7526.4908615048325, "T": 230.98, "a": 305.2, "h": -67853.0, "u": -134420.0, "s": 7375.8, "gamma": 1.399607722135391, "R": 288.19792027729636, "Cp": 1009.4000000000001, "molecular_mass": 0.02885, "v": 2192.150998448784, "M": 7.1826703749960155, "Ht": 2334909.99993, "Ue": 2160.9766310305163, "total_p": 52815207.886216864, "total_T": 2253.69, "pitot_p": 510626.6600578494, "unit_Re": 16217385.069000522, "k": 0.02144, "mu": 1.5284e-05, "composition_massf": {"e-": 0.0, "N-": 0.0, "O2+": 0.0, "N": 0.0, "N2": 0.76708, "O+": 0.0, "N2O": 0.0, "N2+": 0.0, "O": 0.0, "O2": 0.23292, "NO": 0.0, "O-": 0.0, "N+": 0.0, "NO2": 0.0, "NO+": 0.0}, "composition_moles": {"e-": 0.0, "N-": 0.0, "O2+": 0.0, "N": 0.0, "N2": 0.7899882913177266, "O+": 0.0, "N2O": 0.0, "N2+": 0.0, "O": 0.0, "O2": 0.20999981249296848, "NO": 0.0, "O-": 0.0, "N+": 0.0, "NO2": 0.0, "NO+": 0.0}}, "s10f": {"state_name": "s10f", "gmodel_type": "IdealGas", "rho": 0.618889852491169, "p": 451600.38820396666, "T": 2531.9207160459864, "a": 1010.5868372506296, "h": 2555720.770776819, "u": 1826026.4861053627, "s": 1728.5430735047864, "gamma": 1.399607722135391, "R": 288.19792027729636, "Cp": 1009.4000000000001, "molecular_mass": 0.02885, "v": 400.4833110709623, "M": 0.39628787582520314, "Ht": null, "Ue": null, "total_p": 503210.5965601601, "total_T": 2611.367358827026, "pitot_p": 503210.5965601601}, "s10e": {"state_name": "s10e", "gmodel_type": "CEAGas", "rho": 0.7336572237655216, "p": 467150.0, "T": 2208.793610718446, "a": 896.9, "h": 2277840.0, "u": 1641100.0, "s": 8712.8, "gamma": 1.2930778462255434, "R": 288.27785867831636, "Cp": 1271.9, "molecular_mass": 0.028842, "v": 337.85057294525143, "M": 0.37668700294932705, "Ht": 2334919.99993, "Ue": 2160.981258562878, "total_p": 510626.6600578494, "total_T": 2249.76, "pitot_p": 510626.6600578494, "unit_Re": 3337730.1095392527, "k": 0.14032, "mu": 7.4262e-05, "composition_massf": {"e-": 0.0, "N-": 0.0, "O2+": 0.0, "N": 0.0, "N2": 0.76093, "O+": 0.0, "N2O": 2.3196e-06, "N2+": 0.0, "O": 0.00033065, "O2": 0.22554, "NO": 0.013148, "O-": 0.0, "N+": 0.0, "NO2": 5.442e-05, "NO+": 0.0}, "composition_moles": {"e-": 0.0, "N-": 0.0, "O2+": 0.0, "N": 0.0, "N2": 0.7834373214247466, "O+": 0.0, "N2O": 1.5200556020066892e-06, "N2+": 0.0, "O": 0.0005960603085115691, "O2": 0.20328964461167293, "NO": 0.012637917490110343, "O-": 0.0, "N+": 0.0, "NO2": 3.411726076230016e-05, "NO+": 0.0}}},