{"states_dict": {"s4": {"state_name": "s4", "gmodel_type": "CEAGas", "rho": 33.429, "p": 37310000.0, "T": 3861.0, "a": 1256.6, "h": 3288120.0, "u": 2172010.0, "s": 6232.3, "gamma": 1.4148350213656617, "R": 289.06963807669575, "Cp": 985.9, "molecular_mass": 0.028763, "v": 0.0, "M": 0.0, "Ht": 3287120.0, "Ue": 2564.028080969473, "total_p": 37307663.26738406, "total_T": 3861.0, "pitot_p": 37307663.26738406, "composition_massf": {"Ar": 0.83332, "O2": 0.14796, "H2": 0.018713}, "composition_moles": {"Ar": 0.5999995784519876, "O2": 0.1329979086715752, "H2": 0.26700102139016213}}, "s1": {"state_name": "s1", "gmodel_type": "CEAGas", "rho": 6.9768, "p": 599484.2503189408, "T": 298.15, "a": 346.7, "h": 7.000000000000001e-05, "u": -85925.0, "s": 6372.0, "gamma": 1.398557725608831, "R": 288.19792027729636, "Cp": 1011.3000000000001, "molecular_mass": 0.02885, "v": 0.0, "M": 0.0, "Ht": -10.11307, "Ue": null, "total_p": 599528.8970860947, "total_T": 298.14, "pitot_p": 599528.8970860947, "composition_massf": {"e-": 0.0, "N-": 0.0, "O2+": 0.0, "N": 0.0, "N2": 0.76708, "O+": 0.0, "N2O": 0.0, "N2+": 0.0, "O": 0.0, "O2": 0.23292, "NO": 0.0, "O-": 0.0, "N+": 0.0, "NO2": 0.0, "NO+": 0.0}, "composition_moles": {"e-": 0.0, "N-": 0.0, "O2+": 0.0, "N": 0.0, "N2": 0.7899882913177266, "O+": 0.0, "N2O": 0.0, "N2+": 0.0, "O": 0.0, "O2": 0.20999981249296848, "NO": 0.0, "O-": 0.0, "N+": 0.0, "NO2": 0.0, "NO+": 0.0}}, "s2": {"state_name": "s2", "gmodel_type": "CEAGas", "rho": 33.12116221241198, "p": 10214000.0, "T": 1070.0125312261093, "a": 640.1, "h": 834130.0, "u": 525760.0, "s": 6914.3, "gamma": 1.3289395744247454, "R": 288.18793109424286, "Cp": 1164.3, "molecular_mass": 0.028850999999999998, "v": 1042.9423075166692, "M": 1.6293427706868757, "Ht": 1377999.99993, "Ue": 1660.120477513605, "total_p": 44356649.68727896, "total_T": 1521.52, "pitot_p": 38903852.84575979, "unit_Re": 757864443.7351218, "k": 0.0701, "mu": 4.558e-05, "composition_massf": {"e-": 0.0, "N-": 0.0, "O2+": 0.0, "N": 0.0, "N2": 0.76704, "O+": 0.0, "N2O": 0.0, "N2+": 0.0, "O": 0.0, "O2": 0.23286, "NO": 6.6873e-05, "O-": 0.0, "N+": 0.0, "NO2": 3.5525e-05, "NO+": 0.0}, "composition_moles": {"e-": 0.0, "N-": 0.0, "O2+": 0.0, "N": 0.0, "N2": 0.78997447792842, "O+": 0.0, "N2O": 0.0, "N2+": 0.0, "O": 0.0, "O2": 0.20995299386226984, "NO": 6.429869003302661e-05, "O-": 0.0, "N+": 0.0, "NO2": 2.2278461814348284e-05, "NO+": 0.0}}, "s3": {"state_name": "s3", "gmodel_type": "CEAGas", "rho": 13.474, "p": 10213999.999999998, "T": 2622.44, "a": 1043.7, "h": 2087679.9999999998, "u": 1329610.0, "s": 6232.3, "gamma": 1.4370371466410166, "R": 289.06963807669575, "Cp": 950.5, "molecular_mass": 0.028763, "v": 1042.9323834131199, "M": 0.9992645237262813, "Ht": 2630530.0, "Ue": 2293.700067576404, "total_p": 19552031.691123337, "total_T": 3189.16, "pitot_p": 19552031.691123337, "composition_massf": {"Ar": 0.83332, "O2": 0.14796, "H2": 0.018713}, "composition_moles": {"Ar": 0.5999995784519876, "O2": 0.1329979086715752, "H2": 0.26700102139016213}}, "s5": {"state_name": "s5", "gmodel_type": "CEAGas", "rho": 113.15, "p": 61115608.76404901, "T": 1874.4448871512132, "a": 832.5, "h": 1827480.0, "u": 1287350.0, "s": 7087.4, "gamma": 1.2835804036637106, "R": 288.15796769945246, "Cp": 1304.3, "molecular_mass": 0.028853999999999998, "v": 0.0, "M": 0.0, "Ht": 1827469.99993, "Ue": 1911.7897373560722, "total_p": 61114478.9614598, "total_T": 1874.44, "pitot_p": 61114478.9614598, "composition_massf": {"e-": 0.0, "N-": 0.0, "O2+": 0.0, "N": 0.0, "N2": 0.76438, "O+": 0.0, "N2O": 1.132e-05, "N2+": 0.0, "O": 2.4423e-06, "O2": 0.22968, "NO": 0.0054699, "O-": 0.0, "N+": 0.0, "NO2": 0.0004486, "NO+": 0.0}, "composition_moles": {"e-": 0.0, "N-": 0.0, "O2+": 0.0, "N": 0.0, "N2": 0.7873168026730064, "O+": 0.0, "N2O": 7.421188381561728e-06, "N2+": 0.0, "O": 4.404547933047489e-06, "O2": 0.20710735152568222, "NO": 0.005259880311003429, "O-": 0.0, "N+": 0.0, "NO2": 0.00028135558574518267, "NO+": 0.0}}, "s5d": {"state_name": "s5d", "gmodel_type": "CEAGas", "rho": 30.932, "p": 36175995.084380955, "T": 4045.825456881193, "a": 1285.1, "h": 3470750.0, "u": 2301220.0, "s": 6287.4, "gamma": 1.4121732834779332, "R": 289.06963807669575, "Cp": 990.4, "molecular_mass": 0.028763, "v": 0.0, "M": 0.0, "Ht": 3469750.0, "Ue": 2634.2930740523157, "total_p": 36176921.7625633, "total_T": 4045.82, "pitot_p": 36176921.7625633, "composition_massf": {"Ar": 0.83332, "O2": 0.14796, "H2": 0.018713}, "composition_moles": {"Ar": 0.5999995784519876, "O2": 0.1329979086715752, "H2": 0.26700102139016213}}, "s6": {"state_name": "s6", "gmodel_type": "CEAGas", "rho": 70.423, "p": 33158627.24307754, "T": 1633.92, "a": 781.1, "h": 1518770.0, "u": 1047920.0000000001, "s": 7087.4, "gamma": 1.2958505895438155, "R": 288.16795480539287, "Cp": 1262.2, "molecular_mass": 0.028853, "v": 785.7607778452676, "M": 1.005966941294671, "Ht": 1827489.99993, "Ue": 1911.8001987289363, "total_p": 61114997.055142544, "total_T": 1874.45, "pitot_p": 61116425.49075147, "composition_massf": {"e-": 0.0, "N-": 0.0, "O2+": 0.0, "N": 0.0, "N2": 0.76592, "O+": 0.0, "N2O": 3.6754e-06, "N2+": 0.0, "O": 0.0, "O2": 0.23151, "NO": 0.0023162, "O-": 0.0, "N+": 0.0, "NO2": 0.00023914, "NO+": 0.0}, "composition_moles": {"e-": 0.0, "N-": 0.0, "O2+": 0.0, "N": 0.0, "N2": 0.7888756723568008, "O+": 0.0, "N2O": 2.409442621237458e-06, "N2+": 0.0, "O": 0.0, "O2": 0.20875026657249646, "NO": 0.002227191091144801, "O-": 0.0, "N+": 0.0, "NO2": 0.00014998003325689322, "NO+": 0.0}}, "s8": {"state_name": "s8", "gmodel_type": "CEAGas", "rho": 0.16007, "p": 8207.073895521027, "T": 177.91, "a": 267.9, "h": -121410.0, "u": -172680.0, "s": 7087.4, "gamma": 1.3997740170040183, "R": 288.19792027729636, "Cp": 1009.1000000000001, "molecular_mass": 0.02885, "v": 1974.2796154547107, "M": 7.369464783332254, "Ht": 1827469.99993, "Ue": 1911.7897373560722, "total_p": 61114429.96831801, "total_T": 1874.44, "pitot_p": 584440.1914905371, "unit_Re": 25649130.59376962, "k": 0.016880000000000003, "mu": 1.2321000000000001e-05, "composition_massf": {"e-": 0.0, "N-": 0.0, "O2+": 0.0, "N": 0.0, "N2": 0.76708, "O+": 0.0, "N2O": 0.0, "N2+": 0.0, "O": 0.0, "O2": 0.23292, "NO": 0.0, "O-": 0.0, "N+": 0.0, "NO2": 0.0, "NO+": 0.0}, "composition_moles": {"e-": 0.0, "N-": 0.0, "O2+": 0.0, "N": 0.0, "N2": 0.7899882913177266, "O+": 0.0, "N2O": 0.0, "N2+": 0.0, "O": 0.0, "O2": 0.20999981249296848, "NO": 0.0, "O-": 0.0, "N+": 0.0, "NO2": 0.0, "NO+": 0.0}}, "s10f": {"state_name": "s10f", "gmodel_type": "IdealGas", "rho": 0.8797983198468599, "p": 518597.80082997074, "T": 2045.2985007557618, "a": 908.3489847617841, "h": 2063910.71711264, "u": 1474459.942848557, "s": 1472.6579435942585, "gamma": 1.3997740170040183, "R": 288.19792027729636, "Cp": 1009.1000000000003, "molecular_mass": 0.02885, "v": 359.18870774945174, "M": 0.39543029581703065, "Ht": null, "Ue": null, "total_p": 577605.4994816487, "total_T": 2109.2250331978994, "pitot_p": 577605.4994816487}, "s10e": {"state_name": "s10e", "gmodel_type": "CEAGas", "rho": 1.0068645439740194, "p": 532940.0, "T": 1836.6093954666746, "a": 824.7, "h": 1778220.0, "u": 1248920.0, "s": 8427.4, "gamma": 1.2999555541766448, "R": 288.19792027729636, "Cp": 1249.0, "molecular_mass": 0.02885, "v": 313.8683747850694, "M": 0.3805849094035036, "Ht": 1827479.99993, "Ue": 1911.79496804966, "total_p": 584440.1914905371, "total_T": 1874.42, "pitot_p": 584440.1914905371, "unit_Re": 4828094.69170935, "k": 0.11297, "mu": 6.5455e-05, "composition_massf": {"e-": 0.0, "N-": 0.0, "O2+": 0.0, "N": 0.0, "N2": 0.7648, "O+": 0.0, "N2O": 0.0, "N2+": 0.0, "O": 1.8696e-05, "O2": 0.23028, "NO": 0.0048544, "O-": 0.0, "N+": 0.0, "NO2": 4.0087e-05, "NO+": 0.0}, "composition_moles": {"e-": 0.0, "N-": 0.0, "O2+": 0.0, "N": 0.0, "N2": 0.7876402007610644, "O+": 0.0, "N2O": 0.0, "N2+": 0.0, "O": 3.371248921834569e-05, "O2": 0.20761959823493384, "NO": 0.004667365635654084, "O-": 0.0, "N+": 0.0, "NO2": 2.5138514960167806e-05, "NO+": 0.0}}},