{"states_dict": {"s4": {"state_name": "s4", "gmodel_type": "CEAGas", "rho": 33.429, "p": 37310000.0, "T": 3861.0, "a": 1256.6, "h": 3288120.0, "u": 2172010.0, "s": 6232.3, "gamma": 1.4148350213656617, "R": 289.06963807669575, "Cp": 985.9, "molecular_mass": 0.028763, "v": 0.0, "M": 0.0, "Ht": 3287120.0, "Ue": 2564.028080969473, "total_p": 37307663.26738406, "total_T": 3861.0, "pitot_p": 37307663.26738406, "composition_massf": {"Ar": 0.83332, "O2": 0.14796, "H2": 0.018713}, "composition_moles": {"Ar": 0.5999995784519876, "O2": 0.1329979086715752, "H2": 0.26700102139016213}}, "s1": {"state_name": "s1", "gmodel_type": "CEAGas", "rho": 1.6497, "p": 141747.4162926805, "T": 298.15, "a": 346.7, "h": 7.000000000000001e-05, "u": -85925.0, "s": 6787.6, "gamma": 1.398557725608831, "R": 288.19792027729636, "Cp": 1011.3000000000001, "molecular_mass": 0.02885, "v": 0.0, "M": 0.0, "Ht": null, "Ue": null, "total_p": 141758.90512595043, "total_T": 298.15, "pitot_p": 141758.90512595043, "composition_massf": {"e-": 0.0, "N-": 0.0, "O2+": 0.0, "N": 0.0, "N2": 0.76708, "O+": 0.0, "N2O": 0.0, "N2+": 0.0, "O": 0.0, "O2": 0.23292, "NO": 0.0, "O-": 0.0, "N+": 0.0, "NO2": 0.0, "NO+": 0.0}, "composition_moles": {"e-": 0.0, "N-": 0.0, "O2+": 0.0, "N": 0.0, "N2": 0.7899882913177266, "O+": 0.0, "N2O": 0.0, "N2+": 0.0, "O": 0.0, "O2": 0.20999981249296848, "NO": 0.0, "O-": 0.0, "N+": 0.0, "NO2": 0.0, "NO+": 0.0}}, "s2": {"state_name": "s2", "gmodel_type": "CEAGas", "rho": 9.617675670498823, "p": 4901800.0, "T": 1768.545547766788, "a": 810.5, "h": 1690160.0, "u": 1180490.0, "s": 7739.099999999999, "gamma": 1.2889067110840844, "R": 288.18793109424286, "Cp": 1285.7, "molecular_mass": 0.028850999999999998, "v": 1546.113732323709, "M": 1.907604851725736, "Ht": 2885399.99993, "Ue": 2402.2489462709727, "total_p": 32696235.175243203, "total_T": 2643.82, "pitot_p": 24144231.062118564, "unit_Re": 233072420.48893204, "k": 0.10867, "mu": 6.38e-05, "composition_massf": {"e-": 0.0, "N-": 0.0, "O2+": 0.0, "N": 0.0, "N2": 0.76524, "O+": 0.0, "N2O": 2.2958e-06, "N2+": 0.0, "O": 3.2464e-06, "O2": 0.23078, "NO": 0.0038598, "O-": 0.0, "N+": 0.0, "NO2": 0.0001115, "NO+": 0.0}, "composition_moles": {"e-": 0.0, "N-": 0.0, "O2+": 0.0, "N": 0.0, "N2": 0.7881206579708283, "O+": 0.0, "N2O": 1.504928698015123e-06, "N2+": 0.0, "O": 5.8540874282785605e-06, "O2": 0.2080776085353201, "NO": 0.0037112150462739243, "O-": 0.0, "N+": 0.0, "NO2": 6.992395474454142e-05, "NO+": 0.0}}, "s3": {"state_name": "s3", "gmodel_type": "CEAGas", "rho": 8.103, "p": 4901800.000000001, "T": 2092.69, "a": 936.8, "h": 1589270.0, "u": 984330.0, "s": 6232.3, "gamma": 1.4506641020389675, "R": 289.06963807669575, "Cp": 930.5, "molecular_mass": 0.028763, "v": 1546.0987492606298, "M": 1.6504043010894853, "Ht": 2783480.0, "Ue": 2359.4406116704868, "total_p": 22989137.078712903, "total_T": 3346.77, "pitot_p": 20164191.680228285, "composition_massf": {"Ar": 0.83332, "O2": 0.14796, "H2": 0.018713}, "composition_moles": {"Ar": 0.5999995784519876, "O2": 0.1329979086715752, "H2": 0.26700102139016213}}, "s5": {"state_name": "s5", "gmodel_type": "CEAGas", "rho": 38.816, "p": 35460031.324966975, "T": 3163.8129711035035, "a": 1060.7, "h": 3672440.0, "u": 2758900.0, "s": 7987.099999999999, "gamma": 1.2222249870201867, "R": 288.74839381837126, "Cp": 1588.1000000000001, "molecular_mass": 0.028795, "v": 0.0, "M": 0.0, "Ht": 3672449.99993, "Ue": 2710.1475974308114, "total_p": 35460031.324966975, "total_T": 3163.82, "pitot_p": 35460031.324966975, "composition_massf": {"e-": 0.0, "N-": 0.0, "O2+": 0.0, "N": 0.0, "N2": 0.74122, "O+": 0.0, "N2O": 8.5369e-05, "N2+": 0.0, "O": 0.0024179, "O2": 0.20072, "NO": 0.054786, "O-": 0.0, "N+": 0.0, "NO2": 0.00076745, "NO+": 0.0}, "composition_moles": {"e-": 0.0, "N-": 0.0, "O2+": 0.0, "N": 0.0, "N2": 0.7619007296508099, "O+": 0.0, "N2O": 5.585194204867675e-05, "N2+": 0.0, "O": 0.004351627592284711, "O2": 0.18062341087790793, "NO": 0.05257473880311004, "O-": 0.0, "N+": 0.0, "NO2": 0.00048034958320200853, "NO+": 0.0}}, "s5d": {"state_name": "s5d", "gmodel_type": "CEAGas", "rho": 25.725, "p": 33162411.92590944, "T": 4459.453964579175, "a": 1346.6, "h": 3882390.0, "u": 2593290.0, "s": 6409.4, "gamma": 1.4066647312230103, "R": 289.06963807669575, "Cp": 999.9, "molecular_mass": 0.028763, "v": 0.0, "M": 0.0, "Ht": 3881400.0, "Ue": 2786.1801808210466, "total_p": 33164467.228718046, "total_T": 4459.46, "pitot_p": 33164467.228718046, "composition_massf": {"Ar": 0.83332, "O2": 0.14796, "H2": 0.018713}, "composition_moles": {"Ar": 0.5999995784519876, "O2": 0.1329979086715752, "H2": 0.26700102139016213}}, "s6": {"state_name": "s6", "gmodel_type": "CEAGas", "rho": 24.075, "p": 19646092.983104184, "T": 2829.36, "a": 1006.5, "h": 3162140.0, "u": 2346110.0, "s": 7987.099999999999, "gamma": 1.2364115404837808, "R": 288.4178576384071, "Cp": 1508.3999999999999, "molecular_mass": 0.028828, "v": 1010.2474944289642, "M": 1.003723293024306, "Ht": 3672449.99993, "Ue": 2710.1475974308114, "total_p": 35459929.252784014, "total_T": 3163.82, "pitot_p": 35460064.417678215, "composition_massf": {"e-": 0.0, "N-": 0.0, "O2+": 0.0, "N": 0.0, "N2": 0.74936, "O+": 0.0, "N2O": 4.3033e-05, "N2+": 0.0, "O": 0.0010515, "O2": 0.21146, "NO": 0.03758, "O-": 0.0, "N+": 0.0, "NO2": 0.00051018, "NO+": 0.0}, "composition_moles": {"e-": 0.0, "N-": 0.0, "O2+": 0.0, "N": 0.0, "N2": 0.7711505950723582, "O+": 0.0, "N2O": 2.8186239548494984e-05, "N2+": 0.0, "O": 0.0018946111729189843, "O2": 0.19050617148143056, "NO": 0.03610453341153966, "O-": 0.0, "N+": 0.0, "NO2": 0.00031968936409777093, "NO+": 0.0}}, "s8": {"state_name": "s8", "gmodel_type": "CEAGas", "rho": 0.051932, "p": 5899.167327183442, "T": 394.16, "a": 398.0, "h": 97428.0, "u": -16167.000000000002, "s": 7987.099999999999, "gamma": 1.394142643011342, "R": 288.19792027729636, "Cp": 1019.4000000000001, "molecular_mass": 0.02885, "v": 2673.9528791659736, "M": 6.718474570768778, "Ht": 3672449.99993, "Ue": 2710.1475974308114, "total_p": 35459951.87874637, "total_T": 3163.82, "pitot_p": 352283.7253069132, "unit_Re": 6075591.569865563, "k": 0.03259, "mu": 2.2856000000000003e-05, "composition_massf": {"e-": 0.0, "N-": 0.0, "O2+": 0.0, "N": 0.0, "N2": 0.76708, "O+": 0.0, "N2O": 0.0, "N2+": 0.0, "O": 0.0, "O2": 0.23292, "NO": 0.0, "O-": 0.0, "N+": 0.0, "NO2": 0.0, "NO+": 0.0}, "composition_moles": {"e-": 0.0, "N-": 0.0, "O2+": 0.0, "N": 0.0, "N2": 0.7899882913177266, "O+": 0.0, "N2O": 0.0, "N2+": 0.0, "O": 0.0, "O2": 0.20999981249296848, "NO": 0.0, "O-": 0.0, "N+": 0.0, "NO2": 0.0, "NO+": 0.0}}, "s10f": {"state_name": "s10f", "gmodel_type": "IdealGas", "rho": 0.2835734924306904, "p": 309209.55008175544, "T": 3783.523401263292, "a": 1232.9550368065325, "h": 3856923.7552477997, "u": 2766520.1796832364, "s": 2268.567658619039, "gamma": 1.394142643011342, "R": 288.19792027729636, "Cp": 1019.4, "molecular_mass": 0.02885, "v": 489.683466643913, "M": 0.3971624690485376, "Ht": null, "Ue": null, "total_p": 344570.75821061234, "total_T": 3901.1366529330967, "pitot_p": 344570.75821061234}, "s10e": {"state_name": "s10e", "gmodel_type": "CEAGas", "rho": 0.37290139281465035, "p": 325500.0, "T": 2990.5560583261736, "a": 1020.7, "h": 3603110.0, "u": 2730220.0, "s": 9324.9, "gamma": 1.2883855058024918, "R": 291.8805729130099, "Cp": 1304.0, "molecular_mass": 0.028486, "v": 372.387241229397, "M": 0.36483515355089347, "Ht": 3672429.99993, "Ue": 2710.14021774889, "total_p": 352283.7253069132, "total_T": 3025.92, "pitot_p": 352283.7253069132, "unit_Re": 1505869.1202173976, "k": 0.32570000000000005, "mu": 9.221500000000001e-05, "composition_massf": {"e-": 0.0, "N-": 0.0, "O2+": 0.0, "N": 3.1073e-06, "N2": 0.74635, "O+": 0.0, "N2O": 6.5408e-06, "N2+": 0.0, "O": 0.014208, "O2": 0.19501, "NO": 0.044363, "O-": 0.0, "N+": 0.0, "NO2": 6.5527e-05, "NO+": 0.0}, "composition_moles": {"e-": 0.0, "N-": 0.0, "O2+": 0.0, "N": 6.319443394946704e-06, "N2": 0.7589412959512233, "O+": 0.0, "N2O": 4.233341864184965e-06, "N2+": 0.0, "O": 0.025296516619373228,