{"states_dict": {"s4": {"state_name": "s4", "gmodel_type": "CEAGas", "rho": 33.429, "p": 37310000.0, "T": 3861.0, "a": 1256.6, "h": 3288120.0, "u": 2172010.0, "s": 6232.3, "gamma": 1.4148350213656617, "R": 289.06963807669575, "Cp": 985.9, "molecular_mass": 0.028763, "v": 0.0, "M": 0.0, "Ht": 3287120.0, "Ue": 2564.028080969473, "total_p": 37307663.26738406, "total_T": 3861.0, "pitot_p": 37307663.26738406, "composition_massf": {"Ar": 0.83332, "O2": 0.14796, "H2": 0.018713}, "composition_moles": {"Ar": 0.5999995784519876, "O2": 0.1329979086715752, "H2": 0.26700102139016213}}, "s1": {"state_name": "s1", "gmodel_type": "CEAGas", "rho": 1.987, "p": 170735.26474706922, "T": 298.15, "a": 346.7, "h": 7.000000000000001e-05, "u": -85925.0, "s": 6734.0, "gamma": 1.398557725608831, "R": 288.19792027729636, "Cp": 1011.3000000000001, "molecular_mass": 0.02885, "v": 0.0, "M": 0.0, "Ht": -10.11307, "Ue": null, "total_p": 170723.6278676674, "total_T": 298.14, "pitot_p": 170723.6278676674, "composition_massf": {"e-": 0.0, "N-": 0.0, "O2+": 0.0, "N": 0.0, "N2": 0.76708, "O+": 0.0, "N2O": 0.0, "N2+": 0.0, "O": 0.0, "O2": 0.23292, "NO": 0.0, "O-": 0.0, "N+": 0.0, "NO2": 0.0, "NO+": 0.0}, "composition_moles": {"e-": 0.0, "N-": 0.0, "O2+": 0.0, "N": 0.0, "N2": 0.7899882913177266, "O+": 0.0, "N2O": 0.0, "N2+": 0.0, "O": 0.0, "O2": 0.20999981249296848, "NO": 0.0, "O-": 0.0, "N+": 0.0, "NO2": 0.0, "NO+": 0.0}}, "s2": {"state_name": "s2", "gmodel_type": "CEAGas", "rho": 11.334105873584802, "p": 5437800.0, "T": 1664.8031648784886, "a": 788.0, "h": 1557730.0, "u": 1077950.0, "s": 7632.0, "gamma": 1.294275890438328, "R": 288.18793109424286, "Cp": 1267.5, "molecular_mass": 0.028850999999999998, "v": 1478.5238510766058, "M": 1.8762993033967077, "Ht": 2650749.99993, "Ue": 2302.4986427487856, "total_p": 34501892.98670496, "total_T": 2480.17, "pitot_p": 26066420.057577264, "unit_Re": 273604784.8864057, "k": 0.10262, "mu": 6.124800000000001e-05, "composition_massf": {"e-": 0.0, "N-": 0.0, "O2+": 0.0, "N": 0.0, "N2": 0.76582, "O+": 0.0, "N2O": 1.675e-06, "N2+": 0.0, "O": 1.0489e-06, "O2": 0.23145, "NO": 0.0026239, "O-": 0.0, "N+": 0.0, "NO2": 0.00010154, "NO+": 0.0}, "composition_moles": {"e-": 0.0, "N-": 0.0, "O2+": 0.0, "N": 0.0, "N2": 0.7887179999571633, "O+": 0.0, "N2O": 1.0979856996146575e-06, "N2+": 0.0, "O": 1.8914342975361577e-06, "O2": 0.20868169900121256, "NO": 0.0025228916420327865, "O-": 0.0, "N+": 0.0, "NO2": 6.367783286780927e-05, "NO+": 0.0}}, "s3": {"state_name": "s3", "gmodel_type": "CEAGas", "rho": 8.7043, "p": 5437800.000000003, "T": 2161.15, "a": 951.3, "h": 1653070.0, "u": 1028339.9999999999, "s": 6232.3, "gamma": 1.4487053935391971, "R": 289.06963807669575, "Cp": 933.3000000000001, "molecular_mass": 0.028763, "v": 1478.516947020627, "M": 1.5542068191113498, "Ht": 2745070.0, "Ue": 2343.104777853521, "total_p": 22089174.793905, "total_T": 3307.26, "pitot_p": 20153974.08138729, "composition_massf": {"Ar": 0.83332, "O2": 0.14796, "H2": 0.018713}, "composition_moles": {"Ar": 0.5999995784519876, "O2": 0.1329979086715752, "H2": 0.26700102139016213}}, "s5": {"state_name": "s5", "gmodel_type": "CEAGas", "rho": 44.843, "p": 38587997.362555765, "T": 2983.1508913754237, "a": 1032.1, "h": 3389770.0, "u": 2529260.0, "s": 7870.7, "gamma": 1.2323196662008675, "R": 288.45788232028866, "Cp": 1530.1, "molecular_mass": 0.028824000000000002, "v": 0.0, "M": 0.0, "Ht": 3389769.99993, "Ue": 2603.7549807652795, "total_p": 38591131.63767824, "total_T": 2983.15, "pitot_p": 38591131.63767824, "composition_massf": {"e-": 0.0, "N-": 0.0, "O2+": 0.0, "N": 0.0, "N2": 0.74567, "O+": 0.0, "N2O": 7.3032e-05, "N2+": 0.0, "O": 0.0013025, "O2": 0.20692, "NO": 0.045266, "O-": 0.0, "N+": 0.0, "NO2": 0.00075832, "NO+": 0.0}, "composition_moles": {"e-": 0.0, "N-": 0.0, "O2+": 0.0, "N": 0.0, "N2": 0.7672468204502133, "O+": 0.0, "N2O": 4.782868547331686e-05, "N2+": 0.0, "O": 0.0023465417453154497, "O2": 0.1863901796317362, "NO": 0.04348273131130004, "O-": 0.0, "N+": 0.0, "NO2": 0.00047511309908597894, "NO+": 0.0}}, "s5d": {"state_name": "s5d", "gmodel_type": "CEAGas", "rho": 26.594, "p": 33722290.03098453, "T": 4386.5849526340735, "a": 1336.0, "h": 3809590.0, "u": 2541560.0, "s": 6388.099999999999, "gamma": 1.4076396296058749, "R": 289.06963807669575, "Cp": 998.1999999999999, "molecular_mass": 0.028763, "v": 0.0, "M": 0.0, "Ht": 3808590.0, "Ue": 2759.923911994677, "total_p": 33724415.27928869, "total_T": 4386.59, "pitot_p": 33724415.27928869, "composition_massf": {"Ar": 0.83332, "O2": 0.14796, "H2": 0.018713}, "composition_moles": {"Ar": 0.5999995784519876, "O2": 0.1329979086715752, "H2": 0.26700102139016213}}, "s6": {"state_name": "s6", "gmodel_type": "CEAGas", "rho": 27.808, "p": 21304819.29411535, "T": 2657.67, "a": 978.0, "h": 2906960.0, "u": 2140810.0, "s": 7870.7, "gamma": 1.245945237714949, "R": 288.27785867831636, "Cp": 1460.3999999999999, "molecular_mass": 0.028842, "v": 982.6596562391273, "M": 1.0047644746821343, "Ht": 3389769.99993, "Ue": 2603.7549807652795, "total_p": 38591318.87429286, "total_T": 2983.15, "pitot_p": 38592962.224519424, "composition_massf": {"e-": 0.0, "N-": 0.0, "O2+": 0.0, "N": 0.0, "N2": 0.75306, "O+": 0.0, "N2O": 3.5232e-05, "N2+": 0.0, "O": 0.00050485, "O2": 0.21624, "NO": 0.029663, "O-": 0.0, "N+": 0.0, "NO2": 0.00049147, "NO+": 0.0}, "composition_moles": {"e-": 0.0, "N-": 0.0, "O2+": 0.0, "N": 0.0, "N2": 0.7753345370429865, "O+": 0.0, "N2O": 2.3087859531772574e-05, "N2+": 0.0, "O": 0.000910089359600985, "O2": 0.19490712401715063, "NO": 0.028512210717154176, "O-": 0.0, "N+": 0.0, "NO2": 0.0003081148501809566, "NO+": 0.0}}, "s8": {"state_name": "s8", "gmodel_type": "CEAGas", "rho": 0.060453, "p": 6216.199713890308, "T": 356.8, "a": 378.9, "h": 59422.0, "u": -43406.0, "s": 7870.7, "gamma": 1.3963106381477783, "R": 288.19792027729636, "Cp": 1015.4000000000001, "molecular_mass": 0.02885, "v": 2580.8324238508785, "M": 6.811381430063021, "Ht": 3389779.99993, "Ue": 2603.7588213695985, "total_p": 38591574.590344556, "total_T": 2983.16, "pitot_p": 381148.471477481, "unit_Re": 7337584.654990225, "k": 0.030230000000000003, "mu": 2.1263000000000003e-05, "composition_massf": {"e-": 0.0, "N-": 0.0, "O2+": 0.0, "N": 0.0, "N2": 0.76708, "O+": 0.0, "N2O": 0.0, "N2+": 0.0, "O": 0.0, "O2": 0.23292, "NO": 0.0, "O-": 0.0, "N+": 0.0, "NO2": 0.0, "NO+": 0.0}, "composition_moles": {"e-": 0.0, "N-": 0.0, "O2+": 0.0, "N": 0.0, "N2": 0.7899882913177266, "O+": 0.0, "N2O": 0.0, "N2+": 0.0, "O": 0.0, "O2": 0.20999981249296848, "NO": 0.0, "O-": 0.0, "N+": 0.0, "NO2": 0.0, "NO+": 0.0}}, "s10f": {"state_name": "s10f", "gmodel_type": "IdealGas", "rho": 0.3296620716631745, "p": 335031.12202848616, "T": 3526.349275628093, "a": 1191.2395601327091, "h": 3580655.054472767, "u": 2564368.5270654, "s": 2163.8131090166844, "gamma": 1.3963106381477781, "R": 288.19792027729636, "Cp": 1015.4000000000002, "molecular_mass": 0.02885, "v": 473.2603206000554, "M": 0.39728391873363594, "Ht": null, "Ue": null, "total_p": 373429.17357274564, "total_T": 3636.638489020761, "pitot_p": 373429.17357274564}, "s10e": {"state_name": "s10e", "gmodel_type": "CEAGas", "rho": 0.4234096462675998, "p": 351380.0, "T": 2857.459626431109, "a": 1000.3, "h": 3321880.0, "u": 2491990.0, "s": 9206.5, "gamma": 1.2878230419887082, "R": 290.432793069722, "Cp": 1299.5, "molecular_mass": 0.028628, "v": 368.48254142148505, "M": 0.3683720298125413, "Ht": 3389759.99993, "Ue": 2603.751140155295, "total_p": 381148.471477481, "total_T": 2894.96, "pitot_p": 381148.471477481, "unit_Re": 1750878.839612802, "k": 0.26923, "mu": 8.9109e-05, "composition_massf": {"e-": 0.0, "N-": 0.0, "O2+": 0.0, "N": 1.2108e-06, "N2": 0.74917, "O+": 0.0, "N2O": 5.8552e-06, "N2+": 0.0, "O": 0.0086229, "O2": 0.20381, "NO": 0.03832, "O-": 0.0, "N+": 0.0, "NO2": 6.6568e-05, "NO+": 0.0}, "composition_moles": {"e-": 0.0, "N-": 0.0, "O2+": 0.0, "N": 2.474728694124954e-06, "N2": 0.7656064155011529, "O+": 0.0, "N2O": 3.808498109640832e-06, "N2+": 0.0, "O": 0.015429102416340613,