{"states_dict": {"s4": {"state_name": "s4", "gmodel_type": "CEAGas", "rho": 33.429, "p": 37310000.0, "T": 3861.0, "a": 1256.6, "h": 3288120.0, "u": 2172010.0, "s": 6232.3, "gamma": 1.4148350213656617, "R": 289.06963807669575, "Cp": 985.9, "molecular_mass": 0.028763, "v": 0.0, "M": 0.0, "Ht": 3287120.0, "Ue": 2564.028080969473, "total_p": 37307663.26738406, "total_T": 3861.0, "pitot_p": 37307663.26738406, "composition_massf": {"Ar": 0.83332, "O2": 0.14796, "H2": 0.018713}, "composition_moles": {"Ar": 0.5999995784519876, "O2": 0.1329979086715752, "H2": 0.26700102139016213}}, "s1": {"state_name": "s1", "gmodel_type": "CEAGas", "rho": 0.42809, "p": 36783.79771828634, "T": 298.15, "a": 346.7, "h": 7.000000000000001e-05, "u": -85925.0, "s": 7176.400000000001, "gamma": 1.398557725608831, "R": 288.19792027729636, "Cp": 1011.3000000000001, "molecular_mass": 0.02885, "v": 0.0, "M": 0.0, "Ht": -10.11307, "Ue": null, "total_p": 36779.69059595783, "total_T": 298.14, "pitot_p": 36779.69059595783, "composition_massf": {"e-": 0.0, "N-": 0.0, "O2+": 0.0, "N": 0.0, "N2": 0.76708, "O+": 0.0, "N2O": 0.0, "N2+": 0.0, "O": 0.0, "O2": 0.23292, "NO": 0.0, "O-": 0.0, "N+": 0.0, "NO2": 0.0, "NO+": 0.0}, "composition_moles": {"e-": 0.0, "N-": 0.0, "O2+": 0.0, "N": 0.0, "N2": 0.7899882913177266, "O+": 0.0, "N2O": 0.0, "N2+": 0.0, "O": 0.0, "O2": 0.20999981249296848, "NO": 0.0, "O-": 0.0, "N+": 0.0, "NO2": 0.0, "NO+": 0.0}}, "s2": {"state_name": "s2", "gmodel_type": "CEAGas", "rho": 2.8632625272022376, "p": 2143300.0, "T": 2594.6843790026887, "a": 965.0, "h": 2828210.0, "u": 2079659.9999999998, "s": 8503.0, "gamma": 1.2373776333261728, "R": 288.4879081225495, "Cp": 1503.8, "molecular_mass": 0.028821000000000003, "v": 2045.731062587126, "M": 2.119928562266452, "Ht": 4920719.99993, "Ue": 3137.1069474692763, "total_p": 20394979.592541277, "total_T": 3852.34, "pitot_p": 12487082.531327983, "unit_Re": 70528531.77251728, "k": 0.17412000000000002, "mu": 8.3051e-05, "composition_massf": {"e-": 0.0, "N-": 0.0, "O2+": 0.0, "N": 0.0, "N2": 0.75446, "O+": 0.0, "N2O": 1.013e-05, "N2+": 0.0, "O": 0.0012044, "O2": 0.21725, "NO": 0.026922, "O-": 0.0, "N+": 0.0, "NO2": 0.00015042, "NO+": 0.0}, "composition_moles": {"e-": 0.0, "N-": 0.0, "O2+": 0.0, "N": 0.0, "N2": 0.7762103728929727, "O+": 0.0, "N2O": 6.633450496219282e-06, "N2+": 0.0, "O": 0.0021695821343300377, "O2": 0.19567490812155458, "NO": 0.025858707462815895, "O-": 0.0, "N+": 0.0, "NO2": 9.423340296268925e-05, "NO+": 0.0}}, "s3": {"state_name": "s3", "gmodel_type": "CEAGas", "rho": 4.5957, "p": 2143299.9999999995, "T": 1613.34, "a": 827.1, "h": 1148400.0, "u": 682030.0, "s": 6232.3, "gamma": 1.466820840597766, "R": 289.06963807669575, "Cp": 908.3, "molecular_mass": 0.028763, "v": 2045.720466804443, "M": 2.4733653328550878, "Ht": 3239890.0, "Ue": 2545.541199823723, "total_p": 35752532.171620116, "total_T": 3813.07, "pitot_p": 18593280.58236467, "composition_massf": {"Ar": 0.83332, "O2": 0.14796, "H2": 0.018713}, "composition_moles": {"Ar": 0.5999995784519876, "O2": 0.1329979086715752, "H2": 0.26700102139016213}}, "s5": {"state_name": "s5", "gmodel_type": "CEAGas", "rho": 13.34, "p": 17398932.266890183, "T": 4361.778798270097, "a": 1254.7, "h": 6064040.0, "u": 4759780.0, "s": 8828.099999999999, "gamma": 1.1446293789864246, "R": 299.0185571459397, "Cp": 2366.5, "molecular_mass": 0.027806, "v": 0.0, "M": 0.0, "Ht": 6064029.99993, "Ue": 3482.536431950138, "total_p": 17400930.059394035, "total_T": 4361.79, "pitot_p": 17400930.059394035, "composition_massf": {"e-": 0.0, "N-": 0.0, "O2+": 0.0, "N": 0.00019155, "N2": 0.71464, "O+": 0.0, "N2O": 0.0001294, "N2+": 0.0, "O": 0.04167, "O2": 0.13143, "NO": 0.11143, "O-": 0.0, "N+": 0.0, "NO2": 0.00051676, "NO+": 1.7689e-06}, "composition_moles": {"e-": 0.0, "N-": 0.0, "O2+": 0.0, "N": 0.0003802636809526869, "N2": 0.7093490915062078, "O+": 0.0, "N2O": 8.1751136033154e-05, "N2+": 0.0, "O": 0.07241996699876245, "O2": 0.11420873845269197, "NO": 0.10325975651617504, "O-": 0.0, "N+": 0.0, "NO2": 0.00031233284194281117, "NO+": 1.6392311124134183e-06}}, "s5d": {"state_name": "s5d", "gmodel_type": "CEAGas", "rho": 18.464, "p": 27749403.63065472, "T": 5199.143093764207, "a": 1449.7, "h": 4627690.0, "u": 3124770.0, "s": 6615.5, "gamma": 1.3983154808496836, "R": 289.06963807669575, "Cp": 1014.8, "molecular_mass": 0.028763, "v": 0.0, "M": 0.0, "Ht": 4626690.0, "Ue": 3041.9368829743985, "total_p": 27752538.27645421, "total_T": 5199.15, "pitot_p": 27752538.27645421, "composition_massf": {"Ar": 0.83332, "O2": 0.14796, "H2": 0.018713}, "composition_moles": {"Ar": 0.5999995784519876, "O2": 0.1329979086715752, "H2": 0.26700102139016213}}, "s6": {"state_name": "s6", "gmodel_type": "CEAGas", "rho": 8.3564, "p": 9905801.289524602, "T": 4001.59, "a": 1193.7, "h": 5363360.0, "u": 4177939.9999999995, "s": 8828.099999999999, "gamma": 1.1471432533191719, "R": 296.23793066590656, "Cp": 2309.5, "molecular_mass": 0.028067, "v": 1193.7005220094666, "M": 1.0000004373037334, "Ht": 6075829.99993, "Ue": 3485.923120187822, "total_p": 17558741.567980565, "total_T": 4367.87, "pitot_p": 17582940.05859824, "composition_massf": {"e-": 0.0, "N-": 0.0, "O2+": 0.0, "N": 7.6068e-05, "N2": 0.72202, "O+": 0.0, "N2O": 8.2252e-05, "N2+": 0.0, "O": 0.031038, "O2": 0.15039, "NO": 0.095985, "O-": 0.0, "N+": 0.0, "NO2": 0.00040608, "NO+": 0.0}, "composition_moles": {"e-": 0.0, "N-": 0.0, "O2+": 0.0, "N": 0.00015242709246289277, "N2": 0.7234014914291018, "O+": 0.0, "N2O": 5.245217036862004e-05, "N2+": 0.0, "O": 0.05444851344425416, "O2": 0.13191107572783978, "NO": 0.08978211080413649, "O-": 0.0, "N+": 0.0, "NO2": 0.000247740973579246, "NO+": 0.0}}, "s8": {"state_name": "s8", "gmodel_type": "CEAGas", "rho": 0.017057, "p": 3828.29355219518, "T": 778.78, "a": 551.3, "h": 503860.0, "u": 279420.0, "s": 8828.099999999999, "gamma": 1.3543988972280665, "R": 288.19792027729636, "Cp": 1101.3999999999999, "molecular_mass": 0.02885, "v": 3338.251179322142, "M": 6.0552352246002945, "Ht": 6075829.99993, "Ue": 3485.923120187822, "total_p": 17558745.00692073, "total_T": 4367.87, "pitot_p": 183246.26581936833, "unit_Re": 1548559.9773102468, "k": 0.05460000000000001, "mu": 3.677e-05, "composition_massf": {"e-": 0.0, "N-": 0.0, "O2+": 0.0, "N": 0.0, "N2": 0.76708, "O+": 0.0, "N2O": 0.0, "N2+": 0.0, "O": 0.0, "O2": 0.23292, "NO": 1.4347e-06, "O-": 0.0, "N+": 0.0, "NO2": 0.0, "NO+": 0.0}, "composition_moles": {"e-": 0.0, "N-": 0.0, "O2+": 0.0, "N": 0.0, "N2": 0.7899882913177266, "O+": 0.0, "N2O": 0.0, "N2+": 0.0, "O": 0.0, "O2": 0.20999981249296848, "NO": 1.3794226840542423e-06, "O-": 0.0, "N+": 0.0, "NO2": 0.0, "NO+": 0.0}}, "s10f": {"state_name": "s10f", "gmodel_type": "IdealGas", "rho": 0.09819830883051446, "p": 160892.1523804907, "T": 5685.124903653377, "a": 1489.6653714507408, "h": 6261596.56888383, "u": 4623155.395134262, "s": 3113.677006172735, "gamma": 1.3543988972280663, "R": 288.19792027729636, "Cp": 1101.3999999999999, "molecular_mass": 0.02885, "v": 579.8485858204808, "M": 0.38924754306115306, "Ht": null, "Ue": null, "total_p": 178036.04522018088, "total_T": 5837.759905686248, "pitot_p": 178036.04522018088}, "s10e": {"state_name": "s10e", "gmodel_type": "CEAGas", "rho": 0.1479462601976423, "p": 171990.0, "T": 3692.6240874830523, "a": 1168.2, "h": 6001760.0, "u": 4839210.0, "s": 10229.0, "gamma": 1.311591333570329, "R": 314.82430897387354, "Cp": 1325.2, "molecular_mass": 0.02641, "v": 384.87319848187144, "M": 0.32945831063334313, "Ht": 6075809.99993, "Ue": 3485.9173828219164, "total_p": 183246.26581936833, "total_T": 3721.03, "pitot_p": 183246.26581936833, "unit_Re": 513764.7781800755, "k": 0.67637, "mu": 0.00011083000000000001, "composition_massf": {"e-": 0.0, "N-": 0.0, "O2+": 0.0, "N": 0.00017778, "N2": 0.73781, "O+": 0.0, "N2O": 6.7181e-06, "N2+": 0.0, "O": 0.10231, "O2": 0.097371, "NO": 0.062285, "O-": 0.0, "N+": 0.0, "NO2": 3.0674e-05, "NO+": 0.0}, "composition_moles": {"e-": 0.0, "N-": 0.0, "O2+": 0.0, "N": 0.00033520885005033305, "N2": 0.6955800474058843,