{"states_dict": {"s4": {"state_name": "s4", "gmodel_type": "CEAGas", "rho": 33.429, "p": 37310000.0, "T": 3861.0, "a": 1256.6, "h": 3288120.0, "u": 2172010.0, "s": 6232.3, "gamma": 1.4148350213656617, "R": 289.06963807669575, "Cp": 985.9, "molecular_mass": 0.028763, "v": 0.0, "M": 0.0, "Ht": 3287120.0, "Ue": 2564.028080969473, "total_p": 37307663.26738406, "total_T": 3861.0, "pitot_p": 37307663.26738406, "composition_massf": {"Ar": 0.83332, "O2": 0.14796, "H2": 0.018713}, "composition_moles": {"Ar": 0.5999995784519876, "O2": 0.1329979086715752, "H2": 0.26700102139016213}}, "s1": {"state_name": "s1", "gmodel_type": "CEAGas", "rho": 0.65066, "p": 55908.10182512223, "T": 298.15, "a": 346.7, "h": 7.000000000000001e-05, "u": -85925.0, "s": 7055.7, "gamma": 1.398557725608831, "R": 288.19792027729636, "Cp": 1011.3000000000001, "molecular_mass": 0.02885, "v": 0.0, "M": 0.0, "Ht": -10.11307, "Ue": null, "total_p": 55912.31880592852, "total_T": 298.14, "pitot_p": 55912.31880592852, "composition_massf": {"e-": 0.0, "N-": 0.0, "O2+": 0.0, "N": 0.0, "N2": 0.76708, "O+": 0.0, "N2O": 0.0, "N2+": 0.0, "O": 0.0, "O2": 0.23292, "NO": 0.0, "O-": 0.0, "N+": 0.0, "NO2": 0.0, "NO+": 0.0}, "composition_moles": {"e-": 0.0, "N-": 0.0, "O2+": 0.0, "N": 0.0, "N2": 0.7899882913177266, "O+": 0.0, "N2O": 0.0, "N2+": 0.0, "O": 0.0, "O2": 0.20999981249296848, "NO": 0.0, "O-": 0.0, "N+": 0.0, "NO2": 0.0, "NO+": 0.0}}, "s2": {"state_name": "s2", "gmodel_type": "CEAGas", "rho": 4.179782038810559, "p": 2808300.0, "T": 2330.8813952015685, "a": 920.1, "h": 2444370.0, "u": 1772490.0, "s": 8269.199999999999, "gamma": 1.2581357886996642, "R": 288.24787658172994, "Cp": 1404.9, "molecular_mass": 0.028845, "v": 1889.900662365827, "M": 2.054016587725059, "Ht": 4230239.99993, "Ue": 2908.6904269550582, "total_p": 23869940.261905596, "total_T": 3490.58, "pitot_p": 15579259.402932968, "unit_Re": 102500069.33827528, "k": 0.14665999999999998, "mu": 7.7067e-05, "composition_massf": {"e-": 0.0, "N-": 0.0, "O2+": 0.0, "N": 0.0, "N2": 0.75911, "O+": 0.0, "N2O": 7.3139e-06, "N2+": 0.0, "O": 0.0002784, "O2": 0.22349, "NO": 0.016966, "O-": 0.0, "N+": 0.0, "NO2": 0.00014651, "NO+": 0.0}, "composition_moles": {"e-": 0.0, "N-": 0.0, "O2+": 0.0, "N": 0.0, "N2": 0.7816447824969478, "O+": 0.0, "N2O": 4.7933656913443366e-06, "N2+": 0.0, "O": 0.0005019218220683276, "O2": 0.20146283766891257, "NO": 0.016309492736476913, "O-": 0.0, "N+": 0.0, "NO2": 9.18603416982752e-05, "NO+": 0.0}}, "s3": {"state_name": "s3", "gmodel_type": "CEAGas", "rho": 5.5273, "p": 2808300.000000001, "T": 1757.64, "a": 861.7, "h": 1279980.0, "u": 771900.0, "s": 6232.3, "gamma": 1.4615290199073776, "R": 289.06963807669575, "Cp": 915.4, "molecular_mass": 0.028763, "v": 1889.9075050891558, "M": 2.19323140894645, "Ht": 3064850.0, "Ue": 2475.823095457347, "total_p": 30386439.51259001, "total_T": 3634.92, "pitot_p": 19387425.144566838, "composition_massf": {"Ar": 0.83332, "O2": 0.14796, "H2": 0.018713}, "composition_moles": {"Ar": 0.5999995784519876, "O2": 0.1329979086715752, "H2": 0.26700102139016213}}, "s5": {"state_name": "s5", "gmodel_type": "CEAGas", "rho": 18.639, "p": 22050236.811138455, "T": 4025.225908521482, "a": 1195.8, "h": 5262340.0, "u": 4079320.0, "s": 8566.9, "gamma": 1.1640176631098413, "R": 293.90279250618596, "Cp": 2085.7999999999997, "molecular_mass": 0.02829, "v": 0.0, "M": 0.0, "Ht": 5262349.99993, "Ue": 3244.17940315575, "total_p": 22047259.808997314, "total_T": 4025.22, "pitot_p": 22047259.808997314, "composition_massf": {"e-": 0.0, "N-": 0.0, "O2+": 0.0, "N": 5.5257e-05, "N2": 0.72027, "O+": 0.0, "N2O": 0.00012791, "N2+": 0.0, "O": 0.022168, "O2": 0.15717, "NO": 0.099568, "O-": 0.0, "N+": 0.0, "NO2": 0.00063956, "NO+": 0.0}, "composition_moles": {"e-": 0.0, "N-": 0.0, "O2+": 0.0, "N": 0.000111605198226563, "N2": 0.727381835121763, "O+": 0.0, "N2O": 8.221639841137122e-05, "N2+": 0.0, "O": 0.03919726489743365, "O2": 0.1389533138742703, "NO": 0.09387353638093589, "O-": 0.0, "N+": 0.0, "NO2": 0.00039328237710708504, "NO+": 0.0}}, "s5d": {"state_name": "s5d", "gmodel_type": "CEAGas", "rho": 20.824, "p": 29682746.57833732, "T": 4931.079179742019, "a": 1413.2, "h": 4356320.0, "u": 2930890.0, "s": 6542.5, "gamma": 1.4011344141887003, "R": 289.06963807669575, "Cp": 1009.7, "molecular_mass": 0.028763, "v": 0.0, "M": 0.0, "Ht": 4355320.0, "Ue": 2951.3793385466397, "total_p": 29680251.32185423, "total_T": 4931.08, "pitot_p": 29680251.32185423, "composition_massf": {"Ar": 0.83332, "O2": 0.14796, "H2": 0.018713}, "composition_moles": {"Ar": 0.5999995784519876, "O2": 0.1329979086715752, "H2": 0.26700102139016213}}, "s6": {"state_name": "s6", "gmodel_type": "CEAGas", "rho": 11.628, "p": 12467765.005684577, "T": 3672.08, "a": 1138.5, "h": 4620070.0, "u": 3547870.0, "s": 8566.9, "gamma": 1.1726059067424435, "R": 291.9830734653744, "Cp": 1983.6000000000001, "molecular_mass": 0.028475999999999998, "v": 1138.5004894119272, "M": 1.0000004298743321, "Ht": 5268159.99993, "Ue": 3245.9698088337173, "total_p": 22156045.441940285, "total_T": 4028.39, "pitot_p": 22154990.26914483, "composition_massf": {"e-": 0.0, "N-": 0.0, "O2+": 0.0, "N": 1.8298e-05, "N2": 0.72883, "O+": 0.0, "N2O": 7.7097e-05, "N2+": 0.0, "O": 0.014776, "O2": 0.17433, "NO": 0.081484, "O-": 0.0, "N+": 0.0, "NO2": 0.00047905, "NO+": 0.0}, "composition_moles": {"e-": 0.0, "N-": 0.0, "O2+": 0.0, "N": 3.7200328985414116e-05, "N2": 0.7408655529139625, "O+": 0.0, "N2O": 4.988126572269885e-05, "N2+": 0.0, "O": 0.026298572196457367, "O2": 0.15513772641474058, "NO": 0.07732888925918396, "O-": 0.0, "N+": 0.0, "NO2": 0.0002965173251024334, "NO+": 0.0}}, "s8": {"state_name": "s8", "gmodel_type": "CEAGas", "rho": 0.024093, "p": 4412.609755890962, "T": 635.51, "a": 501.0, "h": 348560.0, "u": 165410.0, "s": 8566.9, "gamma": 1.3702905694148686, "R": 288.19792027729636, "Cp": 1066.5, "molecular_mass": 0.02885, "v": 3136.7504466232563, "M": 6.2609789353757614, "Ht": 5268159.99993, "Ue": 3245.9698088337173, "total_p": 22156025.318678137, "total_T": 4028.39, "pitot_p": 227505.83382009095, "unit_Re": 2362564.9778196234, "k": 0.046720000000000005, "mu": 3.1988e-05, "composition_massf": {"e-": 0.0, "N-": 0.0, "O2+": 0.0, "N": 0.0, "N2": 0.76708, "O+": 0.0, "N2O": 0.0, "N2+": 0.0, "O": 0.0, "O2": 0.23292, "NO": 0.0, "O-": 0.0, "N+": 0.0, "NO2": 0.0, "NO+": 0.0}, "composition_moles": {"e-": 0.0, "N-": 0.0, "O2+": 0.0, "N": 0.0, "N2": 0.7899882913177266, "O+": 0.0, "N2O": 0.0, "N2+": 0.0, "O": 0.0, "O2": 0.20999981249296848, "NO": 0.0, "O-": 0.0, "N+": 0.0, "NO2": 0.0, "NO+": 0.0}}, "s10f": {"state_name": "s10f", "gmodel_type": "IdealGas", "rho": 0.1355460642788185, "p": 199329.3704422479, "T": 5102.623686226232, "a": 1419.5429135451643, "h": 5441948.161360276, "u": 3971382.627032204, "s": 2833.765625011812, "gamma": 1.3702905694148688, "R": 288.19792027729636, "Cp": 1066.5, "molecular_mass": 0.02885, "v": 557.5391212019526, "M": 0.39275961007022697, "Ht": null, "Ue": null, "total_p": 221222.28668023538, "total_T": 5248.357334454384, "pitot_p": 221222.28668023538}, "s10e": {"state_name": "s10e", "gmodel_type": "CEAGas", "rho": 0.19832367922981906, "p": 212679.99999999997, "T": 3506.6539989301723, "a": 1120.0, "h": 5195560.0, "u": 4123200.0, "s": 9939.199999999999, "gamma": 1.301553542721073, "R": 305.8041855162014, "Cp": 1319.9, "molecular_mass": 0.027189, "v": 381.06255795566733, "M": 0.3402344267461315, "Ht": 5268159.99993, "Ue": 3245.9698088337173, "total_p": 227505.83382009095, "total_T": 3535.19, "pitot_p": 227505.83382009095, "unit_Re": 716746.2870873872, "k": 0.6267100000000001, "mu": 0.00010544000000000001, "composition_massf": {"e-": 0.0, "N-": 0.0, "O2+": 0.0, "N": 6.8297e-05, "N2": 0.73802, "O+": 0.0, "N2O": 7.4445e-06, "N2+": 0.0, "O": 0.067728, "O2": 0.13205, "NO": 0.062079, "O-": 0.0, "N+": 0.0, "NO2": 4.3825e-05, "NO+": 0.0}, "composition_moles": {"e-": 0.0, "N-": 0.0, "O2+": 0.0, "N": 0.00013257420612992354, "N2": 0.7163009766754481, "O+": 0.0, "N2O": 4.598855571561e-06, "N2+": 0.0,