driver_condition,area_ratio,test_gas_gas_model,test_gas_name,p1,vs1,Ht,h,Ue,pitot_p,total_p,p2,T2,rho2,v2,M2,a2,gamma2,R2,Ht2,h2,p3,T3,rho3,v3,M3,a3,p5,T5,rho5,v5,M5,a5,p5d,T5d,rho5d,v5d,M5d,a5d,p8,T8,rho8,v8,M8,a8,gamma8,R8,unit_Re8,p10f,T10f,rho10f,v10f,M10f,a10f,p10e,T10e,rho10e,v10e,M10e,a10e,unit_Re10e,s2 Xe-,s2 XN-,s2 XO2+,s2 XN,s2 XN2,s2 XO+,s2 XN2O,s2 XN2+,s2 XO,s2 XO2,s2 XNO,s2 XO-,s2 XN+,s2 XNO2,s2 XNO+,s8 Xe-,s8 XN-,s8 XO2+,s8 XN,s8 XN2,s8 XO+,s8 XN2O,s8 XN2+,s8 XO,s8 XO2,s8 XNO,s8 XO-,s8 XN+,s8 XNO2,s8 XNO+,s10e Xe-,s10e XN-,s10e XO2+,s10e XN,s10e XN2,s10e XO+,s10e XN2O,s10e XN2+,s10e XO,s10e XO2,s10e XNO,s10e XO-,s10e XN+,s10e XNO2,s10e XNO+
custom_from_dict,175.0,CEAGas,n2-o2-with-ions,58092.12521481282,2397.0992110068923,6041609.99993,491380.0,3476.092633958422,285557.95727573003,27461435.100366026,3360400.0,2583.9429969813236,4.509148623003825,2037.6897148750181,2.1140053064374085,963.9,1.2415393777416261,288.4178576384071,4884559.99993,2808460.0,3360400.000000002,3181.96,3.2026,2037.5882033348992,1.8493267410917582,1101.8,27255208.595180545,4400.064118104651,20.823,0.0,0.0,1258.5,20611115.17390438,4125.407325222812,13.97,0.0,0.0,1311.9,5907.996380747756,767.43,0.026713,3331.7371834107344,6.085364718558419,547.5,1.3555794950901263,288.19792027729636,2444805.3889806326,250866.7717910116,5666.329566370792,0.1536209577199997,579.3364757880454,0.38937856581955765,1487.8489127121504,267760.0,3747.062494417751,0.22839683726624227,389.6756909847347,0.33180831998018956,1174.4,796498.0792952474,0.0,0.0,0.0,0.0,0.7765944226691512,0.0,8.173636124036644e-06,0.0,0.0016512396739877745,0.1961638786454492,0.025447066963050848,0.0,0.0,0.00011747885448478985,0.0,0.0,0.0,0.0,0.0,0.7899882913177266,0.0,0.0,0.0,0.0,0.20999981249296848,1.119633174587834e-06,0.0,0.0,0.0,0.0,0.0,0.0,0.0,0.0003384604689184462,0.6980000107091606,0.0,5.4476793682746835e-06,0.0,0.1574079668612573,0.08520098409940373,0.059005762161693794,0.0,0.0,2.3782359174446533e-05,9.240189300437251e-07