{"states_dict": {"s4": {"state_name": "s4", "gmodel_type": "CEAGas", "rho": 17.953, "p": 24815633.843701184, "T": 3983.662376271206, "a": 1269.7, "h": 1900520.0, "u": 518299.99999999994, "s": 9139.8, "gamma": 1.078349487322214, "R": 346.97283311772316, "Cp": 4775.5, "molecular_mass": 0.023963, "v": 0.0, "M": 0.0, "Ht": 7501780.0, "Ue": 3873.442912965157, "total_p": 24817963.838575456, "total_T": 3983.68, "pitot_p": 24817963.838575456, "composition_massf": {"H2O": 0.30471, "OH": 0.056819, "Ar": 0.59061, "HO2": 0.00033728, "O": 0.0090333, "O2": 0.029209, "H2": 0.0079418, "H": 0.0012727, "H2O2": 7.1965e-05}, "composition_moles": {"H2O": 0.40530958886012314, "OH": 0.08005682822828263, "Ar": 0.3542802500750976, "HO2": 0.00024486637092908904, "O": 0.01352956785254447, "O2": 0.021873797361151043, "H2": 0.09440510020437724, "H": 0.030257465821378258, "H2O2": 5.069861880223481e-05}}, "s1": {"state_name": "s1", "gmodel_type": "CEAGas", "rho": 0.67608, "p": 58092.12521481282, "T": 298.15, "a": 346.7, "h": 7.000000000000001e-05, "u": -85925.0, "s": 7044.7, "gamma": 1.398557725608831, "R": 288.19792027729636, "Cp": 1011.3000000000001, "molecular_mass": 0.02885, "v": 0.0, "M": 0.0, "Ht": -10.11307, "Ue": null, "total_p": 58086.32443728891, "total_T": 298.14, "pitot_p": 58086.32443728891, "composition_massf": {"e-": 0.0, "N-": 0.0, "O2+": 0.0, "N": 0.0, "N2": 0.76708, "O+": 0.0, "N2O": 0.0, "N2+": 0.0, "O": 0.0, "O2": 0.23292, "NO": 0.0, "O-": 0.0, "N+": 0.0, "NO2": 0.0, "NO+": 0.0}, "composition_moles": {"e-": 0.0, "N-": 0.0, "O2+": 0.0, "N": 0.0, "N2": 0.7899882913177266, "O+": 0.0, "N2O": 0.0, "N2+": 0.0, "O": 0.0, "O2": 0.20999981249296848, "NO": 0.0, "O-": 0.0, "N+": 0.0, "NO2": 0.0, "NO+": 0.0}}, "s2": {"state_name": "s2", "gmodel_type": "CEAGas", "rho": 4.509148623003825, "p": 3360400.0, "T": 2583.9429969813236, "a": 963.9, "h": 2808460.0, "u": 2063210.0, "s": 8365.6, "gamma": 1.2415393777416261, "R": 288.4178576384071, "Cp": 1482.5, "molecular_mass": 0.028828, "v": 2037.6897148750181, "M": 2.1140053064374085, "Ht": 4884559.99993, "Ue": 3125.5591499538127, "total_p": 31613503.855028894, "total_T": 3859.37, "pitot_p": 19500593.08478064, "unit_Re": 110966471.48544414, "k": 0.16984, "mu": 8.2802e-05, "composition_massf": {"e-": 0.0, "N-": 0.0, "O2+": 0.0, "N": 0.0, "N2": 0.75465, "O+": 0.0, "N2O": 1.2479e-05, "N2+": 0.0, "O": 0.00091643, "O2": 0.21774, "NO": 0.026487, "O-": 0.0, "N+": 0.0, "NO2": 0.00018748, "NO+": 0.0}, "composition_moles": {"e-": 0.0, "N-": 0.0, "O2+": 0.0, "N": 0.0, "N2": 0.7765944226691512, "O+": 0.0, "N2O": 8.173636124036644e-06, "N2+": 0.0, "O": 0.0016512396739877745, "O2": 0.1961638786454492, "NO": 0.025447066963050848, "O-": 0.0, "N+": 0.0, "NO2": 0.00011747885448478985, "NO+": 0.0}}, "s3": {"state_name": "s3", "gmodel_type": "CEAGas", "rho": 3.2026, "p": 3360400.000000002, "T": 3181.96, "a": 1101.8, "h": -512240.0, "u": -1561500.0, "s": 9139.8, "gamma": 1.0917358792420149, "R": 329.75767430792416, "Cp": 3924.4, "molecular_mass": 0.025214, "v": 2037.5882033348992, "M": 1.8493267410917582, "Ht": 7164870.0, "Ue": 3785.4643044149816, "total_p": 19366111.503625453, "total_T": 3872.94, "pitot_p": 14579246.278074684, "composition_massf": {"H2O": 0.35757, "OH": 0.026382, "Ar": 0.59061, "HO2": 5.4529e-05, "O": 0.0026302, "O2": 0.017632, "H2": 0.004669, "H": 0.00044654, "H2O2": 1.0436e-05}, "composition_moles": {"H2O": 0.5004512824668836, "OH": 0.03911227434742882, "Ar": 0.3727756218083508, "HO2": 4.165495307928017e-05, "O": 0.004145021863319874, "O2": 0.013893435003812642, "H2": 0.05839839970633172, "H": 0.011170366847232969, "H2O2": 7.73587474584503e-06}}, "s5": {"state_name": "s5", "gmodel_type": "CEAGas", "rho": 20.823, "p": 27255208.595180545, "T": 4400.064118104651, "a": 1258.5, "h": 6031820.0, "u": 4722910.0, "s": 8686.9, "gamma": 1.152793997846608, "R": 297.4779964221825, "Cp": 2244.4, "molecular_mass": 0.02795, "v": 0.0, "M": 0.0, "Ht": 6031809.99993, "Ue": 3473.272232327895, "total_p": 27256871.71138943, "total_T": 4400.07, "pitot_p": 27256871.71138943, "composition_massf": {"e-": 0.0, "N-": 0.0, "O2+": 0.0, "N": 0.00017133, "N2": 0.71279, "O+": 0.0, "N2O": 0.00016834, "N2+": 0.0, "O": 0.035816, "O2": 0.13511, "NO": 0.11527, "O-": 0.0, "N+": 0.0, "NO2": 0.00067264, "NO+": 1.6854e-06}, "composition_moles": {"e-": 0.0, "N-": 0.0, "O2+": 0.0, "N": 0.0003418844909935959, "N2": 0.7111768118114903, "O+": 0.0, "N2O": 0.0001069030600189036, "N2+": 0.0, "O": 0.06256842131579934, "O2": 0.11801456617123143, "NO": 0.10737138448515468, "O-": 0.0, "N+": 0.0, "NO2": 0.00040865305235243606, "NO+": 1.5699404877458775e-06}}, "s5d": {"state_name": "s5d", "gmodel_type": "CEAGas", "rho": 13.97, "p": 20611115.17390438, "T": 4125.407325222812, "a": 1311.9, "h": 2798420.0, "u": 1323040.0, "s": 9426.6, "gamma": 1.069409162214939, "R": 357.6287152135576, "Cp": 5510.1, "molecular_mass": 0.023249, "v": 0.0, "M": 0.0, "Ht": 8399680.0, "Ue": 4098.702233634446, "total_p": 20609023.457886662, "total_T": 4125.39, "pitot_p": 20609023.457886662, "composition_massf": {"H2O": 0.27708, "OH": 0.070629, "Ar": 0.59061, "HO2": 0.0004046, "O": 0.014442, "O2": 0.035273, "H2": 0.0095118, "H": 0.0019729, "H2O2": 7.2681e-05}, "composition_moles": {"H2O": 0.35757606431873384, "OH": 0.09654970271659177, "Ar": 0.3437241386302192, "HO2": 0.00028498862353567786, "O": 0.02098591559683488, "O2": 0.025627897827418526, "H2": 0.10969890975653313, "H": 0.04550662946207115, "H2O2": 4.967739132045341e-05}}, "s6": {"state_name": "s6", "gmodel_type": "CEAGas", "rho": 13.029, "p": 15472259.318849154, "T": 4025.7, "a": 1196.6, "h": 5325690.0, "u": 4138210.0, "s": 8686.9, "gamma": 1.1560539286893883, "R": 294.9767623372477, "Cp": 2185.2, "molecular_mass": 0.028187, "v": 1196.6004593521154, "M": 1.0000003838810927, "Ht": 6041629.99993, "Ue": 3476.098387540261, "total_p": 27461535.740820594, "total_T": 4405.28, "pitot_p": 27461028.234227106, "composition_massf": {"e-": 0.0, "N-": 0.0, "O2+": 0.0, "N": 6.6223e-05, "N2": 0.72079, "O+": 0.0, "N2O": 0.00010589, "N2+": 0.0, "O": 0.026244, "O2": 0.15373, "NO": 0.098539, "O-": 0.0, "N+": 0.0, "NO2": 0.00052332, "NO+": 0.0}, "composition_moles": {"e-": 0.0, "N-": 0.0, "O2+": 0.0, "N": 0.00013326677240177917, "N2": 0.725256760336125, "O+": 0.0, "N2O": 6.781484999818235e-05, "N2+": 0.0, "O": 0.046235460579771744, "O2": 0.1354171878320437, "NO": 0.09256513818856833, "O-": 0.0, "N+": 0.0, "NO2": 0.000320631681864125, "NO+": 0.0}}, "s8": {"state_name": "s8", "gmodel_type": "CEAGas", "rho": 0.026713, "p": 5907.996380747756, "T": 767.43, "a": 547.5, "h": 491380.0, "u": 270210.0, "s": 8686.9, "gamma": 1.3555794950901263, "R": 288.19792027729636, "Cp": 1098.7, "molecular_mass": 0.02885, "v": 3331.7371834107344, "M": 6.085364718558419, "Ht": 6041609.99993, "Ue": 3476.092633958422, "total_p": 27461435.100366026, "total_T": 4405.27, "pitot_p": 285557.95727573003, "unit_Re": 2444805.3889806326, "k": 0.05398, "mu": 3.6404e-05, "composition_massf": {"e-": 0.0, "N-": 0.0, "O2+": 0.0, "N": 0.0, "N2": 0.76708, "O+": 0.0, "N2O": 0.0, "N2+": 0.0, "O": 0.0, "O2": 0.23292, "NO": 1.1645e-06, "O-": 0.0, "N+": 0.0, "NO2": 0.0, "NO+": 0.0}, "composition_moles": {"e-": 0.0, "N-": 0.0, "O2+": 0.0, "N": 0.0, "N2": 0.7899882913177266, "O+": 0.0, "N2O": 0.0, "N2+": 0.0, "O": 0.0, "O2": 0.20999981249296848, "NO": 1.119633174587834e-06, "O-": 0.0, "N+": 0.0, "NO2": 0.0, "NO+": 0.0}}, "s10f": {"state_name": "s10f", "gmodel_type": "IdealGas", "rho": 0.1536209577199997, "p": 250866.7717910116, "T": 5666.329566370792, "a": 1487.8489127121504, "h": 6225596.294571591, "u": 4592571.897937774, "s": 2974.065014363169, "gamma": 1.3555794950901263, "R": 288.19792027729636, "Cp": 1098.7000000000003, "molecular_mass": 0.02885, "v": 579.3364757880454, "M": 0.38937856581955765, "Ht": null, "Ue": null, "total_p": 277639.89115470805, "total_T": 5819.069510021705, "pitot_p": 277639.89115470805}, "s10e": {"state_name": "s10e", "gmodel_type": "CEAGas", "rho": 0.22839683726624227, "p": 267760.0,