{"states_dict": {"s4": {"state_name": "s4", "gmodel_type": "CEAGas", "rho": 33.429, "p": 37310000.0, "T": 3861.0, "a": 1256.6, "h": 3288120.0, "u": 2172010.0, "s": 6232.3, "gamma": 1.4148350213656617, "R": 289.06963807669575, "Cp": 985.9, "molecular_mass": 0.028763, "v": 0.0, "M": 0.0, "Ht": 3287120.0, "Ue": 2564.028080969473, "total_p": 37307663.26738406, "total_T": 3861.0, "pitot_p": 37307663.26738406, "composition_massf": {"Ar": 0.83332, "O2": 0.14796, "H2": 0.018713}, "composition_moles": {"Ar": 0.5999995784519876, "O2": 0.1329979086715752, "H2": 0.26700102139016213}}, "s1": {"state_name": "s1", "gmodel_type": "CEAGas", "rho": 9.6621, "p": 830217.5681319752, "T": 298.15, "a": 346.7, "h": 7.000000000000001e-05, "u": -85925.0, "s": 6278.2, "gamma": 1.398557725608831, "R": 288.19792027729636, "Cp": 1011.3000000000001, "molecular_mass": 0.02885, "v": 0.0, "M": 0.0, "Ht": -10.11307, "Ue": null, "total_p": 830141.1269417994, "total_T": 298.14, "pitot_p": 830141.1269417994, "composition_massf": {"e-": 0.0, "N-": 0.0, "O2+": 0.0, "N": 0.0, "N2": 0.76708, "O+": 0.0, "N2O": 0.0, "N2+": 0.0, "O": 0.0, "O2": 0.23292, "NO": 0.0, "O-": 0.0, "N+": 0.0, "NO2": 0.0, "NO+": 0.0}, "composition_moles": {"e-": 0.0, "N-": 0.0, "O2+": 0.0, "N": 0.0, "N2": 0.7899882913177266, "O+": 0.0, "N2O": 0.0, "N2+": 0.0, "O": 0.0, "O2": 0.20999981249296848, "NO": 0.0, "O-": 0.0, "N+": 0.0, "NO2": 0.0, "NO+": 0.0}}, "s2": {"state_name": "s2", "gmodel_type": "CEAGas", "rho": 43.11832957529876, "p": 11784000.0, "T": 948.2687189026943, "a": 604.8, "h": 693860.0, "u": 420580.0, "s": 6733.900000000001, "gamma": 1.3384823185142594, "R": 288.18793109424286, "Cp": 1139.6, "molecular_mass": 0.028850999999999998, "v": 937.8940855782098, "M": 1.5507508028740242, "Ht": 1133689.99993, "Ue": 1505.7821887178768, "total_p": 45661187.877176695, "total_T": 1322.28, "pitot_p": 41461425.974671446, "unit_Re": 962340296.7109607, "k": 0.06367, "mu": 4.2023e-05, "composition_massf": {"e-": 0.0, "N-": 0.0, "O2+": 0.0, "N": 0.0, "N2": 0.76707, "O+": 0.0, "N2O": 0.0, "N2+": 0.0, "O": 0.0, "O2": 0.23289, "NO": 1.7879e-05, "O-": 0.0, "N+": 0.0, "NO2": 2.3534e-05, "NO+": 0.0}, "composition_moles": {"e-": 0.0, "N-": 0.0, "O2+": 0.0, "N": 0.0, "N2": 0.7900053749277132, "O+": 0.0, "N2O": 0.0, "N2+": 0.0, "O": 0.0, "O2": 0.20998004268910087, "NO": 1.7190738849767212e-05, "O-": 0.0, "N+": 0.0, "NO2": 1.4758657856125896e-05, "NO+": 0.0}}, "s3": {"state_name": "s3", "gmodel_type": "CEAGas", "rho": 14.885, "p": 11784000.000000007, "T": 2738.74, "a": 1065.7, "h": 2198460.0, "u": 1406770.0, "s": 6232.3, "gamma": 1.4344753443102571, "R": 289.06963807669575, "Cp": 954.4, "molecular_mass": 0.028763, "v": 937.9022335815627, "M": 0.8800809173140308, "Ht": 2637290.0, "Ue": 2296.6453796788046, "total_p": 19695797.497932, "total_T": 3196.14, "pitot_p": 19695797.497932, "composition_massf": {"Ar": 0.83332, "O2": 0.14796, "H2": 0.018713}, "composition_moles": {"Ar": 0.5999995784519876, "O2": 0.1329979086715752, "H2": 0.26700102139016213}}, "s5": {"state_name": "s5", "gmodel_type": "CEAGas", "rho": 140.87, "p": 66390689.38585891, "T": 1635.5490884757553, "a": 781.4, "h": 1520900.0, "u": 1049600.0, "s": 6888.6, "gamma": 1.2957158642050202, "R": 288.15796769945246, "Cp": 1262.6, "molecular_mass": 0.028853999999999998, "v": 0.0, "M": 0.0, "Ht": 1520899.99993, "Ue": 1744.0756863909319, "total_p": 66400536.083460785, "total_T": 1635.55, "pitot_p": 66400536.083460785, "composition_massf": {"e-": 0.0, "N-": 0.0, "O2+": 0.0, "N": 0.0, "N2": 0.76589, "O+": 0.0, "N2O": 5.2327e-06, "N2+": 0.0, "O": 0.0, "O2": 0.23144, "NO": 0.0023313, "O-": 0.0, "N+": 0.0, "NO2": 0.00033914, "NO+": 0.0}, "composition_moles": {"e-": 0.0, "N-": 0.0, "O2+": 0.0, "N": 0.0, "N2": 0.7888721133457559, "O+": 0.0, "N2O": 3.430463996837284e-06, "N2+": 0.0, "O": 0.0, "O2": 0.20869438103928897, "NO": 0.0022417885096697007, "O-": 0.0, "N+": 0.0, "NO2": 0.00021270381932595017, "NO+": 0.0}}, "s5d": {"state_name": "s5d", "gmodel_type": "CEAGas", "rho": 31.617, "p": 36507128.70485213, "T": 3994.4602330501452, "a": 1277.3, "h": 3419910.0, "u": 2265230.0, "s": 6272.1, "gamma": 1.4128797346862696, "R": 289.06963807669575, "Cp": 989.1999999999999, "molecular_mass": 0.028763, "v": 0.0, "M": 0.0, "Ht": 3418910.0, "Ue": 2614.9225609948758, "total_p": 36510602.01834949, "total_T": 3994.45, "pitot_p": 36510602.01834949, "composition_massf": {"Ar": 0.83332, "O2": 0.14796, "H2": 0.018713}, "composition_moles": {"Ar": 0.5999995784519876, "O2": 0.1329979086715752, "H2": 0.26700102139016213}}, "s6": {"state_name": "s6", "gmodel_type": "CEAGas", "rho": 87.782, "p": 35873960.64103889, "T": 1418.12, "a": 730.9, "h": 1250360.0, "u": 841690.0, "s": 6888.6, "gamma": 1.3074481607784996, "R": 288.17794260363235, "Cp": 1225.5, "molecular_mass": 0.028852, "v": 735.5814027012918, "M": 1.0064049838572882, "Ht": 1520899.99993, "Ue": 1744.0756863909319, "total_p": 66400386.311240695, "total_T": 1635.55, "pitot_p": 66399760.27786279, "composition_massf": {"e-": 0.0, "N-": 0.0, "O2+": 0.0, "N": 0.0, "N2": 0.76664, "O+": 0.0, "N2O": 1.4636e-06, "N2+": 0.0, "O": 0.0, "O2": 0.23235, "NO": 0.00083298, "O-": 0.0, "N+": 0.0, "NO2": 0.00016947, "NO+": 0.0}, "composition_moles": {"e-": 0.0, "N-": 0.0, "O2+": 0.0, "N": 0.0, "N2": 0.7895898848408262, "O+": 0.0, "N2O": 9.594433255780138e-07, "N2+": 0.0, "O": 0.0, "O2": 0.2095004250159381, "NO": 0.0008009417738393193, "O-": 0.0, "N+": 0.0, "NO2": 0.00010628182369499299, "NO+": 0.0}}, "s8": {"state_name": "s8", "gmodel_type": "CEAGas", "rho": 0.20165, "p": 8606.610705914192, "T": 148.1, "a": 244.4, "h": -151500.0, "u": -194180.0, "s": 6888.6, "gamma": -0.0, "R": 288.19792027729636, "Cp": 0.0, "molecular_mass": 0.02885, "v": 1828.879438344693, "M": 7.483140091426731, "Ht": 1520889.99993, "Ue": 1744.0699526853846, "total_p": 66400065.10920598, "total_T": 1635.54, "pitot_p": 630384.03368275, "unit_Re": null, "k": 0.0, "mu": 0.0, "composition_massf": {"e-": 0.0, "N-": 0.0, "O2+": 0.0, "N": 0.0, "N2": 0.76708, "O+": 0.0, "N2O": 0.0, "N2+": 0.0, "O": 0.0, "O2": 0.23292, "NO": 0.0, "O-": 0.0, "N+": 0.0, "NO2": 0.0, "NO+": 0.0}, "composition_moles": {"e-": 0.0, "N-": 0.0, "O2+": 0.0, "N": 0.0, "N2": 0.7899882913177266, "O+": 0.0, "N2O": 0.0, "N2+": 0.0, "O": 0.0, "O2": 0.20999981249296848, "NO": 0.0, "O-": 0.0, "N+": 0.0, "NO2": 0.0, "NO+": 0.0}}, "s10f": {"state_name": "s10f", "gmodel_type": "IdealGas", "rho": 1.112695782584594, "p": 560840.2039615748, "T": 1748.9276913218, "a": 839.7473649079634, "h": 1767116.539311547, "u": 1263079.215957231, "s": 1294.4244114075536, "gamma": 1.3990544037036732, "R": 288.19792027729636, "Cp": 1010.4000000000001, "molecular_mass": 0.02885, "v": 331.43234811482324, "M": 0.394681021894184, "Ht": null, "Ue": null, "total_p": 624370.8062490341, "total_T": 1803.2860649247814, "pitot_p": 624370.8062490341}, "s10e": {"state_name": "s10e", "gmodel_type": "CEAGas", "rho": 1.243611456690539, "p": 573720.0, "T": 1600.799154762515, "a": 773.7, "h": 1476920.0, "u": 1015590.0, "s": 8230.7, "gamma": 1.3060255258585665, "R": 288.18793109424286, "Cp": 1229.9, "molecular_mass": 0.028850999999999998, "v": 296.5504513150992, "M": 0.3832886794818395, "Ht": 1520899.99993, "Ue": 1744.0756863909319, "total_p": 630384.03368275, "total_T": 1635.71, "pitot_p": 630384.03368275, "unit_Re": 6182313.357956973, "k": 0.09898000000000001, "mu": 5.9653000000000006e-05, "composition_massf": {"e-": 0.0, "N-": 0.0, "O2+": 0.0, "N": 0.0, "N2": 0.76613, "O+": 0.0, "N2O": 0.0, "N2+": 0.0, "O": 1.5496e-06, "O2": 0.23182, "NO": 0.0020165, "O-": 0.0, "N+": 0.0, "NO2": 2.9873e-05, "NO+": 0.0}, "composition_moles": {"e-": 0.0, "N-": 0.0, "O2+": 0.0, "N": 0.0, "N2": 0.7890372689498597, "O+": 0.0, "N2O": 0.0, "N2+": 0.0, "O": 2.7943241371551433e-06, "O2": 0.20901530119879497, "NO": 0.0019388738123248272, "O-": 0.0, "N+": 0.0, "NO2": 1.8733975785503907e-05, "NO+": 0.0}}}, "config_data": {"output_filename": "HYPULSE_RST_M8_condition_builder_95",