{"states_dict": {"s4": {"state_name": "s4", "gmodel_type": "CEAGas", "rho": 33.429, "p": 37310000.0, "T": 3861.0, "a": 1256.6, "h": 3288120.0, "u": 2172010.0, "s": 6232.3, "gamma": 1.4148350213656617, "R": 289.06963807669575, "Cp": 985.9, "molecular_mass": 0.028763, "v": 0.0, "M": 0.0, "Ht": 3287120.0, "Ue": 2564.028080969473, "total_p": 37307663.26738406, "total_T": 3861.0, "pitot_p": 37307663.26738406, "composition_massf": {"Ar": 0.83332, "O2": 0.14796, "H2": 0.018713}, "composition_moles": {"Ar": 0.5999995784519876, "O2": 0.1329979086715752, "H2": 0.26700102139016213}}, "s1": {"state_name": "s1", "gmodel_type": "CEAGas", "rho": 2.2846, "p": 196304.06500402724, "T": 298.15, "a": 346.7, "h": 7.000000000000001e-05, "u": -85925.0, "s": 6693.8, "gamma": 1.398557725608831, "R": 288.19792027729636, "Cp": 1011.3000000000001, "molecular_mass": 0.02885, "v": 0.0, "M": 0.0, "Ht": -10.11307, "Ue": null, "total_p": 196273.94663278435, "total_T": 298.14, "pitot_p": 196273.94663278435, "composition_massf": {"e-": 0.0, "N-": 0.0, "O2+": 0.0, "N": 0.0, "N2": 0.76708, "O+": 0.0, "N2O": 0.0, "N2+": 0.0, "O": 0.0, "O2": 0.23292, "NO": 0.0, "O-": 0.0, "N+": 0.0, "NO2": 0.0, "NO+": 0.0}, "composition_moles": {"e-": 0.0, "N-": 0.0, "O2+": 0.0, "N": 0.0, "N2": 0.7899882913177266, "O+": 0.0, "N2O": 0.0, "N2+": 0.0, "O": 0.0, "O2": 0.20999981249296848, "NO": 0.0, "O-": 0.0, "N+": 0.0, "NO2": 0.0, "NO+": 0.0}}, "s2": {"state_name": "s2", "gmodel_type": "CEAGas", "rho": 12.810941999255157, "p": 5867900.0, "T": 1589.391043516314, "a": 771.1, "h": 1462640.0, "u": 1004600.0, "s": 7551.599999999999, "gamma": 1.2982348460374549, "R": 288.18793109424286, "Cp": 1254.5, "molecular_mass": 0.028850999999999998, "v": 1428.2262214966995, "M": 1.8521932583279723, "Ht": 2482549.99993, "Ue": 2228.250434726761, "total_p": 35831599.44746681, "total_T": 2360.42, "pitot_p": 27544480.226325948, "unit_Re": 308200233.89104325, "k": 0.09831000000000001, "mu": 5.9367e-05, "composition_massf": {"e-": 0.0, "N-": 0.0, "O2+": 0.0, "N": 0.0, "N2": 0.76616, "O+": 0.0, "N2O": 1.2947e-06, "N2+": 0.0, "O": 0.0, "O2": 0.23183, "NO": 0.0019194, "O-": 0.0, "N+": 0.0, "NO2": 9.3765e-05, "NO+": 0.0}, "composition_moles": {"e-": 0.0, "N-": 0.0, "O2+": 0.0, "N": 0.0, "N2": 0.7890681659491529, "O+": 0.0, "N2O": 8.486937822633416e-07, "N2+": 0.0, "O": 0.0, "O2": 0.2090243174744053, "NO": 0.001845511725949057, "O-": 0.0, "N+": 0.0, "NO2": 5.880196965580202e-05, "NO+": 0.0}}, "s3": {"state_name": "s3", "gmodel_type": "CEAGas", "rho": 9.1741, "p": 5867900.0, "T": 2212.65, "a": 962.1, "h": 1701180.0, "u": 1061570.0, "s": 6232.3, "gamma": 1.4472474992765352, "R": 289.06963807669575, "Cp": 935.4, "molecular_mass": 0.028763, "v": 1428.2268543114724, "M": 1.4844889869155726, "Ht": 2720100.0, "Ue": 2332.4236321903445, "total_p": 21517307.645902738, "total_T": 3281.54, "pitot_p": 20120453.93798755, "composition_massf": {"Ar": 0.83332, "O2": 0.14796, "H2": 0.018713}, "composition_moles": {"Ar": 0.5999995784519876, "O2": 0.1329979086715752, "H2": 0.26700102139016213}}, "s5": {"state_name": "s5", "gmodel_type": "CEAGas", "rho": 49.93, "p": 41010933.842497066, "T": 2848.7674680823607, "a": 1010.3, "h": 3186160.0, "u": 2364790.0, "s": 7783.299999999999, "gamma": 1.239162658955497, "R": 288.3278427020842, "Cp": 1493.9, "molecular_mass": 0.028836999999999998, "v": 0.0, "M": 0.0, "Ht": 3186169.99993, "Ue": 2524.3494211103184, "total_p": 41015420.56404106, "total_T": 2848.77, "pitot_p": 41015420.56404106, "composition_massf": {"e-": 0.0, "N-": 0.0, "O2+": 0.0, "N": 0.0, "N2": 0.74883, "O+": 0.0, "N2O": 6.3797e-05, "N2+": 0.0, "O": 0.00078303, "O2": 0.21105, "NO": 0.038533, "O-": 0.0, "N+": 0.0, "NO2": 0.00074362, "NO+": 0.0}, "composition_moles": {"e-": 0.0, "N-": 0.0, "O2+": 0.0, "N": 0.0, "N2": 0.7708457634560603, "O+": 0.0, "N2O": 4.1799523979387817e-05, "N2+": 0.0, "O": 0.0014113176812880484, "O2": 0.19019615891845942, "NO": 0.03703167425956722, "O-": 0.0, "N+": 0.0, "NO2": 0.0004661131808153373, "NO+": 0.0}}, "s5d": {"state_name": "s5d", "gmodel_type": "CEAGas", "rho": 27.208, "p": 34099383.1715123, "T": 4335.514233702171, "a": 1328.5, "h": 3758640.0, "u": 2505370.0, "s": 6373.2, "gamma": 1.408272940854489, "R": 289.06963807669575, "Cp": 997.1, "molecular_mass": 0.028763, "v": 0.0, "M": 0.0, "Ht": 3757640.0, "Ue": 2741.4011016266845, "total_p": 34101828.69383613, "total_T": 4335.52, "pitot_p": 34101828.69383613, "composition_massf": {"Ar": 0.83332, "O2": 0.14796, "H2": 0.018713}, "composition_moles": {"Ar": 0.5999995784519876, "O2": 0.1329979086715752, "H2": 0.26700102139016213}}, "s6": {"state_name": "s6", "gmodel_type": "CEAGas", "rho": 30.964, "p": 22589373.538142595, "T": 2531.18, "a": 956.4, "h": 2724000.0, "u": 1994460.0, "s": 7783.299999999999, "gamma": 1.2523397108945784, "R": 288.21790072102056, "Cp": 1430.3999999999999, "molecular_mass": 0.028848, "v": 961.4156229227815, "M": 1.0052442732358653, "Ht": 3186169.99993, "Ue": 2524.3494211103184, "total_p": 41015584.508657925, "total_T": 2848.77, "pitot_p": 41015643.46844325, "composition_massf": {"e-": 0.0, "N-": 0.0, "O2+": 0.0, "N": 0.0, "N2": 0.75555, "O+": 0.0, "N2O": 2.9731e-05, "N2+": 0.0, "O": 0.00027657, "O2": 0.21932, "NO": 0.024345, "O-": 0.0, "N+": 0.0, "NO2": 0.00047275, "NO+": 0.0}, "composition_moles": {"e-": 0.0, "N-": 0.0, "O2+": 0.0, "N": 0.0, "N2": 0.7780600141360919, "O+": 0.0, "N2O": 1.948705576559546e-05, "N2+": 0.0, "O": 0.0004986744102903859, "O2": 0.1977243946647999, "NO": 0.023405392903442967, "O-": 0.0, "N+": 0.0, "NO2": 0.0002964404690743498, "NO+": 0.0}}, "s8": {"state_name": "s8", "gmodel_type": "CEAGas", "rho": 0.067687, "p": 6453.898535105831, "T": 330.85, "a": 365.0, "h": 33101.0, "u": -62248.0, "s": 7783.299999999999, "gamma": 1.3974584108040486, "R": 288.19792027729636, "Cp": 1013.3000000000001, "molecular_mass": 0.02885, "v": 2511.1985186360716, "M": 6.87999594146869, "Ht": 3186169.99993, "Ue": 2524.3494211103184, "total_p": 41015594.950935856, "total_T": 2848.77, "pitot_p": 403408.79119424964, "unit_Re": 8450186.13626248, "k": 0.02854, "mu": 2.0115e-05, "composition_massf": {"e-": 0.0, "N-": 0.0, "O2+": 0.0, "N": 0.0, "N2": 0.76708, "O+": 0.0, "N2O": 0.0, "N2+": 0.0, "O": 0.0, "O2": 0.23292, "NO": 0.0, "O-": 0.0, "N+": 0.0, "NO2": 0.0, "NO+": 0.0}, "composition_moles": {"e-": 0.0, "N-": 0.0, "O2+": 0.0, "N": 0.0, "N2": 0.7899882913177266, "O+": 0.0, "N2O": 0.0, "N2+": 0.0, "O": 0.0, "O2": 0.20999981249296848, "NO": 0.0, "O-": 0.0, "N+": 0.0, "NO2": 0.0, "NO+": 0.0}}, "s10f": {"state_name": "s10f", "gmodel_type": "IdealGas", "rho": 0.36904272903911367, "p": 355004.78575717367, "T": 3337.8492014165013, "a": 1159.4398505651668, "h": 3382242.595795341, "u": 2420281.3977478705, "s": 2086.269160358758, "gamma": 1.3974584108040486, "R": 288.19792027729636, "Cp": 1013.3, "molecular_mass": 0.02885, "v": 460.579437675327, "M": 0.39724306306258006, "Ht": null, "Ue": null, "total_p": 395716.72104178765, "total_T": 3442.523739817206, "pitot_p": 395716.72104178765}, "s10e": {"state_name": "s10e", "gmodel_type": "CEAGas", "rho": 0.4660918541882834, "p": 371310.0, "T": 2750.477880358941, "a": 984.4, "h": 3119660.0, "u": 2323020.0, "s": 9118.4, "gamma": 1.2878870830555122, "R": 289.63353885811824, "Cp": 1295.7, "molecular_mass": 0.028707, "v": 364.6823959773734, "M": 0.3704615968888393, "Ht": 3186139.99993, "Ue": 2524.3375368321886, "total_p": 403408.79119424964, "total_T": 2789.47, "pitot_p": 403408.79119424964, "unit_Re": 1961610.300295666, "k": 0.23343, "mu": 8.665100000000001e-05, "composition_massf": {"e-": 0.0, "N-": 0.0, "O2+": 0.0, "N": 0.0, "N2": 0.75141, "O+": 0.0, "N2O": 5.2543e-06, "N2+": 0.0, "O": 0.0055797, "O2": 0.20942, "NO": 0.033514, "O-": 0.0, "N+": 0.0, "NO2": 6.63e-05, "NO+": 0.0}, "composition_moles": {"e-": 0.0, "N-": 0.0, "O2+": 0.0, "N": 0.0, "N2": 0.7700145955150036, "O+": 0.0, "N2O": 3.427075534844409e-06, "N2+": 0.0, "O": 0.010011403421378302, "O2": 0.1878764184906934, "NO": 0.03206302711781938, "O-": 0.0, "N+": 0.0,