{"states_dict": {"s4": {"state_name": "s4", "gmodel_type": "CEAGas", "rho": 33.429, "p": 37310000.0, "T": 3861.0, "a": 1256.6, "h": 3288120.0, "u": 2172010.0, "s": 6232.3, "gamma": 1.4148350213656617, "R": 289.06963807669575, "Cp": 985.9, "molecular_mass": 0.028763, "v": 0.0, "M": 0.0, "Ht": 3287120.0, "Ue": 2564.028080969473, "total_p": 37307663.26738406, "total_T": 3861.0, "pitot_p": 37307663.26738406, "composition_massf": {"Ar": 0.83332, "O2": 0.14796, "H2": 0.018713}, "composition_moles": {"Ar": 0.5999995784519876, "O2": 0.1329979086715752, "H2": 0.26700102139016213}}, "s1": {"state_name": "s1", "gmodel_type": "CEAGas", "rho": 1.0854, "p": 93260.334688322, "T": 298.15, "a": 346.7, "h": 7.000000000000001e-05, "u": -85925.0, "s": 6908.299999999999, "gamma": 1.398557725608831, "R": 288.19792027729636, "Cp": 1011.3000000000001, "molecular_mass": 0.02885, "v": 0.0, "M": 0.0, "Ht": -10.11307, "Ue": null, "total_p": 93246.3321338895, "total_T": 298.14, "pitot_p": 93246.3321338895, "composition_massf": {"e-": 0.0, "N-": 0.0, "O2+": 0.0, "N": 0.0, "N2": 0.76708, "O+": 0.0, "N2O": 0.0, "N2+": 0.0, "O": 0.0, "O2": 0.23292, "NO": 0.0, "O-": 0.0, "N+": 0.0, "NO2": 0.0, "NO+": 0.0}, "composition_moles": {"e-": 0.0, "N-": 0.0, "O2+": 0.0, "N": 0.0, "N2": 0.7899882913177266, "O+": 0.0, "N2O": 0.0, "N2+": 0.0, "O": 0.0, "O2": 0.20999981249296848, "NO": 0.0, "O-": 0.0, "N+": 0.0, "NO2": 0.0, "NO+": 0.0}}, "s2": {"state_name": "s2", "gmodel_type": "CEAGas", "rho": 6.623914030063452, "p": 3844500.0, "T": 2013.921056626088, "a": 860.7, "h": 2011170.0, "u": 1430780.0, "s": 7979.0, "gamma": 1.2762505723275692, "R": 288.18793109424286, "Cp": 1331.3999999999999, "molecular_mass": 0.028850999999999998, "v": 1699.9182293235476, "M": 1.9750415119362699, "Ht": 3456039.99993, "Ue": 2629.0834904696353, "total_p": 28620522.12071525, "total_T": 3023.9, "pitot_p": 20030637.572886284, "unit_Re": 161562697.59920895, "k": 0.12373, "mu": 6.9695e-05, "composition_massf": {"e-": 0.0, "N-": 0.0, "O2+": 0.0, "N": 0.0, "N2": 0.76322, "O+": 0.0, "N2O": 4.19e-06, "N2+": 0.0, "O": 3.0183e-05, "O2": 0.22843, "NO": 0.008185, "O-": 0.0, "N+": 0.0, "NO2": 0.00013099, "NO+": 0.0}, "composition_moles": {"e-": 0.0, "N-": 0.0, "O2+": 0.0, "N": 0.0, "N2": 0.7860402600184198, "O+": 0.0, "N2O": 2.746603033662934e-06, "N2+": 0.0, "O": 5.44276493493506e-05, "O2": 0.20595878376689125, "NO": 0.007869914284095567, "O-": 0.0, "N+": 0.0, "NO2": 8.214653660975317e-05, "NO+": 0.0}}, "s3": {"state_name": "s3", "gmodel_type": "CEAGas", "rho": 6.8553, "p": 3844500.0, "T": 1940.02, "a": 903.4, "h": 1447710.0, "u": 886910.0, "s": 6232.3, "gamma": 1.455349421538252, "R": 289.06963807669575, "Cp": 923.9000000000001, "molecular_mass": 0.028763, "v": 1699.9189327913307, "M": 1.8816902067648116, "Ht": 2891580.0, "Ue": 2404.820159596139, "total_p": 25660067.622896858, "total_T": 3457.74, "pitot_p": 19988780.563683346, "composition_massf": {"Ar": 0.83332, "O2": 0.14796, "H2": 0.018713}, "composition_moles": {"Ar": 0.5999995784519876, "O2": 0.1329979086715752, "H2": 0.26700102139016213}}, "s5": {"state_name": "s5", "gmodel_type": "CEAGas", "rho": 27.956, "p": 28925851.777437456, "T": 3566.3246083692634, "a": 1123.0, "h": 4353000.0, "u": 3318310.0, "s": 8248.300000000001, "gamma": 1.1959837856818465, "R": 290.12875985763134, "Cp": 1770.5, "molecular_mass": 0.028658000000000003, "v": 0.0, "M": 0.0, "Ht": 4352989.99993, "Ue": 2950.589771530431, "total_p": 28922781.24226048, "total_T": 3566.32, "pitot_p": 28922781.24226048, "composition_massf": {"e-": 0.0, "N-": 0.0, "O2+": 0.0, "N": 7.4937e-06, "N2": 0.73095, "O+": 0.0, "N2O": 0.00011018, "N2+": 0.0, "O": 0.0077325, "O2": 0.18371, "NO": 0.076743, "O-": 0.0, "N+": 0.0, "NO2": 0.00074318, "NO+": 0.0}, "composition_moles": {"e-": 0.0, "N-": 0.0, "O2+": 0.0, "N": 1.53322663154062e-05, "N2": 0.7477694638994196, "O+": 0.0, "N2O": 7.17413670568562e-05, "N2+": 0.0, "O": 0.01385039345225446, "O2": 0.1645299567483781, "NO": 0.07329512645762029, "O-": 0.0, "N+": 0.0, "NO2": 0.00046294578778624296, "NO+": 0.0}}, "s5d": {"state_name": "s5d", "gmodel_type": "CEAGas", "rho": 23.618, "p": 31750732.634440806, "T": 4650.564048270224, "a": 1374.0, "h": 4073870.0, "u": 2729530.0, "s": 6464.0, "gamma": 1.4043325804474736, "R": 289.06963807669575, "Cp": 1004.0, "molecular_mass": 0.028763, "v": 0.0, "M": 0.0, "Ht": 4072870.0, "Ue": 2854.0742807432325, "total_p": 31754506.486867245, "total_T": 4650.57, "pitot_p": 31754506.486867245, "composition_massf": {"Ar": 0.83332, "O2": 0.14796, "H2": 0.018713}, "composition_moles": {"Ar": 0.5999995784519876, "O2": 0.1329979086715752, "H2": 0.26700102139016213}}, "s6": {"state_name": "s6", "gmodel_type": "CEAGas", "rho": 17.369, "p": 16172662.32694706, "T": 3219.21, "a": 1068.1, "h": 3782030.0, "u": 2850930.0, "s": 8248.300000000001, "gamma": 1.209865719974047, "R": 289.23052840296384, "Cp": 1667.4, "molecular_mass": 0.028746999999999998, "v": 1068.6159272629245, "M": 1.000483032733756, "Ht": 4353009.99993, "Ue": 2950.596549828526, "total_p": 28922970.188073125, "total_T": 3566.33, "pitot_p": 28922522.63730297, "composition_massf": {"e-": 0.0, "N-": 0.0, "O2+": 0.0, "N": 1.7353e-06, "N2": 0.73998, "O+": 0.0, "N2O": 6.0769e-05, "N2+": 0.0, "O": 0.0042059, "O2": 0.1976, "NO": 0.057632, "O-": 0.0, "N+": 0.0, "NO2": 0.00052239, "NO+": 0.0}, "composition_moles": {"e-": 0.0, "N-": 0.0, "O2+": 0.0, "N": 3.5614862244497276e-06, "N2": 0.7593582021461158, "O+": 0.0, "N2O": 3.969132713665116e-05, "N2+": 0.0, "O": 0.007556971342675351, "O2": 0.17751938197682413, "NO": 0.05521367668574057, "O-": 0.0, "N+": 0.0, "NO2": 0.0003264206525306757, "NO+": 0.0}}, "s8": {"state_name": "s8", "gmodel_type": "CEAGas", "rho": 0.036751, "p": 5196.52242139922, "T": 490.63, "a": 442.7, "h": 196450.0, "u": 55050.0, "s": 8248.300000000001, "gamma": 1.38611618068423, "R": 288.19792027729636, "Cp": 1034.6, "molecular_mass": 0.02885, "v": 2883.244699986458, "M": 6.512863564460036, "Ht": 4352989.99993, "Ue": 2950.589771530431, "total_p": 28922896.110181835, "total_T": 3566.32, "pitot_p": 291319.29428095266, "unit_Re": 3966687.6041329056, "k": 0.03841, "mu": 2.6713e-05, "composition_massf": {"e-": 0.0, "N-": 0.0, "O2+": 0.0, "N": 0.0, "N2": 0.76708, "O+": 0.0, "N2O": 0.0, "N2+": 0.0, "O": 0.0, "O2": 0.23292, "NO": 0.0, "O-": 0.0, "N+": 0.0, "NO2": 0.0, "NO+": 0.0}, "composition_moles": {"e-": 0.0, "N-": 0.0, "O2+": 0.0, "N": 0.0, "N2": 0.7899882913177266, "O+": 0.0, "N2O": 0.0, "N2+": 0.0, "O": 0.0, "O2": 0.20999981249296848, "NO": 0.0, "O-": 0.0, "N+": 0.0, "NO2": 0.0, "NO+": 0.0}}, "s10f": {"state_name": "s10f", "gmodel_type": "IdealGas", "rho": 0.2023751591808488, "p": 255229.69923040166, "T": 4376.058940758459, "a": 1322.193215107718, "h": 4527032.9742146265, "u": 3265861.88847717, "s": 2512.738592001643, "gamma": 1.3861679179352941, "R": 288.19792027729636, "Cp": 1034.5, "molecular_mass": 0.02885, "v": 523.5909869074771, "M": 0.3960018709253629, "Ht": null, "Ue": null, "total_p": 284075.09073112987, "total_T": 4508.56136781054, "pitot_p": 284075.09073112987}, "s10e": {"state_name": "s10e", "gmodel_type": "CEAGas", "rho": 0.28068257741466607, "p": 270710.0, "T": 3248.9315679746437, "a": 1064.9, "h": 4281740.0, "u": 3317260.0, "s": 9596.4, "gamma": 1.2923774729752395, "R": 296.8619680091403, "Cp": 1312.2, "molecular_mass": 0.028007999999999998, "v": 377.5158648791346, "M": 0.35450827765906145, "Ht": 4353009.99993, "Ue": 2950.596549828526, "total_p": 291319.29428095266, "total_T": 3280.14, "pitot_p": 291319.29428095266, "unit_Re": 1075408.2528437695, "k": 0.47237, "mu": 9.8532e-05, "composition_massf": {"e-": 0.0, "N-": 0.0, "O2+": 0.0, "N": 1.6042e-05, "N2": 0.74128, "O+": 0.0, "N2O": 7.4547e-06, "N2+": 0.0, "O": 0.033359, "O2": 0.17008, "NO": 0.0552, "O-": 0.0, "N+": 0.0, "NO2": 5.8239e-05, "NO+": 0.0}, "composition_moles": {"e-": 0.0, "N-": 0.0, "O2+": 0.0, "N": 3.2077815331234335e-05, "N2": 0.7411371072415345, "O+": 0.0, "N2O": 4.7438753635306095e-06, "N2+": 0.0, "O": 0.0583971193919772,