{"states_dict": {"s4": {"state_name": "s4", "gmodel_type": "CEAGas", "rho": 33.429, "p": 37310000.0, "T": 3861.0, "a": 1256.6, "h": 3288120.0, "u": 2172010.0, "s": 6232.3, "gamma": 1.4148350213656617, "R": 289.06963807669575, "Cp": 985.9, "molecular_mass": 0.028763, "v": 0.0, "M": 0.0, "Ht": 3287120.0, "Ue": 2564.028080969473, "total_p": 37307663.26738406, "total_T": 3861.0, "pitot_p": 37307663.26738406, "composition_massf": {"Ar": 0.83332, "O2": 0.14796, "H2": 0.018713}, "composition_moles": {"Ar": 0.5999995784519876, "O2": 0.1329979086715752, "H2": 0.26700102139016213}}, "s1": {"state_name": "s1", "gmodel_type": "CEAGas", "rho": 0.30912, "p": 26560.87782946684, "T": 298.15, "a": 346.7, "h": 7.000000000000001e-05, "u": -85925.0, "s": 7270.2, "gamma": 1.398557725608831, "R": 288.19792027729636, "Cp": 1011.3000000000001, "molecular_mass": 0.02885, "v": 0.0, "M": 0.0, "Ht": null, "Ue": null, "total_p": 26562.576047607767, "total_T": 298.15, "pitot_p": 26562.576047607767, "composition_massf": {"e-": 0.0, "N-": 0.0, "O2+": 0.0, "N": 0.0, "N2": 0.76708, "O+": 0.0, "N2O": 0.0, "N2+": 0.0, "O": 0.0, "O2": 0.23292, "NO": 0.0, "O-": 0.0, "N+": 0.0, "NO2": 0.0, "NO+": 0.0}, "composition_moles": {"e-": 0.0, "N-": 0.0, "O2+": 0.0, "N": 0.0, "N2": 0.7899882913177266, "O+": 0.0, "N2O": 0.0, "N2+": 0.0, "O": 0.0, "O2": 0.20999981249296848, "NO": 0.0, "O-": 0.0, "N+": 0.0, "NO2": 0.0, "NO+": 0.0}}, "s2": {"state_name": "s2", "gmodel_type": "CEAGas", "rho": 2.1348669333055414, "p": 1723200.0, "T": 2793.1228539584363, "a": 996.2, "h": 3141570.0, "u": 2334420.0, "s": 8682.3, "gamma": 1.2155884326273851, "R": 288.97921590435146, "Cp": 1629.3999999999999, "molecular_mass": 0.028772, "v": 2166.503152310617, "M": 2.1747672679287464, "Ht": 5488429.99993, "Ue": 3313.1344675186365, "total_p": 17994820.10240656, "total_T": 4113.47, "pitot_p": 10431118.274631897, "unit_Re": 52855757.785410784, "k": 0.2062, "mu": 8.7506e-05, "composition_massf": {"e-": 0.0, "N-": 0.0, "O2+": 0.0, "N": 0.0, "N2": 0.75036, "O+": 0.0, "N2O": 1.2084e-05, "N2+": 0.0, "O": 0.0030796, "O2": 0.2107, "NO": 0.035698, "O-": 0.0, "N+": 0.0, "NO2": 0.00014741, "NO+": 0.0}, "composition_moles": {"e-": 0.0, "N-": 0.0, "O2+": 0.0, "N": 0.0, "N2": 0.7706796718713187, "O+": 0.0, "N2O": 7.899539406718045e-06, "N2+": 0.0, "O": 0.005538098378689201, "O2": 0.18945274197782416, "NO": 0.034229801806965915, "O-": 0.0, "N+": 0.0, "NO2": 9.219072763039201e-05, "NO+": 0.0}}, "s3": {"state_name": "s3", "gmodel_type": "CEAGas", "rho": 3.9614, "p": 1723200.0000000002, "T": 1504.8, "a": 799.9, "h": 1050110.0, "u": 615110.0, "s": 6232.3, "gamma": 1.4710042976704152, "R": 289.06963807669575, "Cp": 902.8000000000001, "molecular_mass": 0.028763, "v": 2166.516672471666, "M": 2.708484401139725, "Ht": 3396000.0, "Ue": 2606.146580681908, "total_p": 41074776.00811134, "total_T": 3971.29, "pitot_p": 17801167.26039079, "composition_massf": {"Ar": 0.83332, "O2": 0.14796, "H2": 0.018713}, "composition_moles": {"Ar": 0.5999995784519876, "O2": 0.1329979086715752, "H2": 0.26700102139016213}}, "s5": {"state_name": "s5", "gmodel_type": "CEAGas", "rho": 10.267, "p": 14372595.058877187, "T": 4602.019619982149, "a": 1301.0, "h": 6720170.0, "u": 5320320.0, "s": 9032.1, "gamma": 1.1354859598763045, "R": 304.18197117143484, "Cp": 2549.3, "molecular_mass": 0.027334, "v": 0.0, "M": 0.0, "Ht": 6720159.99993, "Ue": 3666.104199263845, "total_p": 14373005.051913427, "total_T": 4602.02, "pitot_p": 14373005.051913427, "composition_massf": {"e-": 0.0, "N-": 0.0, "O2+": 0.0, "N": 0.00042774, "N2": 0.71251, "O+": 0.0, "N2O": 0.00012342, "N2+": 0.0, "O": 0.061222, "O2": 0.10975, "NO": 0.11554, "O-": 0.0, "N+": 0.0, "NO2": 0.00041323, "NO+": 3.9549e-06}, "composition_moles": {"e-": 0.0, "N-": 0.0, "O2+": 0.0, "N": 0.0008347323181049069, "N2": 0.6952297236322617, "O+": 0.0, "N2O": 7.664957194270758e-05, "N2+": 0.0, "O": 0.10459405652711977, "O2": 0.09375059377226647, "NO": 0.10525094430799072, "O-": 0.0, "N+": 0.0, "NO2": 0.00024551909706448143, "NO+": 3.6027745385808836e-06}}, "s5d": {"state_name": "s5d", "gmodel_type": "CEAGas", "rho": 16.642, "p": 26126363.110418677, "T": 5430.952647277966, "a": 1480.5, "h": 4863410.0, "u": 3293480.0, "s": 6677.3, "gamma": 1.3961321238091469, "R": 289.06963807669575, "Cp": 1018.8, "molecular_mass": 0.028763, "v": 0.0, "M": 0.0, "Ht": 4862410.0, "Ue": 3118.46436567744, "total_p": 26127360.257287055, "total_T": 5430.96, "pitot_p": 26127360.257287055, "composition_massf": {"Ar": 0.83332, "O2": 0.14796, "H2": 0.018713}, "composition_moles": {"Ar": 0.5999995784519876, "O2": 0.1329979086715752, "H2": 0.26700102139016213}}, "s6": {"state_name": "s6", "gmodel_type": "CEAGas", "rho": 6.4507, "p": 8209591.470274407, "T": 4230.85, "a": 1236.4, "h": 5972580.0, "u": 4699920.0, "s": 9032.1, "gamma": 1.1334948679501486, "R": 300.80351651532146, "Cp": 2554.1, "molecular_mass": 0.027641, "v": 1236.40053132176, "M": 1.0000004297329017, "Ht": 6736929.99993, "Ue": 3670.675687099039, "total_p": 14545934.189147798, "total_T": 4610.44, "pitot_p": 14545837.623970825, "composition_massf": {"e-": 0.0, "N-": 0.0, "O2+": 0.0, "N": 0.00018526, "N2": 0.71877, "O+": 0.0, "N2O": 8.1004e-05, "N2+": 0.0, "O": 0.048464, "O2": 0.12939, "NO": 0.10276, "O-": 0.0, "N+": 0.0, "NO2": 0.00033704, "NO+": 1.5405e-06}, "composition_moles": {"e-": 0.0, "N-": 0.0, "O2+": 0.0, "N": 0.0003655944412316962, "N2": 0.7092149317826468, "O+": 0.0, "N2O": 5.087228179075178e-05, "N2+": 0.0, "O": 0.08372772878982962, "O2": 0.1117688472692726, "NO": 0.09466039105381906, "O-": 0.0, "N+": 0.0, "NO2": 0.00020250019323776505, "NO+": 1.419102749766498e-06}}, "s8": {"state_name": "s8", "gmodel_type": "CEAGas", "rho": 0.013046, "p": 3412.5885578131947, "T": 907.64, "a": 592.5, "h": 647720.0, "u": 386150.0, "s": 9032.1, "gamma": 1.342155061960876, "R": 288.19792027729636, "Cp": 1130.5, "molecular_mass": 0.02885, "v": 3489.7573373879063, "M": 5.889885801498576, "Ht": 6736939.99993, "Ue": 3670.6784113920958, "total_p": 14545904.67909856, "total_T": 4610.44, "pitot_p": 153644.85519357826, "unit_Re": 1115921.7173283645, "k": 0.06151, "mu": 4.0798000000000005e-05, "composition_massf": {"e-": 0.0, "N-": 0.0, "O2+": 0.0, "N": 0.0, "N2": 0.76708, "O+": 0.0, "N2O": 0.0, "N2+": 0.0, "O": 0.0, "O2": 0.23291, "NO": 1.0641e-05, "O-": 0.0, "N+": 0.0, "NO2": 0.0, "NO+": 0.0}, "composition_moles": {"e-": 0.0, "N-": 0.0, "O2+": 0.0, "N": 0.0, "N2": 0.7899882913177266, "O+": 0.0, "N2O": 0.0, "N2+": 0.0, "O": 0.0, "O2": 0.20999079652986988, "NO": 1.0231014693678953e-05, "O-": 0.0, "N+": 0.0, "NO2": 0.0, "NO+": 0.0}}, "s10f": {"state_name": "s10f", "gmodel_type": "IdealGas", "rho": 0.07645288888129992, "p": 135181.2194729266, "T": 6135.240857164199, "a": 1540.4098920799802, "h": 6938343.885366994, "u": 5170180.229931975, "s": 3336.9941326140265, "gamma": 1.34199265340858, "R": 288.19792027729636, "Cp": 1130.9, "molecular_mass": 0.02885, "v": 595.4986608874469, "M": 0.3865845473657396, "Ht": null, "Ue": null, "total_p": 149251.85050354942, "total_T": 6292.026892675183, "pitot_p": 149251.85050354942}, "s10e": {"state_name": "s10e", "gmodel_type": "CEAGas", "rho": 0.11678116438208411, "p": 144540.0, "T": 3838.1979709174166, "a": 1210.2, "h": 6660930.0, "u": 5423220.0, "s": 10459.5, "gamma": 1.3202795982638198, "R": 322.46780949426005, "Cp": 1329.3, "molecular_mass": 0.025783999999999998, "v": 389.8520319133517, "M": 0.32213851587617887, "Ht": 6736939.99993, "Ue": 3670.6784113920958, "total_p": 153644.85519357826, "total_T": 3868.11, "pitot_p": 153644.85519357826, "unit_Re": 395340.17213930725, "k": 0.6488100000000001, "mu": 0.00011516, "composition_massf": {"e-": 0.0, "N-": 0.0, "O2+": 0.0, "N": 0.00035743, "N2": 0.73916, "O+": 0.0, "N2O": 5.8434e-06, "N2+": 0.0, "O": 0.13151, "O2": 0.069911, "NO": 0.059034, "O-": 0.0, "N+": 0.0, "NO2": 2.0987e-05, "NO+": 1.947e-06}, "composition_moles": {"e-": 0.0, "N-": 0.0, "O2+": 0.0, "N": 0.0006579690519537078, "N2": 0.6803351767368474, "O+": 0.0,