{"states_dict": {"s4": {"state_name": "s4", "gmodel_type": "CEAGas", "rho": 33.429, "p": 37310000.0, "T": 3861.0, "a": 1256.6, "h": 3288120.0, "u": 2172010.0, "s": 6232.3, "gamma": 1.4148350213656617, "R": 289.06963807669575, "Cp": 985.9, "molecular_mass": 0.028763, "v": 0.0, "M": 0.0, "Ht": 3287120.0, "Ue": 2564.028080969473, "total_p": 37307663.26738406, "total_T": 3861.0, "pitot_p": 37307663.26738406, "composition_massf": {"Ar": 0.83332, "O2": 0.14796, "H2": 0.018713}, "composition_moles": {"Ar": 0.5999995784519876, "O2": 0.1329979086715752, "H2": 0.26700102139016213}}, "s1": {"state_name": "s1", "gmodel_type": "CEAGas", "rho": 0.44848, "p": 38535.28593710528, "T": 298.15, "a": 346.7, "h": 7.000000000000001e-05, "u": -85925.0, "s": 7163.0, "gamma": 1.398557725608831, "R": 288.19792027729636, "Cp": 1011.3000000000001, "molecular_mass": 0.02885, "v": 0.0, "M": 0.0, "Ht": -10.11307, "Ue": null, "total_p": 38530.152453791445, "total_T": 298.14, "pitot_p": 38530.152453791445, "composition_massf": {"e-": 0.0, "N-": 0.0, "O2+": 0.0, "N": 0.0, "N2": 0.76708, "O+": 0.0, "N2O": 0.0, "N2+": 0.0, "O": 0.0, "O2": 0.23292, "NO": 0.0, "O-": 0.0, "N+": 0.0, "NO2": 0.0, "NO+": 0.0}, "composition_moles": {"e-": 0.0, "N-": 0.0, "O2+": 0.0, "N": 0.0, "N2": 0.7899882913177266, "O+": 0.0, "N2O": 0.0, "N2+": 0.0, "O": 0.0, "O2": 0.20999981249296848, "NO": 0.0, "O-": 0.0, "N+": 0.0, "NO2": 0.0, "NO+": 0.0}}, "s2": {"state_name": "s2", "gmodel_type": "CEAGas", "rho": 2.986211678457711, "p": 2209900.0, "T": 2565.5727191340047, "a": 960.2, "h": 2784360.0, "u": 2044330.0, "s": 8477.2, "gamma": 1.2400827041980063, "R": 288.44787510841286, "Cp": 1489.9, "molecular_mass": 0.028825, "v": 2028.4135204152615, "M": 2.112490648214186, "Ht": 4841589.99993, "Ue": 3111.7808405895166, "total_p": 20758048.770507798, "total_T": 3813.46, "pitot_p": 12805834.062747594, "unit_Re": 73515045.12901963, "k": 0.17043, "mu": 8.2395e-05, "composition_massf": {"e-": 0.0, "N-": 0.0, "O2+": 0.0, "N": 0.0, "N2": 0.75502, "O+": 0.0, "N2O": 9.8236e-06, "N2+": 0.0, "O": 0.0010384, "O2": 0.21806, "NO": 0.025718, "O-": 0.0, "N+": 0.0, "NO2": 0.00015041, "NO+": 0.0}, "composition_moles": {"e-": 0.0, "N-": 0.0, "O2+": 0.0, "N": 0.0, "N2": 0.7768943255727616, "O+": 0.0, "N2O": 6.433702695579468e-06, "N2+": 0.0, "O": 0.0018708126554745803, "O2": 0.19643172556470867, "NO": 0.0247056881767374, "O-": 0.0, "N+": 0.0, "NO2": 9.42402158437578e-05, "NO+": 0.0}}, "s3": {"state_name": "s3", "gmodel_type": "CEAGas", "rho": 4.6926, "p": 2209900.0000000014, "T": 1629.12, "a": 831.0, "h": 1162740.0, "u": 691800.0, "s": 6232.3, "gamma": 1.4662185206221443, "R": 289.06963807669575, "Cp": 909.1, "molecular_mass": 0.028763, "v": 2028.42464112757, "M": 2.440944213149904, "Ht": 3219000.0, "Ue": 2537.321422287685, "total_p": 35079409.71015518, "total_T": 3791.85, "pitot_p": 18696876.449211404, "composition_massf": {"Ar": 0.83332, "O2": 0.14796, "H2": 0.018713}, "composition_moles": {"Ar": 0.5999995784519876, "O2": 0.1329979086715752, "H2": 0.26700102139016213}}, "s5": {"state_name": "s5", "gmodel_type": "CEAGas", "rho": 13.847, "p": 17872954.48882408, "T": 4326.041143202391, "a": 1248.1, "h": 5972500.0, "u": 4681770.0, "s": 8799.0, "gamma": 1.1463762681660992, "R": 298.36401478451216, "Cp": 2336.7, "molecular_mass": 0.027867, "v": 0.0, "M": 0.0, "Ht": 5972489.99993, "Ue": 3456.1510383459804, "total_p": 17874890.025749438, "total_T": 4326.05, "pitot_p": 17874890.025749438, "composition_massf": {"e-": 0.0, "N-": 0.0, "O2+": 0.0, "N": 0.00016905, "N2": 0.7151, "O+": 0.0, "N2O": 0.00012979, "N2+": 0.0, "O": 0.039169, "O2": 0.13443, "NO": 0.11047, "O-": 0.0, "N+": 0.0, "NO2": 0.00053131, "NO+": 1.5576e-06}, "composition_moles": {"e-": 0.0, "N-": 0.0, "O2+": 0.0, "N": 0.00033633306560431795, "N2": 0.7113628370708304, "O+": 0.0, "N2O": 8.217741043514614e-05, "N2+": 0.0, "O": 0.06822271603935148, "O2": 0.1170719155093316, "NO": 0.10259472207317845, "O-": 0.0, "N+": 0.0, "NO2": 0.0003218314281988024, "NO+": 1.4465869539061362e-06}}, "s5d": {"state_name": "s5d", "gmodel_type": "CEAGas", "rho": 18.726, "p": 27973733.49658409, "T": 5167.728127709366, "a": 1445.4, "h": 4595820.0, "u": 3101980.0, "s": 6607.1, "gamma": 1.398590093925585, "R": 289.06963807669575, "Cp": 1014.3, "molecular_mass": 0.028763, "v": 0.0, "M": 0.0, "Ht": 4594830.0, "Ue": 3031.445199900536, "total_p": 27969619.906450365, "total_T": 5167.74, "pitot_p": 27969619.906450365, "composition_massf": {"Ar": 0.83332, "O2": 0.14796, "H2": 0.018713}, "composition_moles": {"Ar": 0.5999995784519876, "O2": 0.1329979086715752, "H2": 0.26700102139016213}}, "s6": {"state_name": "s6", "gmodel_type": "CEAGas", "rho": 8.6701, "p": 10169341.100469807, "T": 3966.96, "a": 1187.6, "h": 5278370.0, "u": 4105450.0, "s": 8799.0, "gamma": 1.1495596375609074, "R": 295.6690729348174, "Cp": 2272.6000000000004, "molecular_mass": 0.028121, "v": 1187.600456808297, "M": 1.0000003846482797, "Ht": 5983569.99993, "Ue": 3459.3554312703977, "total_p": 18028768.009651314, "total_T": 4331.79, "pitot_p": 18031416.110108472, "composition_massf": {"e-": 0.0, "N-": 0.0, "O2+": 0.0, "N": 6.6068e-05, "N2": 0.72264, "O+": 0.0, "N2O": 8.2072e-05, "N2+": 0.0, "O": 0.028876, "O2": 0.15324, "NO": 0.094679, "O-": 0.0, "N+": 0.0, "NO2": 0.00041533, "NO+": 0.0}, "composition_moles": {"e-": 0.0, "N-": 0.0, "O2+": 0.0, "N": 0.00013264353687877944, "N2": 0.7254156739274774, "O+": 0.0, "N2O": 5.243807964955649e-05, "N2+": 0.0, "O": 0.05075327799792492, "O2": 0.13466948885583208, "NO": 0.08873089668434085, "O-": 0.0, "N+": 0.0, "NO2": 0.00025387170946951994, "NO+": 0.0}}, "s8": {"state_name": "s8", "gmodel_type": "CEAGas", "rho": 0.017725, "p": 3890.7149265470875, "T": 761.66, "a": 545.6, "h": 485040.0, "u": 265540.0, "s": 8799.0, "gamma": 1.3561947589803105, "R": 288.19792027729636, "Cp": 1097.3, "molecular_mass": 0.02885, "v": 3316.1807618118883, "M": 6.078043918276921, "Ht": 5983569.99993, "Ue": 3459.3554312703977, "total_p": 18028724.853955787, "total_T": 4331.79, "pitot_p": 187807.52589074324, "unit_Re": 1622975.5088250192, "k": 0.053669999999999995, "mu": 3.6217e-05, "composition_massf": {"e-": 0.0, "N-": 0.0, "O2+": 0.0, "N": 0.0, "N2": 0.76708, "O+": 0.0, "N2O": 0.0, "N2+": 0.0, "O": 0.0, "O2": 0.23292, "NO": 1.0447e-06, "O-": 0.0, "N+": 0.0, "NO2": 0.0, "NO+": 0.0}, "composition_moles": {"e-": 0.0, "N-": 0.0, "O2+": 0.0, "N": 0.0, "N2": 0.7899882913177266, "O+": 0.0, "N2O": 0.0, "N2+": 0.0, "O": 0.0, "O2": 0.20999981249296848, "NO": 1.0044489287178273e-06, "O-": 0.0, "N+": 0.0, "NO2": 0.0, "NO+": 0.0}}, "s10f": {"state_name": "s10f", "gmodel_type": "IdealGas", "rho": 0.10177686228536673, "p": 164864.05465476133, "T": 5620.643968716682, "a": 1482.1750225706016, "h": 6167532.626872815, "u": 4547674.724469538, "s": 3082.0451497534214, "gamma": 1.3561947589803105, "R": 288.19792027729636, "Cp": 1097.3, "molecular_mass": 0.02885, "v": 577.5193739309931, "M": 0.3896431697583027, "Ht": null, "Ue": null, "total_p": 182491.56331594128, "total_T": 5772.620924547197, "pitot_p": 182491.56331594128}, "s10e": {"state_name": "s10e", "gmodel_type": "CEAGas", "rho": 0.1529372070542554, "p": 176220.0, "T": 3672.2817555925535, "a": 1162.6, "h": 5909720.0, "u": 4757460.0, "s": 10196.400000000001, "gamma": 1.3103735997373491, "R": 313.76693460130576, "Cp": 1324.7, "molecular_mass": 0.026498999999999998, "v": 384.33619349582744, "M": 0.33058334207451184, "Ht": 5983569.99993, "Ue": 3459.3554312703977, "total_p": 187807.52589074324, "total_T": 3700.59, "pitot_p": 187807.52589074324, "unit_Re": 533242.3478464639, "k": 0.67542, "mu": 0.00011023000000000001, "composition_massf": {"e-": 0.0, "N-": 0.0, "O2+": 0.0, "N": 0.00016066, "N2": 0.73773, "O+": 0.0, "N2O": 6.8238e-06, "N2+": 0.0, "O": 0.098259, "O2": 0.10131, "NO": 0.062503, "O-": 0.0, "N+": 0.0, "NO2": 3.2123e-05, "NO+": 0.0}, "composition_moles": {"e-": 0.0, "N-": 0.0, "O2+": 0.0, "N": 0.0003039494913148707, "N2": 0.6978484321788857, "O+": 0.0, "N2O": 4.108438367929329e-06, "N2+": 0.0,