{"states_dict": {"s4": {"state_name": "s4", "gmodel_type": "CEAGas", "rho": 33.429, "p": 37310000.0, "T": 3861.0, "a": 1256.6, "h": 3288120.0, "u": 2172010.0, "s": 6232.3, "gamma": 1.4148350213656617, "R": 289.06963807669575, "Cp": 985.9, "molecular_mass": 0.028763, "v": 0.0, "M": 0.0, "Ht": 3287120.0, "Ue": 2564.028080969473, "total_p": 37307663.26738406, "total_T": 3861.0, "pitot_p": 37307663.26738406, "composition_massf": {"Ar": 0.83332, "O2": 0.14796, "H2": 0.018713}, "composition_moles": {"Ar": 0.5999995784519876, "O2": 0.1329979086715752, "H2": 0.26700102139016213}}, "s1": {"state_name": "s1", "gmodel_type": "CEAGas", "rho": 5.529, "p": 475081.0162102793, "T": 298.15, "a": 346.7, "h": 7.000000000000001e-05, "u": -85925.0, "s": 6439.099999999999, "gamma": 1.398557725608831, "R": 288.19792027729636, "Cp": 1011.3000000000001, "molecular_mass": 0.02885, "v": 0.0, "M": 0.0, "Ht": -10.11307, "Ue": null, "total_p": 474993.71088210336, "total_T": 298.14, "pitot_p": 474993.71088210336, "composition_massf": {"e-": 0.0, "N-": 0.0, "O2+": 0.0, "N": 0.0, "N2": 0.76708, "O+": 0.0, "N2O": 0.0, "N2+": 0.0, "O": 0.0, "O2": 0.23292, "NO": 0.0, "O-": 0.0, "N+": 0.0, "NO2": 0.0, "NO+": 0.0}, "composition_moles": {"e-": 0.0, "N-": 0.0, "O2+": 0.0, "N": 0.0, "N2": 0.7899882913177266, "O+": 0.0, "N2O": 0.0, "N2+": 0.0, "O": 0.0, "O2": 0.20999981249296848, "NO": 0.0, "O-": 0.0, "N+": 0.0, "NO2": 0.0, "NO+": 0.0}}, "s2": {"state_name": "s2", "gmodel_type": "CEAGas", "rho": 27.31883355467424, "p": 9174300.0, "T": 1165.2840156623806, "a": 666.4, "h": 945910.0, "u": 610080.0, "s": 7045.3, "gamma": 1.322425643062814, "R": 288.18793109424286, "Cp": 1182.0, "molecular_mass": 0.028850999999999998, "v": 1120.2449194720894, "M": 1.6810397951261846, "Ht": 1573389.99993, "Ue": 1773.9165707157706, "total_p": 43030146.0332613, "total_T": 1677.05, "pitot_p": 36757730.68991255, "unit_Re": 634249036.2166843, "k": 0.07514, "mu": 4.8252000000000005e-05, "composition_massf": {"e-": 0.0, "N-": 0.0, "O2+": 0.0, "N": 0.0, "N2": 0.76699, "O+": 0.0, "N2O": 0.0, "N2+": 0.0, "O": 0.0, "O2": 0.2328, "NO": 0.00015493, "O-": 0.0, "N+": 0.0, "NO2": 4.5883e-05, "NO+": 0.0}, "composition_moles": {"e-": 0.0, "N-": 0.0, "O2+": 0.0, "N": 0.0, "N2": 0.789922982929598, "O+": 0.0, "N2O": 0.0, "N2+": 0.0, "O": 0.0, "O2": 0.20989889620860783, "NO": 0.00014896589126877534, "O-": 0.0, "N+": 0.0, "NO2": 2.8774177717881558e-05, "NO+": 0.0}}, "s3": {"state_name": "s3", "gmodel_type": "CEAGas", "rho": 12.504, "p": 9174299.999999993, "T": 2538.08, "a": 1027.5, "h": 2007620.0, "u": 1273930.0, "s": 6232.3, "gamma": 1.4389617469306026, "R": 289.06963807669575, "Cp": 947.6, "molecular_mass": 0.028763, "v": 1120.2380322160673, "M": 1.0902559924243964, "Ht": 2634090.0, "Ue": 2295.2516201933067, "total_p": 19627516.498462345, "total_T": 3192.83, "pitot_p": 19613915.941052828, "composition_massf": {"Ar": 0.83332, "O2": 0.14796, "H2": 0.018713}, "composition_moles": {"Ar": 0.5999995784519876, "O2": 0.1329979086715752, "H2": 0.26700102139016213}}, "s5": {"state_name": "s5", "gmodel_type": "CEAGas", "rho": 96.153, "p": 57039723.566292636, "T": 2058.7422190951743, "a": 869.5, "h": 2070860.0000000002, "u": 1477640.0, "s": 7231.099999999999, "gamma": 1.2747270121470198, "R": 288.14798128573904, "Cp": 1337.0, "molecular_mass": 0.028855, "v": 0.0, "M": 0.0, "Ht": 2070859.9999300002, "Ue": 2035.1216179530893, "total_p": 57040683.61209724, "total_T": 2058.74, "pitot_p": 57040683.61209724, "composition_massf": {"e-": 0.0, "N-": 0.0, "O2+": 0.0, "N": 0.0, "N2": 0.76261, "O+": 0.0, "N2O": 1.8078e-05, "N2+": 0.0, "O": 1.0901e-05, "O2": 0.22763, "NO": 0.0091989, "O-": 0.0, "N+": 0.0, "NO2": 0.00052663, "NO+": 0.0}, "composition_moles": {"e-": 0.0, "N-": 0.0, "O2+": 0.0, "N": 0.0, "N2": 0.785520913205823, "O+": 0.0, "N2O": 1.1852022366220735e-05, "N2+": 0.0, "O": 1.966000943785392e-05, "O2": 0.20526593653512007, "NO": 0.008846009961307867, "O-": 0.0, "N+": 0.0, "NO2": 0.00033030634706719854, "NO+": 0.0}}, "s5d": {"state_name": "s5d", "gmodel_type": "CEAGas", "rho": 30.334, "p": 35868772.427518636, "T": 4090.544322055716, "a": 1291.9, "h": 3515070.0, "u": 2332610.0, "s": 6300.8, "gamma": 1.411586418227869, "R": 289.06963807669575, "Cp": 991.4, "molecular_mass": 0.028763, "v": 0.0, "M": 0.0, "Ht": 3514070.0, "Ue": 2651.063937365525, "total_p": 35864834.63132096, "total_T": 4090.55, "pitot_p": 35864834.63132096, "composition_massf": {"Ar": 0.83332, "O2": 0.14796, "H2": 0.018713}, "composition_moles": {"Ar": 0.5999995784519876, "O2": 0.1329979086715752, "H2": 0.26700102139016213}}, "s6": {"state_name": "s6", "gmodel_type": "CEAGas", "rho": 59.79, "p": 31039886.873497028, "T": 1801.55, "a": 817.4, "h": 1732790.0, "u": 1213640.0, "s": 7231.099999999999, "gamma": 1.2872395834898733, "R": 288.16795480539287, "Cp": 1291.4, "molecular_mass": 0.028853, "v": 822.2773254808869, "M": 1.0059668772704757, "Ht": 2070859.9999300002, "Ue": 2035.1216179530893, "total_p": 57041186.29137722, "total_T": 2058.74, "pitot_p": 57041719.15667102, "composition_massf": {"e-": 0.0, "N-": 0.0, "O2+": 0.0, "N": 0.0, "N2": 0.76497, "O+": 0.0, "N2O": 6.4358e-06, "N2+": 0.0, "O": 1.7707e-06, "O2": 0.2304, "NO": 0.0043217, "O-": 0.0, "N+": 0.0, "NO2": 0.00029266, "NO+": 0.0}, "composition_moles": {"e-": 0.0, "N-": 0.0, "O2+": 0.0, "N": 0.0, "N2": 0.787897199554499, "O+": 0.0, "N2O": 4.219048490439145e-06, "N2+": 0.0, "O": 3.193245190444642e-06, "O2": 0.2077493906021476, "NO": 0.004155622026854541, "O-": 0.0, "N+": 0.0, "NO2": 0.00018354585821260503, "NO+": 0.0}}, "s8": {"state_name": "s8", "gmodel_type": "CEAGas", "rho": 0.13486, "p": 7881.075577991859, "T": 202.77, "a": 286.0, "h": -96323.0, "u": -154760.0, "s": 7231.099999999999, "gamma": 1.3997740170040183, "R": 288.19792027729636, "Cp": 1009.1000000000001, "molecular_mass": 0.02885, "v": 2081.914023200766, "M": 7.279419661541141, "Ht": 2070869.99993, "Ue": 2035.1265316584127, "total_p": 57041624.60883338, "total_T": 2058.75, "pitot_p": 548378.7864674022, "unit_Re": 20411990.197663054, "k": 0.01913, "mu": 1.3755000000000001e-05, "composition_massf": {"e-": 0.0, "N-": 0.0, "O2+": 0.0, "N": 0.0, "N2": 0.76708, "O+": 0.0, "N2O": 0.0, "N2+": 0.0, "O": 0.0, "O2": 0.23292, "NO": 0.0, "O-": 0.0, "N+": 0.0, "NO2": 0.0, "NO+": 0.0}, "composition_moles": {"e-": 0.0, "N-": 0.0, "O2+": 0.0, "N": 0.0, "N2": 0.7899882913177266, "O+": 0.0, "N2O": 0.0, "N2+": 0.0, "O": 0.0, "O2": 0.20999981249296848, "NO": 0.0, "O-": 0.0, "N+": 0.0, "NO2": 0.0, "NO+": 0.0}}, "s10f": {"state_name": "s10f", "gmodel_type": "IdealGas", "rho": 0.7397152637393182, "p": 485852.21727463795, "T": 2279.023305134767, "a": 958.8457955706485, "h": 2299762.417211494, "u": 1642952.640408164, "s": 1600.6432841859505, "gamma": 1.3997740170040183, "R": 288.19792027729636, "Cp": 1009.1000000000003, "molecular_mass": 0.02885, "v": 379.5676218765414, "M": 0.3958588791127202, "Ht": null, "Ue": null, "total_p": 541258.5781347972, "total_T": 2350.4094807253987, "pitot_p": 541258.5781347972}, "s10e": {"state_name": "s10e", "gmodel_type": "CEAGas", "rho": 0.8610694885827135, "p": 500860.00000000006, "T": 2018.2134484995381, "a": 861.2, "h": 2017700.0, "u": 1436020.0, "s": 8569.599999999999, "gamma": 1.2962383116899938, "R": 288.20791015286494, "Cp": 1261.1000000000001, "molecular_mass": 0.028849, "v": 326.0676738540424, "M": 0.37862015078267813, "Ht": 2070859.9999300002, "Ue": 2035.1216179530893, "total_p": 548378.7864674022, "total_T": 2057.84, "pitot_p": 548378.7864674022, "unit_Re": 4022564.0443688254, "k": 0.125, "mu": 6.979800000000001e-05, "composition_massf": {"e-": 0.0, "N-": 0.0, "O2+": 0.0, "N": 0.0, "N2": 0.7632, "O+": 0.0, "N2O": 1.5293e-06, "N2+": 0.0, "O": 8.6372e-05, "O2": 0.22838, "NO": 0.0082797, "O-": 0.0, "N+": 0.0, "NO2": 4.7485e-05, "NO+": 0.0}, "composition_moles": {"e-": 0.0, "N-": 0.0, "O2+": 0.0, "N": 0.0, "N2": 0.7859651738096768, "O+": 0.0, "N2O": 1.0024078381743492e-06, "N2+": 0.0, "O": 0.0001557399544982937, "O2": 0.2058994281035539,