{"states_dict": {"s4": {"state_name": "s4", "gmodel_type": "CEAGas", "rho": 19.22, "p": 21130708.8472575, "T": 3619.8701108782384, "a": 1240.6, "h": 3291270.0, "u": 2191860.0, "s": 6725.3, "gamma": 1.3998438848230168, "R": 303.7152980713033, "Cp": 1063.3, "molecular_mass": 0.027376, "v": 0.0, "M": 0.0, "Ht": 3290270.0, "Ue": 2565.2563224753976, "total_p": 21133972.02717442, "total_T": 3619.87, "pitot_p": 21133972.02717442, "composition_massf": {"Ar": 0.80258, "O2": 0.17533, "H2": 0.022091}, "composition_moles": {"Ar": 0.5500007529788725, "O2": 0.15000044001650065, "H2": 0.2999996110879616}}, "s1": {"state_name": "s1", "gmodel_type": "CEAGas", "rho": 0.23336, "p": 20051.66130584645, "T": 298.15, "a": 346.7, "h": 7.000000000000001e-05, "u": -85925.0, "s": 7351.3, "gamma": 1.398557725608831, "R": 288.19792027729636, "Cp": 1011.3000000000001, "molecular_mass": 0.02885, "v": 0.0, "M": 0.0, "Ht": -10.11307, "Ue": null, "total_p": 20046.87474569685, "total_T": 298.14, "pitot_p": 20046.87474569685, "composition_massf": {"e-": 0.0, "N-": 0.0, "O2+": 0.0, "N": 0.0, "N2": 0.76708, "O+": 0.0, "N2O": 0.0, "N2+": 0.0, "O": 0.0, "O2": 0.23292, "NO": 0.0, "O-": 0.0, "N+": 0.0, "NO2": 0.0, "NO+": 0.0}, "composition_moles": {"e-": 0.0, "N-": 0.0, "O2+": 0.0, "N": 0.0, "N2": 0.7899882913177266, "O+": 0.0, "N2O": 0.0, "N2+": 0.0, "O": 0.0, "O2": 0.20999981249296848, "NO": 0.0, "O-": 0.0, "N+": 0.0, "NO2": 0.0, "NO+": 0.0}}, "s2": {"state_name": "s2", "gmodel_type": "CEAGas", "rho": 1.570313799852937, "p": 1187000.0, "T": 2618.788499415441, "a": 967.7, "h": 2871830.0, "u": 2115920.0, "s": 8690.2, "gamma": 1.2294041146652788, "R": 288.64815136261063, "Cp": 1546.8999999999999, "molecular_mass": 0.028805, "v": 2063.3555554188406, "M": 2.1322264704131864, "Ht": 5000549.99993, "Ue": 3162.451580634872, "total_p": 11558445.648539932, "total_T": 3851.72, "pitot_p": 6972477.254914006, "unit_Re": 38753656.380698346, "k": 0.18295, "mu": 8.3608e-05, "composition_massf": {"e-": 0.0, "N-": 0.0, "O2+": 0.0, "N": 0.0, "N2": 0.75401, "O+": 0.0, "N2O": 7.8161e-06, "N2+": 0.0, "O": 0.0018012, "O2": 0.21615, "NO": 0.027912, "O-": 0.0, "N+": 0.0, "NO2": 0.00011309, "NO+": 0.0}, "composition_moles": {"e-": 0.0, "N-": 0.0, "O2+": 0.0, "N": 0.0, "N2": 0.7753167430586789, "O+": 0.0, "N2O": 5.115392806183656e-06, "N2+": 0.0, "O": 0.0032428444816680626, "O2": 0.1945760700401265, "NO": 0.0267947237395063, "O-": 0.0, "N+": 0.0, "NO2": 7.080800013041918e-05, "NO+": 0.0}}, "s3": {"state_name": "s3", "gmodel_type": "CEAGas", "rho": 2.5497, "p": 1187000.0000000005, "T": 1532.81, "a": 822.5, "h": 1154010.0, "u": 688470.0, "s": 6725.3, "gamma": 1.4531814844433986, "R": 303.7152980713033, "Cp": 973.9, "molecular_mass": 0.027376, "v": 2063.2622927900125, "M": 2.5085255839392246, "Ht": 3281530.0, "Ue": 2561.8469899664187, "total_p": 20966513.224951956, "total_T": 3611.65, "pitot_p": 10508172.377452638, "composition_massf": {"Ar": 0.80258, "O2": 0.17533, "H2": 0.022091}, "composition_moles": {"Ar": 0.5500007529788725, "O2": 0.15000044001650065, "H2": 0.2999996110879616}}, "s5": {"state_name": "s5", "gmodel_type": "CEAGas", "rho": 7.4234, "p": 9665107.761632068, "T": 4318.723731655104, "a": 1251.5, "h": 6142360.0, "u": 4840380.0, "s": 9022.7, "gamma": 1.1341094515685697, "R": 301.46881798404644, "Cp": 2549.4, "molecular_mass": 0.027579999999999997, "v": 0.0, "M": 0.0, "Ht": 6142349.99993, "Ue": 3504.9536373338806, "total_p": 9664292.61841629, "total_T": 4318.71, "pitot_p": 9664292.61841629, "composition_massf": {"e-": 0.0, "N-": 0.0, "O2+": 0.0, "N": 0.00022616, "N2": 0.7171, "O+": 0.0, "N2O": 9.1364e-05, "N2+": 0.0, "O": 0.051005, "O2": 0.12499, "NO": 0.10622, "O-": 0.0, "N+": 0.0, "NO2": 0.00036117, "NO+": 1.9372e-06}, "composition_moles": {"e-": 0.0, "N-": 0.0, "O2+": 0.0, "N": 0.00044532208157524607, "N2": 0.7060056258790435, "O+": 0.0, "N2O": 5.725196124763705e-05, "N2+": 0.0, "O": 0.08792316586872008, "O2": 0.1077297961173544, "NO": 0.09763173488057426, "O-": 0.0, "N+": 0.0, "NO2": 0.00021651908141417873, "NO+": 1.7806030386763695e-06}}, "s5d": {"state_name": "s5d", "gmodel_type": "CEAGas", "rho": 10.483, "p": 15529232.275836302, "T": 4877.343606314398, "a": 1431.2, "h": 4650620.0, "u": 3169300.0, "s": 7141.0, "gamma": 1.3826649264289192, "R": 303.7152980713033, "Cp": 1097.3999999999999, "molecular_mass": 0.027376, "v": 0.0, "M": 0.0, "Ht": 4649630.0, "Ue": 3049.4688062021555, "total_p": 15527138.751199525, "total_T": 4877.35, "pitot_p": 15527138.751199525, "composition_massf": {"Ar": 0.80258, "O2": 0.17533, "H2": 0.022091}, "composition_moles": {"Ar": 0.5500007529788725, "O2": 0.15000044001650065, "H2": 0.2999996110879616}}, "s6": {"state_name": "s6", "gmodel_type": "CEAGas", "rho": 4.6565, "p": 5523409.073535302, "T": 3976.43, "a": 1191.6, "h": 5447010.0, "u": 4260820.0, "s": 9022.7, "gamma": 1.1352158830986272, "R": 298.2997883256198, "Cp": 2504.4, "molecular_mass": 0.027873000000000002, "v": 1191.6004410144326, "M": 1.0000003701027464, "Ht": 6156969.99993, "Ue": 3509.12239738941, "total_p": 9773173.505472187, "total_T": 4325.94, "pitot_p": 9774352.69162859, "composition_massf": {"e-": 0.0, "N-": 0.0, "O2+": 0.0, "N": 9.3319e-05, "N2": 0.72365, "O+": 0.0, "N2O": 5.8968e-05, "N2+": 0.0, "O": 0.038922, "O2": 0.14441, "NO": 0.092574, "O-": 0.0, "N+": 0.0, "NO2": 0.00028824, "NO+": 0.0}, "composition_moles": {"e-": 0.0, "N-": 0.0, "O2+": 0.0, "N": 0.00018570259140268588, "N2": 0.7200231478506715, "O+": 0.0, "N2O": 3.73440241020794e-05, "N2+": 0.0, "O": 0.06780709939122717, "O2": 0.12579033995024816, "NO": 0.08599301815297557, "O-": 0.0, "N+": 0.0, "NO2": 0.00017463376161545903, "NO+": 0.0}}, "s8": {"state_name": "s8", "gmodel_type": "CEAGas", "rho": 0.0094414, "p": 2182.695021164248, "T": 802.18, "a": 559.1, "h": 529700.0, "u": 298520.0, "s": 9022.7, "gamma": 1.35201806299907, "R": 288.19792027729636, "Cp": 1106.9, "molecular_mass": 0.02885, "v": 3354.777430922324, "M": 6.000317350961052, "Ht": 6156969.99993, "Ue": 3509.12239738941, "total_p": 9773201.479545057, "total_T": 4325.94, "pitot_p": 102592.17239567, "unit_Re": 844206.8188467184, "k": 0.05586, "mu": 3.7519000000000004e-05, "composition_massf": {"e-": 0.0, "N-": 0.0, "O2+": 0.0, "N": 0.0, "N2": 0.76708, "O+": 0.0, "N2O": 0.0, "N2+": 0.0, "O": 0.0, "O2": 0.23292, "NO": 2.1654e-06, "O-": 0.0, "N+": 0.0, "NO2": 0.0, "NO+": 0.0}, "composition_moles": {"e-": 0.0, "N-": 0.0, "O2+": 0.0, "N": 0.0, "N2": 0.7899882913177266, "O+": 0.0, "N2O": 0.0, "N2+": 0.0, "O": 0.0, "O2": 0.20999981249296848, "NO": 2.0819696661678794e-06, "O-": 0.0, "N+": 0.0, "NO2": 0.0, "NO+": 0.0}}, "s10f": {"state_name": "s10f", "gmodel_type": "IdealGas", "rho": 0.05448984864522279, "p": 90028.96156313772, "T": 5732.9188817557515, "a": 1494.5748212195201, "h": 6346341.202103617, "u": 4694125.903263166, "s": 3306.7818893094754, "gamma": 1.35197507116115, "R": 288.19792027729636, "Cp": 1106.9999999999998, "molecular_mass": 0.02885, "v": 581.2707861389198, "M": 0.3889204995870487, "Ht": null, "Ue": null, "total_p": 99588.17895937228, "total_T": 5885.527611122763, "pitot_p": 99588.17895937228}, "s10e": {"state_name": "s10e", "gmodel_type": "CEAGas", "rho": 0.08359540301560629, "p": 96440.0, "T": 3630.3460105224885, "a": 1162.6, "h": 6085190.0, "u": 4931540.0, "s": 10434.8, "gamma": 1.315633118541354, "R": 317.7843601895735, "Cp": 1324.6, "molecular_mass": 0.026164, "v": 378.89398811076853, "M": 0.32590227774881175, "Ht": 6156969.99993, "Ue": 3509.12239738941, "total_p": 102592.17239567, "total_T": 3657.08, "pitot_p": 102592.17239567, "unit_Re": 288258.06003194425, "k": 0.6908000000000001, "mu": 0.00010988000000000001, "composition_massf": {"e-": 0.0, "N-": 0.0, "O2+": 0.0, "N": 0.00018231, "N2": 0.74041, "O+": 0.0, "N2O": 4.5448e-06, "N2+": 0.0, "O": 0.11367, "O2": 0.088991, "NO": 0.05672, "O-": 0.0, "N+": 0.0, "NO2": 2.0469e-05, "NO+": 0.0}, "composition_moles": {"e-": 0.0, "N-": 0.0, "O2+": 0.0, "N": 0.0003405483689948382, "N2": 0.6915293124004941, "O+": 0.0,