driver_condition,area_ratio,test_gas_gas_model,test_gas_name,p1,vs1,Ht,h,Ue,pitot_p,total_p,p2,T2,rho2,v2,M2,a2,gamma2,R2,Ht2,h2,p3,T3,rho3,v3,M3,a3,p5,T5,rho5,v5,M5,a5,p5d,T5d,rho5d,v5d,M5d,a5d,p8,T8,rho8,v8,M8,a8,gamma8,R8,unit_Re8,p10f,T10f,rho10f,v10f,M10f,a10f,p10e,T10e,rho10e,v10e,M10e,a10e,unit_Re10e,s2 Xe-,s2 XN-,s2 XO2+,s2 XN,s2 XN2,s2 XO+,s2 XN2O,s2 XN2+,s2 XO,s2 XO2,s2 XNO,s2 XO-,s2 XN+,s2 XNO2,s2 XNO+,s8 Xe-,s8 XN-,s8 XO2+,s8 XN,s8 XN2,s8 XO+,s8 XN2O,s8 XN2+,s8 XO,s8 XO2,s8 XNO,s8 XO-,s8 XN+,s8 XNO2,s8 XNO+,s10e Xe-,s10e XN-,s10e XO2+,s10e XN,s10e XN2,s10e XO+,s10e XN2O,s10e XN2+,s10e XO,s10e XO2,s10e XNO,s10e XO-,s10e XN+,s10e XNO2,s10e XNO+
custom_from_dict,175.0,CEAGas,n2-o2-with-ions,20051.66130584645,2423.5061099596974,6156969.99993,529700.0,3509.12239738941,102592.17239567,9773201.479545057,1187000.0,2618.788499415441,1.570313799852937,2063.3555554188406,2.1322264704131864,967.7,1.2294041146652788,288.64815136261063,5000549.99993,2871830.0,1187000.0000000005,1532.81,2.5497,2063.2622927900125,2.5085255839392246,822.5,9665107.761632068,4318.723731655104,7.4234,0.0,0.0,1251.5,15529232.275836302,4877.343606314398,10.483,0.0,0.0,1431.2,2182.695021164248,802.18,0.0094414,3354.777430922324,6.000317350961052,559.1,1.35201806299907,288.19792027729636,844206.8188467184,90028.96156313772,5732.9188817557515,0.05448984864522279,581.2707861389198,0.3889204995870487,1494.5748212195201,96440.0,3630.3460105224885,0.08359540301560629,378.89398811076853,0.32590227774881175,1162.6,288258.06003194425,0.0,0.0,0.0,0.0,0.7753167430586789,0.0,5.115392806183656e-06,0.0,0.0032428444816680626,0.1945760700401265,0.0267947237395063,0.0,0.0,7.080800013041918e-05,0.0,0.0,0.0,0.0,0.0,0.7899882913177266,0.0,0.0,0.0,0.0,0.20999981249296848,2.0819696661678794e-06,0.0,0.0,0.0,0.0,0.0,0.0,0.0,0.0003405483689948382,0.6915293124004941,0.0,2.7017173913043482e-06,0.0,0.1858858382189332,0.07276399502481344,0.04945734633957762,0.0,0.0,1.1641019356381302e-05,0.0