{"states_dict": {"s4": {"state_name": "s4", "gmodel_type": "CEAGas", "rho": 16.1, "p": 19355889.6255268, "T": 3958.4495590268075, "a": 1294.9, "h": 3653000.0, "u": 2450750.0, "s": 6847.5, "gamma": 1.3946483048716358, "R": 303.7152980713033, "Cp": 1073.3, "molecular_mass": 0.027376, "v": 0.0, "M": 0.0, "Ht": 3652000.0, "Ue": 2702.591349057419, "total_p": 19356693.50589892, "total_T": 3958.45, "pitot_p": 19356693.50589892, "composition_massf": {"Ar": 0.80258, "O2": 0.17533, "H2": 0.022091}, "composition_moles": {"Ar": 0.5500007529788725, "O2": 0.15000044001650065, "H2": 0.2999996110879616}}, "s1": {"state_name": "s1", "gmodel_type": "CEAGas", "rho": 0.23336, "p": 20051.66130584645, "T": 298.15, "a": 346.7, "h": 7.000000000000001e-05, "u": -85925.0, "s": 7351.3, "gamma": 1.398557725608831, "R": 288.19792027729636, "Cp": 1011.3000000000001, "molecular_mass": 0.02885, "v": 0.0, "M": 0.0, "Ht": -10.11307, "Ue": null, "total_p": 20046.87474569685, "total_T": 298.14, "pitot_p": 20046.87474569685, "composition_massf": {"e-": 0.0, "N-": 0.0, "O2+": 0.0, "N": 0.0, "N2": 0.76708, "O+": 0.0, "N2O": 0.0, "N2+": 0.0, "O": 0.0, "O2": 0.23292, "NO": 0.0, "O-": 0.0, "N+": 0.0, "NO2": 0.0, "NO+": 0.0}, "composition_moles": {"e-": 0.0, "N-": 0.0, "O2+": 0.0, "N": 0.0, "N2": 0.7899882913177266, "O+": 0.0, "N2O": 0.0, "N2+": 0.0, "O": 0.0, "O2": 0.20999981249296848, "NO": 0.0, "O-": 0.0, "N+": 0.0, "NO2": 0.0, "NO+": 0.0}}, "s2": {"state_name": "s2", "gmodel_type": "CEAGas", "rho": 1.5836546078796014, "p": 1222100.0, "T": 2672.378029798412, "a": 976.3, "h": 2955090.0, "u": 2183400.0, "s": 8713.300000000001, "gamma": 1.2240370722666365, "R": 288.76845066509225, "Cp": 1577.7, "molecular_mass": 0.028793, "v": 2095.73002189229, "M": 2.1466045497206703, "Ht": 5151129.99993, "Ue": 3209.7133828209644, "total_p": 12189027.597806407, "total_T": 3925.58, "pitot_p": 7253013.568175498, "unit_Re": 39132120.147163086, "k": 0.19094, "mu": 8.4813e-05, "composition_massf": {"e-": 0.0, "N-": 0.0, "O2+": 0.0, "N": 0.0, "N2": 0.75293, "O+": 0.0, "N2O": 8.5921e-06, "N2+": 0.0, "O": 0.0022396, "O2": 0.21448, "NO": 0.030218, "O-": 0.0, "N+": 0.0, "NO2": 0.00011773, "NO+": 0.0}, "composition_moles": {"e-": 0.0, "N-": 0.0, "O2+": 0.0, "N": 0.0, "N2": 0.7738836945890181, "O+": 0.0, "N2O": 5.620917898883961e-06, "N2+": 0.0, "O": 0.004030451316924385, "O2": 0.1929923197119892, "NO": 0.02899633321224684, "O-": 0.0, "N+": 0.0, "NO2": 7.368249209333668e-05, "NO+": 0.0}}, "s3": {"state_name": "s3", "gmodel_type": "CEAGas", "rho": 2.2966, "p": 1222100.0, "T": 1752.05, "a": 876.8, "h": 1368970.0, "u": 836840.0, "s": 6847.5, "gamma": 1.4446231883304663, "R": 303.7152980713033, "Cp": 986.8, "molecular_mass": 0.027376, "v": 2095.728079857682, "M": 2.390200821005568, "Ht": 3564010.0, "Ue": 2669.835200906603, "total_p": 17976753.27369086, "total_T": 3876.38, "pitot_p": 9834393.736867385, "composition_massf": {"Ar": 0.80258, "O2": 0.17533, "H2": 0.022091}, "composition_moles": {"Ar": 0.5500007529788725, "O2": 0.15000044001650065, "H2": 0.2999996110879616}}, "s5": {"state_name": "s5", "gmodel_type": "CEAGas", "rho": 7.5425, "p": 10025098.644888544, "T": 4392.227488761376, "a": 1265.1, "h": 6317980.0, "u": 4988830.0, "s": 9051.9, "gamma": 1.132975010957211, "R": 302.6099141068569, "Cp": 2578.3, "molecular_mass": 0.027476, "v": 0.0, "M": 0.0, "Ht": 6317979.99993, "Ue": 3554.709552109708, "total_p": 10026755.30738147, "total_T": 4392.25, "pitot_p": 10026755.30738147, "composition_massf": {"e-": 0.0, "N-": 0.0, "O2+": 0.0, "N": 0.00027889, "N2": 0.71611, "O+": 0.0, "N2O": 9.5196e-05, "N2+": 0.0, "O": 0.055337, "O2": 0.11959, "NO": 0.10823, "O-": 0.0, "N+": 0.0, "NO2": 0.00035808, "NO+": 2.4193e-06}, "composition_moles": {"e-": 0.0, "N-": 0.0, "O2+": 0.0, "N": 0.000547079728986842, "N2": 0.7023723775050511, "O+": 0.0, "N2O": 5.9428286680238475e-05, "N2+": 0.0, "O": 0.09503102691350925, "O2": 0.10268681450554396, "NO": 0.09910409816670611, "O-": 0.0, "N+": 0.0, "NO2": 0.00021385717099042502, "NO+": 2.215346284221259e-06}}, "s5d": {"state_name": "s5d", "gmodel_type": "CEAGas", "rho": 9.2545, "p": 14638039.980664054, "T": 5207.909939082398, "a": 1476.9, "h": 5014630.0, "u": 3432910.0, "s": 7231.099999999999, "gamma": 1.3791300686932062, "R": 303.7152980713033, "Cp": 1104.8, "molecular_mass": 0.027376, "v": 0.0, "M": 0.0, "Ht": 5013630.0, "Ue": 3166.584911225341, "total_p": 14638871.72932395, "total_T": 5207.91, "pitot_p": 14638871.72932395, "composition_massf": {"Ar": 0.80258, "O2": 0.17533, "H2": 0.022091}, "composition_moles": {"Ar": 0.5500007529788725, "O2": 0.15000044001650065, "H2": 0.2999996110879616}}, "s6": {"state_name": "s6", "gmodel_type": "CEAGas", "rho": 4.7344, "p": 5731466.377516231, "T": 4044.44, "a": 1204.0, "h": 5608430.0, "u": 4397820.0, "s": 9051.9, "gamma": 1.1329431640172436, "R": 299.3307412607553, "Cp": 2550.9, "molecular_mass": 0.027777, "v": 1204.0008373147994, "M": 1.0000006954441856, "Ht": 6333249.99993, "Ue": 3559.002669268457, "total_p": 10142400.576598892, "total_T": 4399.79, "pitot_p": 10175561.868845262, "composition_massf": {"e-": 0.0, "N-": 0.0, "O2+": 0.0, "N": 0.00011736, "N2": 0.72247, "O+": 0.0, "N2O": 6.1882e-05, "N2+": 0.0, "O": 0.04283, "O2": 0.13919, "NO": 0.095043, "O-": 0.0, "N+": 0.0, "NO2": 0.00028826, "NO+": 0.0}, "composition_moles": {"e-": 0.0, "N-": 0.0, "O2+": 0.0, "N": 0.0002327392405063291, "N2": 0.7163732067510548, "O+": 0.0, "N2O": 3.9054464019557955e-05, "N2+": 0.0, "O": 0.07435834531294924, "O2": 0.12082580065502457, "NO": 0.08798242394046545, "O-": 0.0, "N+": 0.0, "NO2": 0.00017404436469552556, "NO+": 0.0}}, "s8": {"state_name": "s8", "gmodel_type": "CEAGas", "rho": 0.0095814, "p": 2306.9472347329233, "T": 835.46, "a": 569.8, "h": 566670.0, "u": 325900.0, "s": 9051.9, "gamma": 1.3487381352839771, "R": 288.19792027729636, "Cp": 1114.6000000000001, "molecular_mass": 0.02885, "v": 3396.0474107784094, "M": 5.960069165985275, "Ht": 6333249.99993, "Ue": 3559.002669268457, "total_p": 10142404.97433453, "total_T": 4399.79, "pitot_p": 106781.60478005144, "unit_Re": 843632.0627853838, "k": 0.05765000000000001, "mu": 3.857e-05, "composition_massf": {"e-": 0.0, "N-": 0.0, "O2+": 0.0, "N": 0.0, "N2": 0.76708, "O+": 0.0, "N2O": 0.0, "N2+": 0.0, "O": 0.0, "O2": 0.23291, "NO": 3.7375e-06, "O-": 0.0, "N+": 0.0, "NO2": 0.0, "NO+": 0.0}, "composition_moles": {"e-": 0.0, "N-": 0.0, "O2+": 0.0, "N": 0.0, "N2": 0.7899882913177266, "O+": 0.0, "N2O": 0.0, "N2+": 0.0, "O": 0.0, "O2": 0.20999079652986988, "NO": 3.593498488640643e-06, "O-": 0.0, "N+": 0.0, "NO2": 0.0, "NO+": 0.0}}, "s10f": {"state_name": "s10f", "gmodel_type": "IdealGas", "rho": 0.0555676534992431, "p": 93755.3755081199, "T": 5854.411931294676, "a": 1508.4721381849479, "h": 6526498.4210073035, "u": 4839269.077961588, "s": 3341.5312577708514, "gamma": 1.3486537565620167, "R": 288.19792027729636, "Cp": 1114.7999999999997, "molecular_mass": 0.02885, "v": 585.5619439821287, "M": 0.38818214082939545, "Ht": null, "Ue": null, "total_p": 103646.75524276258, "total_T": 6008.1986151124565, "pitot_p": 103646.75524276258}, "s10e": {"state_name": "s10e", "gmodel_type": "CEAGas", "rho": 0.08539030511018421, "p": 100410.0, "T": 3679.8137676619635, "a": 1175.2, "h": 6260640.0, "u": 5084770.0, "s": 10469.900000000001, "gamma": 1.3175245541333556, "R": 319.54304381245197, "Cp": 1325.9, "molecular_mass": 0.026019999999999998, "v": 381.0606909021508, "M": 0.3242517791883516, "Ht": 6333259.99993, "Ue": 3559.0054790432678, "total_p": 106781.60478005144, "total_T": 3707.18, "pitot_p": 106781.60478005144, "unit_Re": 292563.28593447444, "k": 0.68132, "mu": 0.00011122000000000001, "composition_massf": {"e-": 0.0, "N-": 0.0, "O2+": 0.0, "N": 0.00022227, "N2": 0.74036, "O+": 0.0, "N2O": 4.6457e-06, "N2+": 0.0, "O": 0.12041, "O2": 0.08223, "NO": 0.056754, "O-": 0.0, "N+": 0.0, "NO2": 1.959e-05, "NO+": 1.1843e-06}, "composition_moles": {"e-": 0.0, "N-": 0.0, "O2+": 0.0, "N": 0.0004129070659041744, "N2": 0.6876768689270134, "O+": 0.0,