{"states_dict": {"s4": {"state_name": "s4", "gmodel_type": "CEAGas", "rho": 17.954, "p": 24829135.694571115, "T": 3985.0102388787386, "a": 1270.0, "h": 1906530.0, "u": 523600.0, "s": 9141.199999999999, "gamma": 1.0782999412148913, "R": 347.03076088317545, "Cp": 4779.099999999999, "molecular_mass": 0.023959, "v": 0.0, "M": 0.0, "Ht": 7507790.0, "Ue": 3874.994193544037, "total_p": 24825909.846941732, "total_T": 3984.99, "pitot_p": 24825909.846941732, "composition_massf": {"H2O": 0.30454, "OH": 0.056907, "Ar": 0.59061, "HO2": 0.00033801, "O": 0.009061, "O2": 0.029245, "H2": 0.0079516, "H": 0.0012762, "H2O2": 7.2067e-05}, "composition_moles": {"H2O": 0.40501584543787267, "OH": 0.08016743435481385, "Ar": 0.35422111219585456, "HO2": 0.0002453553907474655, "O": 0.01356879001712564, "O2": 0.021897100985036937, "H2": 0.09450581602079489, "H": 0.03033561104827668, "H2O2": 5.0762001965033916e-05}}, "s1": {"state_name": "s1", "gmodel_type": "CEAGas", "rho": 0.67278, "p": 57808.42654108149, "T": 298.15, "a": 346.7, "h": 7.000000000000001e-05, "u": -85925.0, "s": 7046.1, "gamma": 1.398557725608831, "R": 288.19792027729636, "Cp": 1011.3000000000001, "molecular_mass": 0.02885, "v": 0.0, "M": 0.0, "Ht": null, "Ue": null, "total_p": 57810.0690552413, "total_T": 298.15, "pitot_p": 57810.0690552413, "composition_massf": {"e-": 0.0, "N-": 0.0, "O2+": 0.0, "N": 0.0, "N2": 0.76708, "O+": 0.0, "N2O": 0.0, "N2+": 0.0, "O": 0.0, "O2": 0.23292, "NO": 0.0, "O-": 0.0, "N+": 0.0, "NO2": 0.0, "NO+": 0.0}, "composition_moles": {"e-": 0.0, "N-": 0.0, "O2+": 0.0, "N": 0.0, "N2": 0.7899882913177266, "O+": 0.0, "N2O": 0.0, "N2+": 0.0, "O": 0.0, "O2": 0.20999981249296848, "NO": 0.0, "O-": 0.0, "N+": 0.0, "NO2": 0.0, "NO+": 0.0}}, "s2": {"state_name": "s2", "gmodel_type": "CEAGas", "rho": 4.490588739208521, "p": 3353400.0, "T": 2589.131086413547, "a": 964.7, "h": 2816170.0, "u": 2069409.9999999998, "s": 8369.199999999999, "gamma": 1.241115334717329, "R": 288.4178576384071, "Cp": 1484.6, "molecular_mass": 0.028828, "v": 2040.725852217728, "M": 2.1153994529052844, "Ht": 4898459.99993, "Ue": 3130.003194864184, "total_p": 31613388.4811184, "total_T": 3866.65, "pitot_p": 19482535.573178988, "unit_Re": 110519555.8477127, "k": 0.17041, "mu": 8.291800000000001e-05, "composition_massf": {"e-": 0.0, "N-": 0.0, "O2+": 0.0, "N": 0.0, "N2": 0.75455, "O+": 0.0, "N2O": 1.2568e-05, "N2+": 0.0, "O": 0.00093929, "O2": 0.2176, "NO": 0.026703, "O-": 0.0, "N+": 0.0, "NO2": 0.0001878, "NO+": 0.0}, "composition_moles": {"e-": 0.0, "N-": 0.0, "O2+": 0.0, "N": 0.0, "N2": 0.776491514775072, "O+": 0.0, "N2O": 8.231930347535264e-06, "N2+": 0.0, "O": 0.0016924292235958847, "O2": 0.19603775141567809, "NO": 0.02565458636743862, "O-": 0.0, "N+": 0.0, "NO2": 0.00011767937311843149, "NO+": 0.0}}, "s3": {"state_name": "s3", "gmodel_type": "CEAGas", "rho": 3.1953, "p": 3353400.0, "T": 3182.34, "a": 1101.9, "h": -509970.0, "u": -1559450.0, "s": 9141.199999999999, "gamma": 1.0916545819528263, "R": 329.78383309535144, "Cp": 3927.9, "molecular_mass": 0.025212, "v": 2040.6441269884308, "M": 1.8519322324969876, "Ht": 7173400.0, "Ue": 3787.7169904838456, "total_p": 19411098.379343204, "total_T": 3875.11, "pitot_p": 14588717.449101385, "composition_massf": {"H2O": 0.35748, "OH": 0.026422, "Ar": 0.59061, "HO2": 5.459e-05, "O": 0.0026382, "O2": 0.017659, "H2": 0.0046747, "H": 0.00044776, "H2O2": 1.0436e-05}, "composition_moles": {"H2O": 0.5002856330848036, "OH": 0.03916846867293768, "Ar": 0.3727460528687293, "HO2": 4.169824344967118e-05, "O": 0.004157299548733077, "O2": 0.013913606385239448, "H2": 0.05846505565807489, "H": 0.011199997142687065, "H2O2": 7.73526112843043e-06}}, "s5": {"state_name": "s5", "gmodel_type": "CEAGas", "rho": 20.752, "p": 27215495.094827503, "T": 4407.109313000903, "a": 1259.7, "h": 6048010.0, "u": 4736570.0, "s": 8691.0, "gamma": 1.152529510719141, "R": 297.5738162556816, "Cp": 2248.5, "molecular_mass": 0.027941, "v": 0.0, "M": 0.0, "Ht": 6048009.99993, "Ue": 3477.933294337314, "total_p": 27218188.63116504, "total_T": 4407.12, "pitot_p": 27218188.63116504, "composition_massf": {"e-": 0.0, "N-": 0.0, "O2+": 0.0, "N": 0.00017515, "N2": 0.71268, "O+": 0.0, "N2O": 0.00016862, "N2+": 0.0, "O": 0.036187, "O2": 0.13462, "NO": 0.1155, "O-": 0.0, "N+": 0.0, "NO2": 0.00067079, "NO+": 1.7247e-06}, "composition_moles": {"e-": 0.0, "N-": 0.0, "O2+": 0.0, "N": 0.00034939465755674066, "N2": 0.7108380946261431, "O+": 0.0, "N2O": 0.00010704639150428966, "N2+": 0.0, "O": 0.06319618029426104, "O2": 0.11754870245134191, "NO": 0.1075509813004689, "O-": 0.0, "N+": 0.0, "NO2": 0.0004073978848181196, "NO+": 1.6060308993355141e-06}}, "s5d": {"state_name": "s5d", "gmodel_type": "CEAGas", "rho": 13.958, "p": 20608949.604773935, "T": 4127.179237794568, "a": 1312.4, "h": 2808300.0, "u": 1331830.0, "s": 9429.0, "gamma": 1.0693440367759661, "R": 357.7364254367094, "Cp": 5516.6, "molecular_mass": 0.023242000000000002, "v": 0.0, "M": 0.0, "Ht": 8409570.0, "Ue": 4101.114482674191, "total_p": 20608531.601119034, "total_T": 4127.18, "pitot_p": 20608531.601119034, "composition_massf": {"H2O": 0.27681, "OH": 0.070768, "Ar": 0.59061, "HO2": 0.00040552, "O": 0.014503, "O2": 0.035328, "H2": 0.009527, "H": 0.0019806, "H2O2": 7.2753e-05}, "composition_moles": {"H2O": 0.35712006807554475, "OH": 0.09671058825189595, "Ar": 0.343620647341544, "HO2": 0.0002855506432928547, "O": 0.021068210432891234, "O2": 0.025660130254884558, "H2": 0.10984112844018494, "H": 0.0456704815762843, "H2O2": 4.9711631154548566e-05}}, "s6": {"state_name": "s6", "gmodel_type": "CEAGas", "rho": 12.986, "p": 15451167.62325522, "T": 4032.38, "a": 1197.7, "h": 5340570.0, "u": 4150779.9999999995, "s": 8691.0, "gamma": 1.155685076737053, "R": 295.06050605060506, "Cp": 2190.3, "molecular_mass": 0.028179, "v": 1197.700284505193, "M": 1.0000002375429513, "Ht": 6057809.99993, "Ue": 3480.749919178337, "total_p": 27422315.428858828, "total_T": 4412.32, "pitot_p": 27422104.030740824, "composition_massf": {"e-": 0.0, "N-": 0.0, "O2+": 0.0, "N": 6.7882e-05, "N2": 0.72066, "O+": 0.0, "N2O": 0.00010615, "N2+": 0.0, "O": 0.026562, "O2": 0.15326, "NO": 0.098818, "O-": 0.0, "N+": 0.0, "NO2": 0.00052233, "NO+": 0.0}, "composition_moles": {"e-": 0.0, "N-": 0.0, "O2+": 0.0, "N": 0.0001365665630019919, "N2": 0.724920150356615, "O+": 0.0, "N2O": 6.796206671695506e-05, "N2+": 0.0, "O": 0.046782416715626836, "O2": 0.13496485930722404, "NO": 0.09280087788816274, "O-": 0.0, "N+": 0.0, "NO2": 0.00031993429198682764, "NO+": 0.0}}, "s8": {"state_name": "s8", "gmodel_type": "CEAGas", "rho": 0.026618, "p": 5909.404482088136, "T": 770.35, "a": 548.5, "h": 494590.0, "u": 272580.0, "s": 8691.0, "gamma": 1.355272659527466, "R": 288.19792027729636, "Cp": 1099.3999999999999, "molecular_mass": 0.02885, "v": 3335.632769281388, "M": 6.0813724143689845, "Ht": 6057809.99993, "Ue": 3480.749919178337, "total_p": 27422274.672381915, "total_T": 4412.32, "pitot_p": 285277.21402113757, "unit_Re": 2432677.7646098956, "k": 0.05414, "mu": 3.6498e-05, "composition_massf": {"e-": 0.0, "N-": 0.0, "O2+": 0.0, "N": 0.0, "N2": 0.76708, "O+": 0.0, "N2O": 0.0, "N2+": 0.0, "O": 0.0, "O2": 0.23292, "NO": 1.2294e-06, "O-": 0.0, "N+": 0.0, "NO2": 0.0, "NO+": 0.0}, "composition_moles": {"e-": 0.0, "N-": 0.0, "O2+": 0.0, "N": 0.0, "N2": 0.7899882913177266, "O+": 0.0, "N2O": 0.0, "N2+": 0.0, "O": 0.0, "O2": 0.20999981249296848, "NO": 1.1820326533604835e-06, "O-": 0.0, "N+": 0.0, "NO2": 0.0, "NO+": 0.0}}, "s10f": {"state_name": "s10f", "gmodel_type": "IdealGas", "rho": 0.1531449756489301, "p": 250592.44145325982, "T": 5677.725235965559, "a": 1489.1757165578795, "h": 6242091.124420535, "u": 4605782.519509339, "s": 2978.6504351174112, "gamma": 1.355272659527466, "R": 288.19792027729636, "Cp": 1099.3999999999999, "molecular_mass": 0.02885, "v": 579.749344685055, "M": 0.3893088896353367, "Ht": null, "Ue": null, "total_p": 277320.30919738044, "total_T": 5830.585570085422, "pitot_p": 277320.30919738044}, "s10e": {"state_name": "s10e",