driver_condition,area_ratio,test_gas_gas_model,test_gas_name,p1,vs1,Ht,h,Ue,pitot_p,total_p,p2,T2,rho2,v2,M2,a2,gamma2,R2,Ht2,h2,p3,T3,rho3,v3,M3,a3,p5,T5,rho5,v5,M5,a5,p5d,T5d,rho5d,v5d,M5d,a5d,p8,T8,rho8,v8,M8,a8,gamma8,R8,unit_Re8,p10f,T10f,rho10f,v10f,M10f,a10f,p10e,T10e,rho10e,v10e,M10e,a10e,unit_Re10e,s2 Xe-,s2 XN-,s2 XO2+,s2 XN,s2 XN2,s2 XO+,s2 XN2O,s2 XN2+,s2 XO,s2 XO2,s2 XNO,s2 XO-,s2 XN+,s2 XNO2,s2 XNO+,s8 Xe-,s8 XN-,s8 XO2+,s8 XN,s8 XN2,s8 XO+,s8 XN2O,s8 XN2+,s8 XO,s8 XO2,s8 XNO,s8 XO-,s8 XN+,s8 XNO2,s8 XNO+,s10e Xe-,s10e XN-,s10e XO2+,s10e XN,s10e XN2,s10e XO+,s10e XN2O,s10e XN2+,s10e XO,s10e XO2,s10e XNO,s10e XO-,s10e XN+,s10e XNO2,s10e XNO+
custom_from_dict,175.0,CEAGas,n2-o2-with-ions,57808.42654108149,2400.3456322121747,6057809.99993,494590.0,3480.749919178337,285277.21402113757,27422274.672381915,3353400.0,2589.131086413547,4.490588739208521,2040.725852217728,2.1153994529052844,964.7,1.241115334717329,288.4178576384071,4898459.99993,2816170.0,3353400.0,3182.34,3.1953,2040.6441269884308,1.8519322324969876,1101.9,27215495.094827503,4407.109313000903,20.752,0.0,0.0,1259.7,20608949.604773935,4127.179237794568,13.958,0.0,0.0,1312.4,5909.404482088136,770.35,0.026618,3335.632769281388,6.0813724143689845,548.5,1.355272659527466,288.19792027729636,2432677.7646098956,250592.44145325982,5677.725235965559,0.1531449756489301,579.749344685055,0.3893088896353367,1489.1757165578795,267460.0,3751.250551594387,0.22776550123867298,389.82142848618736,0.3316500157275713,1175.4,793812.0076238889,0.0,0.0,0.0,0.0,0.776491514775072,0.0,8.231930347535264e-06,0.0,0.0016924292235958847,0.19603775141567809,0.02565458636743862,0.0,0.0,0.00011767937311843149,0.0,0.0,0.0,0.0,0.0,0.7899882913177266,0.0,0.0,0.0,0.0,0.20999981249296848,1.1820326533604835e-06,0.0,0.0,0.0,0.0,0.0,0.0,0.0,0.00034448308737961117,0.6976322966865857,0.0,5.442395537207358e-06,0.0,0.15840744396664877,0.08461655874595297,0.05897644765564335,0.0,0.0,2.3632999836976013e-05,9.404395214680173e-07