{"states_dict": {"s4": {"state_name": "s4", "gmodel_type": "CEAGas", "rho": 33.429, "p": 37310000.0, "T": 3861.0, "a": 1256.6, "h": 3288120.0, "u": 2172010.0, "s": 6232.3, "gamma": 1.4148350213656617, "R": 289.06963807669575, "Cp": 985.9, "molecular_mass": 0.028763, "v": 0.0, "M": 0.0, "Ht": 3287120.0, "Ue": 2564.028080969473, "total_p": 37307663.26738406, "total_T": 3861.0, "pitot_p": 37307663.26738406, "composition_massf": {"Ar": 0.83332, "O2": 0.14796, "H2": 0.018713}, "composition_moles": {"Ar": 0.5999995784519876, "O2": 0.1329979086715752, "H2": 0.26700102139016213}}, "s1": {"state_name": "s1", "gmodel_type": "CEAGas", "rho": 0.28166, "p": 24201.282647943834, "T": 298.15, "a": 346.7, "h": 7.000000000000001e-05, "u": -85925.0, "s": 7297.0, "gamma": 1.398557725608831, "R": 288.19792027729636, "Cp": 1011.3000000000001, "molecular_mass": 0.02885, "v": 0.0, "M": 0.0, "Ht": -10.11307, "Ue": null, "total_p": 24203.358980747806, "total_T": 298.14, "pitot_p": 24203.358980747806, "composition_massf": {"e-": 0.0, "N-": 0.0, "O2+": 0.0, "N": 0.0, "N2": 0.76708, "O+": 0.0, "N2O": 0.0, "N2+": 0.0, "O": 0.0, "O2": 0.23292, "NO": 0.0, "O-": 0.0, "N+": 0.0, "NO2": 0.0, "NO+": 0.0}, "composition_moles": {"e-": 0.0, "N-": 0.0, "O2+": 0.0, "N": 0.0, "N2": 0.7899882913177266, "O+": 0.0, "N2O": 0.0, "N2+": 0.0, "O": 0.0, "O2": 0.20999981249296848, "NO": 0.0, "O-": 0.0, "N+": 0.0, "NO2": 0.0, "NO+": 0.0}}, "s2": {"state_name": "s2", "gmodel_type": "CEAGas", "rho": 1.963589139823307, "p": 1617000.0000000002, "T": 2847.512816695273, "a": 1004.5, "h": 3233160.0, "u": 2409680.0, "s": 8733.2, "gamma": 1.2085742975660965, "R": 289.1902890334249, "Cp": 1675.7, "molecular_mass": 0.028751000000000002, "v": 2200.8991688193346, "M": 2.1910394911093425, "Ht": 5655129.99993, "Ue": 3363.0729994842513, "total_p": 17354607.336433876, "total_T": 4184.74, "pitot_p": 9899339.141089264, "unit_Re": 48706853.59457882, "k": 0.21769, "mu": 8.8728e-05, "composition_massf": {"e-": 0.0, "N-": 0.0, "O2+": 0.0, "N": 0.0, "N2": 0.74918, "O+": 0.0, "N2O": 1.2556e-05, "N2+": 0.0, "O": 0.0039069, "O2": 0.20851, "NO": 0.038244, "O-": 0.0, "N+": 0.0, "NO2": 0.00014559, "NO+": 0.0}, "composition_moles": {"e-": 0.0, "N-": 0.0, "O2+": 0.0, "N": 0.0, "N2": 0.768906101365775, "O+": 0.0, "N2O": 8.202103842518542e-06, "N2+": 0.0, "O": 0.007020718395689838, "O2": 0.18734674456542122, "NO": 0.03664432378749654, "O-": 0.0, "N+": 0.0, "NO2": 9.098603623479803e-05, "NO+": 0.0}}, "s3": {"state_name": "s3", "gmodel_type": "CEAGas", "rho": 3.7938, "p": 1617000.000000001, "T": 1474.44, "a": 792.2, "h": 1022720.0, "u": 596510.0, "s": 6232.3, "gamma": 1.4722354192143703, "R": 289.06963807669575, "Cp": 901.2, "molecular_mass": 0.028763, "v": 2200.9195856014794, "M": 2.7782372956342836, "Ht": 3443740.0, "Ue": 2624.4008840114348, "total_p": 42808101.94034566, "total_T": 4019.55, "pitot_p": 17553604.85129037, "composition_massf": {"Ar": 0.83332, "O2": 0.14796, "H2": 0.018713}, "composition_moles": {"Ar": 0.5999995784519876, "O2": 0.1329979086715752, "H2": 0.26700102139016213}}, "s5": {"state_name": "s5", "gmodel_type": "CEAGas", "rho": 9.5244, "p": 13597113.97970752, "T": 4668.162770240757, "a": 1314.5, "h": 6912650.0, "u": 5485040.0, "s": 9090.6, "gamma": 1.1338721324485248, "R": 305.81543327938795, "Cp": 2590.2, "molecular_mass": 0.027188, "v": 0.0, "M": 0.0, "Ht": 6912649.99993, "Ue": 3718.2388303953794, "total_p": 13594927.212316355, "total_T": 4668.14, "pitot_p": 13594927.212316355, "composition_massf": {"e-": 0.0, "N-": 0.0, "O2+": 0.0, "N": 0.00052807, "N2": 0.71227, "O+": 0.0, "N2O": 0.00012078, "N2+": 0.0, "O": 0.067396, "O2": 0.10342, "NO": 0.11588, "O-": 0.0, "N+": 0.0, "NO2": 0.00038386, "NO+": 4.8636e-06}, "composition_moles": {"e-": 0.0, "N-": 0.0, "O2+": 0.0, "N": 0.0010250213940471344, "N2": 0.6912833415436898, "O+": 0.0, "N2O": 7.460935546022975e-05, "N2+": 0.0, "O": 0.11452694776054101, "O2": 0.08787151268172556, "NO": 0.1049968319774979, "O-": 0.0, "N+": 0.0, "NO2": 0.00022685082609687972, "NO+": 4.406903077275227e-06}}, "s5d": {"state_name": "s5d", "gmodel_type": "CEAGas", "rho": 16.129, "p": 25646969.13231543, "T": 5500.841182253282, "a": 1489.6, "h": 4934650.0, "u": 3344520.0, "s": 6695.700000000001, "gamma": 1.3955358905943096, "R": 289.06963807669575, "Cp": 1019.9, "molecular_mass": 0.028763, "v": 0.0, "M": 0.0, "Ht": 4933650.0, "Ue": 3141.225875355034, "total_p": 25646808.066481516, "total_T": 5500.84, "pitot_p": 25646808.066481516, "composition_massf": {"Ar": 0.83332, "O2": 0.14796, "H2": 0.018713}, "composition_moles": {"Ar": 0.5999995784519876, "O2": 0.1329979086715752, "H2": 0.26700102139016213}}, "s6": {"state_name": "s6", "gmodel_type": "CEAGas", "rho": 5.9886, "p": 7771130.1118248515, "T": 4292.73, "a": 1248.6, "h": 6151340.0, "u": 4853680.0, "s": 9090.6, "gamma": 1.1306577029309728, "R": 302.29085620796224, "Cp": 2615.9, "molecular_mass": 0.027504999999999998, "v": 1248.6008934207493, "M": 1.0000007155380022, "Ht": 6930849.99993, "Ue": 3723.1304032843113, "total_p": 13769139.867377605, "total_T": 4677.23, "pitot_p": 13769217.182186358, "composition_massf": {"e-": 0.0, "N-": 0.0, "O2+": 0.0, "N": 0.00023286, "N2": 0.71819, "O+": 0.0, "N2O": 7.9921e-05, "N2+": 0.0, "O": 0.05413, "O2": 0.12312, "NO": 0.10393, "O-": 0.0, "N+": 0.0, "NO2": 0.00031655, "NO+": 1.9405e-06}, "composition_moles": {"e-": 0.0, "N-": 0.0, "O2+": 0.0, "N": 0.0004572679003619696, "N2": 0.7051559592909107, "O+": 0.0, "N2O": 4.9945177425657984e-05, "N2+": 0.0, "O": 0.09305634273785267, "O2": 0.10582945610460393, "NO": 0.09526711735280492, "O-": 0.0, "N+": 0.0, "NO2": 0.00018925362728369435, "NO+": 1.7787859249272116e-06}}, "s8": {"state_name": "s8", "gmodel_type": "CEAGas", "rho": 0.012085, "p": 3300.0624284463433, "T": 947.54, "a": 604.6, "h": 693020.0, "u": 419940.0, "s": 9090.6, "gamma": 1.3388163832978741, "R": 288.19792027729636, "Cp": 1138.8, "molecular_mass": 0.02885, "v": 3532.087794924001, "M": 5.842024139801524, "Ht": 6930849.99993, "Ue": 3723.1304032843113, "total_p": 13769125.041547, "total_T": 4677.23, "pitot_p": 145905.10213571505, "unit_Re": 1016292.0168961823, "k": 0.06363, "mu": 4.2001e-05, "composition_massf": {"e-": 0.0, "N-": 0.0, "O2+": 0.0, "N": 0.0, "N2": 0.76707, "O+": 0.0, "N2O": 0.0, "N2+": 0.0, "O": 0.0, "O2": 0.23291, "NO": 1.7721e-05, "O-": 0.0, "N+": 0.0, "NO2": 0.0, "NO+": 0.0}, "composition_moles": {"e-": 0.0, "N-": 0.0, "O2+": 0.0, "N": 0.0, "N2": 0.7899779926749343, "O+": 0.0, "N2O": 0.0, "N2+": 0.0, "O": 0.0, "O2": 0.20999079652986988, "NO": 1.7038230559786176e-05, "O-": 0.0, "N+": 0.0, "NO2": 0.0, "NO+": 0.0}}, "s10f": {"state_name": "s10f", "gmodel_type": "IdealGas", "rho": 0.07115421660969867, "p": 128458.44677363356, "T": 6264.2803026475485, "a": 1554.5431522204956, "h": 7137520.976836616, "u": 5332168.42157956, "s": 3401.1169878890155, "gamma": 1.3385775565435447, "R": 288.19792027729636, "Cp": 1139.4, "molecular_mass": 0.02885, "v": 599.8803125439797, "M": 0.3858884918614938, "Ht": null, "Ue": null, "total_p": 141745.57767867937, "total_T": 6422.195165460372, "pitot_p": 141745.57767867937}, "s10e": {"state_name": "s10e", "gmodel_type": "CEAGas", "rho": 0.10895622773124514, "p": 137350.0, "T": 3882.294613652928, "a": 1223.3, "h": 6854100.0, "u": 5593540.0, "s": 10526.1, "gamma": 1.3228233421127173, "R": 324.6967626039755, "Cp": 1330.5, "molecular_mass": 0.025606999999999998, "v": 391.76540791174796, "M": 0.32025292889049944, "Ht": 6930849.99993, "Ue": 3723.1304032843113, "total_p": 145905.10213571505, "total_T": 3912.96, "pitot_p": 145905.10213571505, "unit_Re": 366523.10666028294, "k": 0.6305100000000001, "mu": 0.00011646000000000002, "composition_massf": {"e-": 0.0, "N-": 0.0, "O2+": 0.0, "N": 0.00043741, "N2": 0.73978, "O+": 0.0, "N2O": 5.5555e-06, "N2+": 0.0, "O": 0.13998, "O2": 0.062241, "NO": 0.057535, "O-": 0.0, "N+": 0.0, "NO2": 1.8423e-05, "NO+": 2.3495e-06}, "composition_moles": {"e-": 0.0, "N-": 0.0, "O2+": 0.0, "N": 0.0007996714336710288, "N2": 0.6762316055887538,