{"states_dict": {"s4": {"state_name": "s4", "gmodel_type": "CEAGas", "rho": 33.429, "p": 37310000.0, "T": 3861.0, "a": 1256.6, "h": 3288120.0, "u": 2172010.0, "s": 6232.3, "gamma": 1.4148350213656617, "R": 289.06963807669575, "Cp": 985.9, "molecular_mass": 0.028763, "v": 0.0, "M": 0.0, "Ht": 3287120.0, "Ue": 2564.028080969473, "total_p": 37307663.26738406, "total_T": 3861.0, "pitot_p": 37307663.26738406, "composition_massf": {"Ar": 0.83332, "O2": 0.14796, "H2": 0.018713}, "composition_moles": {"Ar": 0.5999995784519876, "O2": 0.1329979086715752, "H2": 0.26700102139016213}}, "s1": {"state_name": "s1", "gmodel_type": "CEAGas", "rho": 0.82104, "p": 70548.02310718645, "T": 298.15, "a": 346.7, "h": 7.000000000000001e-05, "u": -85925.0, "s": 6988.7, "gamma": 1.398557725608831, "R": 288.19792027729636, "Cp": 1011.3000000000001, "molecular_mass": 0.02885, "v": 0.0, "M": 0.0, "Ht": null, "Ue": null, "total_p": 70550.91417137512, "total_T": 298.15, "pitot_p": 70550.91417137512, "composition_massf": {"e-": 0.0, "N-": 0.0, "O2+": 0.0, "N": 0.0, "N2": 0.76708, "O+": 0.0, "N2O": 0.0, "N2+": 0.0, "O": 0.0, "O2": 0.23292, "NO": 0.0, "O-": 0.0, "N+": 0.0, "NO2": 0.0, "NO+": 0.0}, "composition_moles": {"e-": 0.0, "N-": 0.0, "O2+": 0.0, "N": 0.0, "N2": 0.7899882913177266, "O+": 0.0, "N2O": 0.0, "N2+": 0.0, "O": 0.0, "O2": 0.20999981249296848, "NO": 0.0, "O-": 0.0, "N+": 0.0, "NO2": 0.0, "NO+": 0.0}}, "s2": {"state_name": "s2", "gmodel_type": "CEAGas", "rho": 5.1551991269032165, "p": 3246600.0, "T": 2185.1063018422524, "a": 893.5, "h": 2242180.0, "u": 1612420.0, "s": 8137.8, "gamma": 1.2669847355654804, "R": 288.20791015286494, "Cp": 1367.6999999999998, "molecular_mass": 0.028849, "v": 1803.3887777368652, "M": 2.0183422246635314, "Ht": 3868289.99993, "Ue": 2781.4708339042495, "total_p": 25976648.987132654, "total_T": 3280.16, "pitot_p": 17515104.8269434, "unit_Re": 126133940.96079214, "k": 0.13534, "mu": 7.3706e-05, "composition_massf": {"e-": 0.0, "N-": 0.0, "O2+": 0.0, "N": 0.0, "N2": 0.76121, "O+": 0.0, "N2O": 5.8077e-06, "N2+": 0.0, "O": 0.00010797, "O2": 0.22606, "NO": 0.012474, "O-": 0.0, "N+": 0.0, "NO2": 0.00014079, "NO+": 0.0}, "composition_moles": {"e-": 0.0, "N-": 0.0, "O2+": 0.0, "N": 0.0, "N2": 0.7839158149314257, "O+": 0.0, "N2O": 3.8067638800530755e-06, "N2+": 0.0, "O": 0.00019468395877345401, "O2": 0.2038077971673938, "NO": 0.011992975628288915, "O-": 0.0, "N+": 0.0, "NO2": 8.828619860668835e-05, "NO+": 0.0}}, "s3": {"state_name": "s3", "gmodel_type": "CEAGas", "rho": 6.1045, "p": 3246600.000000002, "T": 1839.83, "a": 880.8, "h": 1355380.0, "u": 823540.0, "s": 6232.3, "gamma": 1.458672979820471, "R": 289.06963807669575, "Cp": 919.3, "molecular_mass": 0.028763, "v": 1803.4018137252774, "M": 2.047458916581832, "Ht": 2980510.0, "Ue": 2441.520018349225, "total_p": 28015584.415951204, "total_T": 3548.78, "pitot_p": 19713144.339244936, "composition_massf": {"Ar": 0.83332, "O2": 0.14796, "H2": 0.018713}, "composition_moles": {"Ar": 0.5999995784519876, "O2": 0.1329979086715752, "H2": 0.26700102139016213}}, "s5": {"state_name": "s5", "gmodel_type": "CEAGas", "rho": 22.421, "p": 25015304.722379223, "T": 3822.778018756702, "a": 1163.0, "h": 4838970.0, "u": 3723260.0, "s": 8422.0, "gamma": 1.1778506897586694, "R": 291.8600814377984, "Cp": 1932.9, "molecular_mass": 0.028488, "v": 0.0, "M": 0.0, "Ht": 4838969.99993, "Ue": 3110.9387650450467, "total_p": 25018662.531199582, "total_T": 3822.79, "pitot_p": 25018662.531199582, "composition_massf": {"e-": 0.0, "N-": 0.0, "O2+": 0.0, "N": 2.4073e-05, "N2": 0.7247, "O+": 0.0, "N2O": 0.00012198, "N2+": 0.0, "O": 0.014355, "O2": 0.16998, "NO": 0.090118, "O-": 0.0, "N+": 0.0, "NO2": 0.00069513, "NO+": 0.0}, "composition_moles": {"e-": 0.0, "N-": 0.0, "O2+": 0.0, "N": 4.896168433678168e-05, "N2": 0.7369777892008823, "O+": 0.0, "N2O": 7.895353715282825e-05, "N2+": 0.0, "O": 0.02556003600135005, "O2": 0.15133036988887083, "NO": 0.08555865587330576, "O-": 0.0, "N+": 0.0, "NO2": 0.00043044556498679504, "NO+": 0.0}}, "s5d": {"state_name": "s5d", "gmodel_type": "CEAGas", "rho": 22.115, "p": 30667166.041732907, "T": 4797.153509616509, "a": 1394.6, "h": 4221270.0, "u": 2834550.0, "s": 6505.3, "gamma": 1.4026430046812488, "R": 289.06963807669575, "Cp": 1006.9999999999999, "molecular_mass": 0.028763, "v": 0.0, "M": 0.0, "Ht": 4220260.0, "Ue": 2905.257303579151, "total_p": 30664736.87535483, "total_T": 4797.15, "pitot_p": 30664736.87535483, "composition_massf": {"Ar": 0.83332, "O2": 0.14796, "H2": 0.018713}, "composition_moles": {"Ar": 0.5999995784519876, "O2": 0.1329979086715752, "H2": 0.26700102139016213}}, "s6": {"state_name": "s6", "gmodel_type": "CEAGas", "rho": 13.959, "p": 14075422.536390264, "T": 3471.75, "a": 1107.0, "h": 4228570.0, "u": 3220260.0, "s": 8422.0, "gamma": 1.189433214953266, "R": 290.432793069722, "Cp": 1823.6000000000001, "molecular_mass": 0.028628, "v": 1107.000185354601, "M": 1.0000001674386638, "Ht": 4841299.99993, "Ue": 3111.6876449701695, "total_p": 25070836.496815212, "total_T": 3824.11, "pitot_p": 25070495.522891372, "composition_massf": {"e-": 0.0, "N-": 0.0, "O2+": 0.0, "N": 6.9039e-06, "N2": 0.73366, "O+": 0.0, "N2O": 7.084e-05, "N2+": 0.0, "O": 0.008807, "O2": 0.18579, "NO": 0.071164, "O-": 0.0, "N+": 0.0, "NO2": 0.00050625, "NO+": 0.0}, "composition_moles": {"e-": 0.0, "N-": 0.0, "O2+": 0.0, "N": 1.4110736233374028e-05, "N2": 0.7497561338502288, "O+": 0.0, "N2O": 4.607767558528428e-05, "N2+": 0.0, "O": 0.01575851569433854, "O2": 0.16621861194794807, "NO": 0.06789562762238345, "O-": 0.0, "N+": 0.0, "NO2": 0.00031502592081381574, "NO+": 0.0}}, "s8": {"state_name": "s8", "gmodel_type": "CEAGas", "rho": 0.029189, "p": 4758.697124471271, "T": 565.69, "a": 474.0, "h": 274670.0, "u": 111640.0, "s": 8422.0, "gamma": 1.3782114615516181, "R": 288.19792027729636, "Cp": 1050.2, "molecular_mass": 0.02885, "v": 3022.12663705132, "M": 6.375794592935274, "Ht": 4841299.99993, "Ue": 3111.6876449701695, "total_p": 25070825.090979397, "total_T": 3824.11, "pitot_p": 255146.57763911874, "unit_Re": 2989151.652227677, "k": 0.04277, "mu": 2.9511e-05, "composition_massf": {"e-": 0.0, "N-": 0.0, "O2+": 0.0, "N": 0.0, "N2": 0.76708, "O+": 0.0, "N2O": 0.0, "N2+": 0.0, "O": 0.0, "O2": 0.23292, "NO": 0.0, "O-": 0.0, "N+": 0.0, "NO2": 0.0, "NO+": 0.0}, "composition_moles": {"e-": 0.0, "N-": 0.0, "O2+": 0.0, "N": 0.0, "N2": 0.7899882913177266, "O+": 0.0, "N2O": 0.0, "N2+": 0.0, "O": 0.0, "O2": 0.20999981249296848, "NO": 0.0, "O-": 0.0, "N+": 0.0, "NO2": 0.0, "NO+": 0.0}}, "s10f": {"state_name": "s10f", "gmodel_type": "IdealGas", "rho": 0.16241276936837076, "p": 223436.99857288372, "T": 4773.578563956476, "a": 1376.9728814344264, "h": 5013212.207867091, "u": 3637476.7934545516, "s": 2684.566347856577, "gamma": 1.3782114615516181, "R": 288.19792027729636, "Cp": 1050.2, "molecular_mass": 0.02885, "v": 543.1392737051323, "M": 0.39444442300078614, "Ht": null, "Ue": null, "total_p": 248339.8024061599, "total_T": 4914.0281310108185, "pitot_p": 248339.8024061599}, "s10e": {"state_name": "s10e", "gmodel_type": "CEAGas", "rho": 0.23243277732384005, "p": 237869.99999999997, "T": 3395.4967045146486, "a": 1094.6, "h": 4769280.0, "u": 3745880.0, "s": 9781.7, "gamma": 1.2968914621109746, "R": 301.4032480243602, "Cp": 1316.6, "molecular_mass": 0.027586, "v": 379.51985698638043, "M": 0.34672013245603917, "Ht": 4841299.99993, "Ue": 3111.6876449701695, "total_p": 255146.57763911874, "total_T": 3424.92, "pitot_p": 255146.57763911874, "unit_Re": 861706.1092985345, "k": 0.5653, "mu": 0.00010237000000000001, "composition_massf": {"e-": 0.0, "N-": 0.0, "O2+": 0.0, "N": 3.7273e-05, "N2": 0.73908, "O+": 0.0, "N2O": 7.5876e-06, "N2+": 0.0, "O": 0.0508, "O2": 0.15016, "NO": 0.059853, "O-": 0.0, "N+": 0.0, "NO2": 5.0832e-05, "NO+": 0.0}, "composition_moles": {"e-": 0.0, "N-": 0.0, "O2+": 0.0, "N": 7.34086528589889e-05, "N2": 0.7278038681488144, "O+": 0.0, "N2O": 4.755696833648393e-06, "N2+": 0.0, "O": 0.08758883458129679, "O2": 0.12945215945597957,