driver_condition,area_ratio,test_gas_gas_model,test_gas_name,p1,vs1,Ht,h,Ue,pitot_p,total_p,p2,T2,rho2,v2,M2,a2,gamma2,R2,Ht2,h2,p3,T3,rho3,v3,M3,a3,p5,T5,rho5,v5,M5,a5,p5d,T5d,rho5d,v5d,M5d,a5d,p8,T8,rho8,v8,M8,a8,gamma8,R8,unit_Re8,p10f,T10f,rho10f,v10f,M10f,a10f,p10e,T10e,rho10e,v10e,M10e,a10e,unit_Re10e,s2 Xe-,s2 XN-,s2 XO2+,s2 XN,s2 XN2,s2 XO+,s2 XN2O,s2 XN2+,s2 XO,s2 XO2,s2 XNO,s2 XO-,s2 XN+,s2 XNO2,s2 XNO+,s8 Xe-,s8 XN-,s8 XO2+,s8 XN,s8 XN2,s8 XO+,s8 XN2O,s8 XN2+,s8 XO,s8 XO2,s8 XNO,s8 XO-,s8 XN+,s8 XNO2,s8 XNO+,s10e Xe-,s10e XN-,s10e XO2+,s10e XN,s10e XN2,s10e XO+,s10e XN2O,s10e XN2+,s10e XO,s10e XO2,s10e XNO,s10e XO-,s10e XN+,s10e XNO2,s10e XNO+
HYPULSE_RST_M8_driver_condition,175,CEAGas,n2-o2-with-ions,70548.02310718645,2145.01313409293,4841299.99993,274670.0,3111.6876449701695,255146.57763911874,25070825.090979397,3246600.0,2185.1063018422524,5.1551991269032165,1803.3887777368652,2.0183422246635314,893.5,1.2669847355654804,288.20791015286494,3868289.99993,2242180.0,3246600.000000002,1839.83,6.1045,1803.4018137252774,2.047458916581832,880.8,25015304.722379223,3822.778018756702,22.421,0.0,0.0,1163.0,30667166.041732907,4797.153509616509,22.115,0.0,0.0,1394.6,4758.697124471271,565.69,0.029189,3022.12663705132,6.375794592935274,474.0,1.3782114615516181,288.19792027729636,2989151.652227677,223436.99857288372,4773.578563956476,0.16241276936837076,543.1392737051323,0.39444442300078614,1376.9728814344264,237869.99999999997,3395.4967045146486,0.23243277732384005,379.51985698638043,0.34672013245603917,1094.6,861706.1092985345,0.0,0.0,0.0,0.0,0.7839158149314257,0.0,3.8067638800530755e-06,0.0,0.00019468395877345401,0.2038077971673938,0.011992975628288915,0.0,0.0,8.828619860668835e-05,0.0,0.0,0.0,0.0,0.0,0.7899882913177266,0.0,0.0,0.0,0.0,0.20999981249296848,0.0,0.0,0.0,0.0,0.0,0.0,0.0,0.0,7.34086528589889e-05,0.7278038681488144,0.0,4.755696833648393e-06,0.0,0.08758883458129679,0.12945215945597957,0.05502564005318918,0.0,0.0,3.048008503331123e-05,0.0