{"states_dict": {"s4": {"state_name": "s4", "gmodel_type": "CEAGas", "rho": 33.429, "p": 37310000.0, "T": 3861.0, "a": 1256.6, "h": 3288120.0, "u": 2172010.0, "s": 6232.3, "gamma": 1.4148350213656617, "R": 289.06963807669575, "Cp": 985.9, "molecular_mass": 0.028763, "v": 0.0, "M": 0.0, "Ht": 3287120.0, "Ue": 2564.028080969473, "total_p": 37307663.26738406, "total_T": 3861.0, "pitot_p": 37307663.26738406, "composition_massf": {"Ar": 0.83332, "O2": 0.14796, "H2": 0.018713}, "composition_moles": {"Ar": 0.5999995784519876, "O2": 0.1329979086715752, "H2": 0.26700102139016213}}, "s1": {"state_name": "s1", "gmodel_type": "CEAGas", "rho": 1.7282, "p": 148496.82622544636, "T": 298.15, "a": 346.7, "h": 7.000000000000001e-05, "u": -85925.0, "s": 6774.200000000001, "gamma": 1.398557725608831, "R": 288.19792027729636, "Cp": 1011.3000000000001, "molecular_mass": 0.02885, "v": 0.0, "M": 0.0, "Ht": null, "Ue": null, "total_p": 148506.10248654673, "total_T": 298.15, "pitot_p": 148506.10248654673, "composition_massf": {"e-": 0.0, "N-": 0.0, "O2+": 0.0, "N": 0.0, "N2": 0.76708, "O+": 0.0, "N2O": 0.0, "N2+": 0.0, "O": 0.0, "O2": 0.23292, "NO": 0.0, "O-": 0.0, "N+": 0.0, "NO2": 0.0, "NO+": 0.0}, "composition_moles": {"e-": 0.0, "N-": 0.0, "O2+": 0.0, "N": 0.0, "N2": 0.7899882913177266, "O+": 0.0, "N2O": 0.0, "N2+": 0.0, "O": 0.0, "O2": 0.20999981249296848, "NO": 0.0, "O-": 0.0, "N+": 0.0, "NO2": 0.0, "NO+": 0.0}}, "s2": {"state_name": "s2", "gmodel_type": "CEAGas", "rho": 10.021419539380725, "p": 5031800.0, "T": 1742.2931222818029, "a": 804.9, "h": 1656470.0, "u": 1154360.0, "s": 7712.4, "gamma": 1.2902451688514993, "R": 288.18793109424286, "Cp": 1281.1, "molecular_mass": 0.028850999999999998, "v": 1529.1683956477468, "M": 1.8998240721179611, "Ht": 2825649.99993, "Ue": 2377.246306098718, "total_p": 33144101.385172382, "total_T": 2602.53, "pitot_p": 24619244.131133366, "unit_Re": 242636531.2256215, "k": 0.10713, "mu": 6.315800000000001e-05, "composition_massf": {"e-": 0.0, "N-": 0.0, "O2+": 0.0, "N": 0.0, "N2": 0.7654, "O+": 0.0, "N2O": 2.1281e-06, "N2+": 0.0, "O": 2.4689e-06, "O2": 0.23096, "NO": 0.0035161, "O-": 0.0, "N+": 0.0, "NO2": 0.00010906, "NO+": 0.0}, "composition_moles": {"e-": 0.0, "N-": 0.0, "O2+": 0.0, "N": 0.0, "N2": 0.7882854419670586, "O+": 0.0, "N2O": 1.394999025283554e-06, "N2+": 0.0, "O": 4.452056570871408e-06, "O2": 0.2082399014963061, "NO": 0.0033807459516564963, "O-": 0.0, "N+": 0.0, "NO2": 6.839378030887611e-05, "NO+": 0.0}}, "s3": {"state_name": "s3", "gmodel_type": "CEAGas", "rho": 8.2506, "p": 5031800.000000003, "T": 2109.77, "a": 940.4, "h": 1605170.0, "u": 995290.0, "s": 6232.3, "gamma": 1.4501728234915983, "R": 289.06963807669575, "Cp": 931.2, "molecular_mass": 0.028763, "v": 1529.1568595641363, "M": 1.6260706715909574, "Ht": 2773330.0, "Ue": 2355.1348156740414, "total_p": 22748709.39028835, "total_T": 3336.33, "pitot_p": 20161738.16329583, "composition_massf": {"Ar": 0.83332, "O2": 0.14796, "H2": 0.018713}, "composition_moles": {"Ar": 0.5999995784519876, "O2": 0.1329979086715752, "H2": 0.26700102139016213}}, "s5": {"state_name": "s5", "gmodel_type": "CEAGas", "rho": 40.245, "p": 36229217.1436404, "T": 3118.589528607083, "a": 1053.6, "h": 3600600.0, "u": 2700390.0, "s": 7958.0, "gamma": 1.224856872532385, "R": 288.658172476045, "Cp": 1572.4, "molecular_mass": 0.028804, "v": 0.0, "M": 0.0, "Ht": 3600599.99993, "Ue": 2683.505170455239, "total_p": 36233637.238153815, "total_T": 3118.59, "pitot_p": 36233637.238153815, "composition_massf": {"e-": 0.0, "N-": 0.0, "O2+": 0.0, "N": 0.0, "N2": 0.74235, "O+": 0.0, "N2O": 8.231e-05, "N2+": 0.0, "O": 0.0020844, "O2": 0.20235, "NO": 0.052363, "O-": 0.0, "N+": 0.0, "NO2": 0.0007663, "NO+": 0.0}, "composition_moles": {"e-": 0.0, "N-": 0.0, "O2+": 0.0, "N": 0.0, "N2": 0.7633007560667394, "O+": 0.0, "N2O": 5.3867448560418794e-05, "N2+": 0.0, "O": 0.0037525818218183183, "O2": 0.18214712426716, "NO": 0.05026524113430269, "O-": 0.0, "N+": 0.0, "NO2": 0.00047977970460053693, "NO+": 0.0}}, "s5d": {"state_name": "s5d", "gmodel_type": "CEAGas", "rho": 25.945, "p": 33302058.736464746, "T": 4440.259224482137, "a": 1343.8, "h": 3863200.0, "u": 2579650.0, "s": 6403.900000000001, "gamma": 1.4069509816446606, "R": 289.06963807669575, "Cp": 999.4, "molecular_mass": 0.028763, "v": 0.0, "M": 0.0, "Ht": 3862200.0, "Ue": 2779.2804824270615, "total_p": 33301022.379011802, "total_T": 4440.26, "pitot_p": 33301022.379011802, "composition_massf": {"Ar": 0.83332, "O2": 0.14796, "H2": 0.018713}, "composition_moles": {"Ar": 0.5999995784519876, "O2": 0.1329979086715752, "H2": 0.26700102139016213}}, "s6": {"state_name": "s6", "gmodel_type": "CEAGas", "rho": 24.96, "p": 20054016.306226484, "T": 2786.14, "a": 999.4, "h": 3097080.0, "u": 2293630.0, "s": 7958.0, "gamma": 1.2389167776610412, "R": 288.3778440621532, "Cp": 1495.4, "molecular_mass": 0.028832, "v": 1003.513826511623, "M": 1.0041162962893968, "Ht": 3600599.99993, "Ue": 2683.505170455239, "total_p": 36233598.9304898, "total_T": 3118.59, "pitot_p": 36233420.592238665, "composition_massf": {"e-": 0.0, "N-": 0.0, "O2+": 0.0, "N": 0.0, "N2": 0.75032, "O+": 0.0, "N2O": 4.1044e-05, "N2+": 0.0, "O": 0.0008814, "O2": 0.21273, "NO": 0.035519, "O-": 0.0, "N+": 0.0, "NO2": 0.0005062, "NO+": 0.0}, "composition_moles": {"e-": 0.0, "N-": 0.0, "O2+": 0.0, "N": 0.0, "N2": 0.7722456481540977, "O+": 0.0, "N2O": 2.6887192089573948e-05, "N2+": 0.0, "O": 0.0015883423628386066, "O2": 0.19167691788442068, "NO": 0.03412918733190918, "O-": 0.0, "N+": 0.0, "NO2": 0.0003172394257208378, "NO+": 0.0}}, "s8": {"state_name": "s8", "gmodel_type": "CEAGas", "rho": 0.053951, "p": 5978.670466958041, "T": 384.52, "a": 393.1, "h": 87607.0, "u": -23210.0, "s": 7958.0, "gamma": 1.3947364735445698, "R": 288.19792027729636, "Cp": 1018.3, "molecular_mass": 0.02885, "v": 2650.657654243565, "M": 6.742960199042393, "Ht": 3600599.99993, "Ue": 2683.505170455239, "total_p": 36233345.26570715, "total_T": 3118.59, "pitot_p": 359389.30227322713, "unit_Re": 6369677.569110265, "k": 0.031990000000000005, "mu": 2.2451e-05, "composition_massf": {"e-": 0.0, "N-": 0.0, "O2+": 0.0, "N": 0.0, "N2": 0.76708, "O+": 0.0, "N2O": 0.0, "N2+": 0.0, "O": 0.0, "O2": 0.23292, "NO": 0.0, "O-": 0.0, "N+": 0.0, "NO2": 0.0, "NO+": 0.0}, "composition_moles": {"e-": 0.0, "N-": 0.0, "O2+": 0.0, "N": 0.0, "N2": 0.7899882913177266, "O+": 0.0, "N2O": 0.0, "N2+": 0.0, "O": 0.0, "O2": 0.20999981249296848, "NO": 0.0, "O-": 0.0, "N+": 0.0, "NO2": 0.0, "NO+": 0.0}}, "s10f": {"state_name": "s10f", "gmodel_type": "IdealGas", "rho": 0.29444639052716737, "p": 315580.6205742446, "T": 3718.8892790221626, "a": 1222.6623616920876, "h": 3786573.0639003655, "u": 2714796.9079446443, "s": 2242.0966436207555, "gamma": 1.394790546880045, "R": 288.19792027729636, "Cp": 1018.1999999999999, "molecular_mass": 0.02885, "v": 485.67108231731055, "M": 0.3972242031276504, "Ht": null, "Ue": null, "total_p": 351698.8375162504, "total_T": 3834.719371614876, "pitot_p": 351698.8375162504}, "s10e": {"state_name": "s10e", "gmodel_type": "CEAGas", "rho": 0.38491367245709873, "p": 331900.0, "T": 2958.360376814567, "a": 1015.7, "h": 3531580.0, "u": 2669300.0, "s": 9295.199999999999, "gamma": 1.2881492994526955, "R": 291.4712893500666, "Cp": 1303.0, "molecular_mass": 0.028526, "v": 371.5265040891306, "M": 0.365783699999144, "Ht": 3600599.99993, "Ue": 2683.505170455239, "total_p": 359389.30227322713, "total_T": 2994.26, "pitot_p": 359389.30227322713, "unit_Re": 1563637.896542578, "k": 0.31077, "mu": 9.1457e-05, "composition_massf": {"e-": 0.0, "N-": 0.0, "O2+": 0.0, "N": 2.4908e-06, "N2": 0.74703, "O+": 0.0, "N2O": 6.3841e-06, "N2+": 0.0, "O": 0.012641, "O2": 0.19735, "NO": 0.042907, "O-": 0.0, "N+": 0.0, "NO2": 6.5933e-05, "NO+": 0.0}, "composition_moles": {"e-": 0.0, "N-": 0.0, "O2+": 0.0, "N": 5.072755238564401e-06, "N2": 0.760699443123648, "O+": 0.0, "N2O": 4.137724402900975e-06, "N2+": 0.0, "O": 0.02253816805630211, "O2": 0.1759317880670525, "NO": 0.040790541989795405, "O-": 0.0, "N+": 0.0,