{"states_dict": {"s4": {"state_name": "s4", "gmodel_type": "CEAGas", "rho": 33.429, "p": 37310000.0, "T": 3861.0, "a": 1256.6, "h": 3288120.0, "u": 2172010.0, "s": 6232.3, "gamma": 1.4148350213656617, "R": 289.06963807669575, "Cp": 985.9, "molecular_mass": 0.028763, "v": 0.0, "M": 0.0, "Ht": 3287120.0, "Ue": 2564.028080969473, "total_p": 37307663.26738406, "total_T": 3861.0, "pitot_p": 37307663.26738406, "composition_massf": {"Ar": 0.83332, "O2": 0.14796, "H2": 0.018713}, "composition_moles": {"Ar": 0.5999995784519876, "O2": 0.1329979086715752, "H2": 0.26700102139016213}}, "s1": {"state_name": "s1", "gmodel_type": "CEAGas", "rho": 2.3934, "p": 205651.23083486516, "T": 298.15, "a": 346.7, "h": 7.000000000000001e-05, "u": -85925.0, "s": 6680.4, "gamma": 1.398557725608831, "R": 288.19792027729636, "Cp": 1011.3000000000001, "molecular_mass": 0.02885, "v": 0.0, "M": 0.0, "Ht": -10.11307, "Ue": null, "total_p": 205617.28220623653, "total_T": 298.14, "pitot_p": 205617.28220623653, "composition_massf": {"e-": 0.0, "N-": 0.0, "O2+": 0.0, "N": 0.0, "N2": 0.76708, "O+": 0.0, "N2O": 0.0, "N2+": 0.0, "O": 0.0, "O2": 0.23292, "NO": 0.0, "O-": 0.0, "N+": 0.0, "NO2": 0.0, "NO+": 0.0}, "composition_moles": {"e-": 0.0, "N-": 0.0, "O2+": 0.0, "N": 0.0, "N2": 0.7899882913177266, "O+": 0.0, "N2O": 0.0, "N2+": 0.0, "O": 0.0, "O2": 0.20999981249296848, "NO": 0.0, "O-": 0.0, "N+": 0.0, "NO2": 0.0, "NO+": 0.0}}, "s2": {"state_name": "s2", "gmodel_type": "CEAGas", "rho": 13.3428726772614, "p": 6016800.0, "T": 1564.7335329881976, "a": 765.5, "h": 1431760.0, "u": 980820.0, "s": 7524.8, "gamma": 1.2995678956731207, "R": 288.18793109424286, "Cp": 1250.2, "molecular_mass": 0.028850999999999998, "v": 1411.5460368217616, "M": 1.8439530200153647, "Ht": 2427999.99993, "Ue": 2203.6333633025256, "total_p": 36268338.96720735, "total_T": 2321.15, "pitot_p": 28035091.14858217, "unit_Re": 320601897.10628295, "k": 0.09692, "mu": 5.8746e-05, "composition_massf": {"e-": 0.0, "N-": 0.0, "O2+": 0.0, "N": 0.0, "N2": 0.76625, "O+": 0.0, "N2O": 1.1833e-06, "N2+": 0.0, "O": 0.0, "O2": 0.23193, "NO": 0.0017215, "O-": 0.0, "N+": 0.0, "NO2": 9.1139e-05, "NO+": 0.0}, "composition_moles": {"e-": 0.0, "N-": 0.0, "O2+": 0.0, "N": 0.0, "N2": 0.7891608569470325, "O+": 0.0, "N2O": 7.756695393158354e-07, "N2+": 0.0, "O": 0.0, "O2": 0.20911448023050866, "NO": 0.0016552299865693974, "O-": 0.0, "N+": 0.0, "NO2": 5.7155150775450756e-05, "NO+": 0.0}}, "s3": {"state_name": "s3", "gmodel_type": "CEAGas", "rho": 9.3344, "p": 6016800.000000003, "T": 2229.84, "a": 965.7, "h": 1717270.0, "u": 1072690.0, "s": 6232.3, "gamma": 1.4467636375168442, "R": 289.06963807669575, "Cp": 936.1, "molecular_mass": 0.028763, "v": 1411.5417213593462, "M": 1.4616772510710843, "Ht": 2712490.0, "Ue": 2329.158646378559, "total_p": 21345179.951608926, "total_T": 3273.7, "pitot_p": 20105228.49609196, "composition_massf": {"Ar": 0.83332, "O2": 0.14796, "H2": 0.018713}, "composition_moles": {"Ar": 0.5999995784519876, "O2": 0.1329979086715752, "H2": 0.26700102139016213}}, "s5": {"state_name": "s5", "gmodel_type": "CEAGas", "rho": 51.741, "p": 41830910.839296795, "T": 2804.3329167677184, "a": 1003.0, "h": 3119920.0, "u": 2311450.0, "s": 7754.2, "gamma": 1.241303191806596, "R": 288.2878540965986, "Cp": 1483.0, "molecular_mass": 0.028841000000000002, "v": 0.0, "M": 0.0, "Ht": 3119929.99993, "Ue": 2497.9711767472418, "total_p": 41829361.07967478, "total_T": 2804.34, "pitot_p": 41829361.07967478, "composition_massf": {"e-": 0.0, "N-": 0.0, "O2+": 0.0, "N": 0.0, "N2": 0.74983, "O+": 0.0, "N2O": 6.0769e-05, "N2+": 0.0, "O": 0.000655, "O2": 0.21232, "NO": 0.036389, "O-": 0.0, "N+": 0.0, "NO2": 0.00073728, "NO+": 0.0}, "composition_moles": {"e-": 0.0, "N-": 0.0, "O2+": 0.0, "N": 0.0, "N2": 0.771982231003734, "O+": 0.0, "N2O": 3.98211140622728e-05, "N2+": 0.0, "O": 0.0011807227146017976, "O2": 0.19136721127042267, "NO": 0.03497605983450032, "O-": 0.0, "N+": 0.0, "NO2": 0.00046220326873960723, "NO+": 0.0}}, "s5d": {"state_name": "s5d", "gmodel_type": "CEAGas", "rho": 27.406, "p": 34218941.38240941, "T": 4319.281544959487, "a": 1326.1, "h": 3742460.0, "u": 2493880.0, "s": 6368.5, "gamma": 1.4085037240219864, "R": 289.06963807669575, "Cp": 996.7, "molecular_mass": 0.028763, "v": 0.0, "M": 0.0, "Ht": 3741460.0, "Ue": 2735.4926430169758, "total_p": 34215383.76907135, "total_T": 4319.29, "pitot_p": 34215383.76907135, "composition_massf": {"Ar": 0.83332, "O2": 0.14796, "H2": 0.018713}, "composition_moles": {"Ar": 0.5999995784519876, "O2": 0.1329979086715752, "H2": 0.26700102139016213}}, "s6": {"state_name": "s6", "gmodel_type": "CEAGas", "rho": 32.088, "p": 23024119.24870081, "T": 2489.64, "a": 949.1, "h": 2664740.0, "u": 1947210.0, "s": 7754.2, "gamma": 1.2543776896021845, "R": 288.20791015286494, "Cp": 1421.2, "molecular_mass": 0.028849, "v": 954.127874029472, "M": 1.0052975176793508, "Ht": 3119919.99993, "Ue": 2497.9671734952803, "total_p": 41829225.05438296, "total_T": 2804.33, "pitot_p": 41828955.257695, "composition_massf": {"e-": 0.0, "N-": 0.0, "O2+": 0.0, "N": 0.0, "N2": 0.75632, "O+": 0.0, "N2O": 2.7991e-05, "N2+": 0.0, "O": 0.00022408, "O2": 0.22025, "NO": 0.022705, "O-": 0.0, "N+": 0.0, "NO2": 0.00046571, "NO+": 0.0}, "composition_moles": {"e-": 0.0, "N-": 0.0, "O2+": 0.0, "N": 0.0, "N2": 0.7788799531652709, "O+": 0.0, "N2O": 1.8347216241638794e-05, "N2+": 0.0, "O": 0.00040404539670237636, "O2": 0.19856970417640663, "NO": 0.02182944617927688, "O-": 0.0, "N+": 0.0, "NO2": 0.0002920361215506842, "NO+": 0.0}}, "s8": {"state_name": "s8", "gmodel_type": "CEAGas", "rho": 0.070261, "p": 6531.814822129545, "T": 322.58, "a": 360.5, "h": 24723.0, "u": -68243.0, "s": 7754.2, "gamma": 1.397787567963368, "R": 288.19792027729636, "Cp": 1012.6999999999999, "molecular_mass": 0.02885, "v": 2488.050240650297, "M": 6.901665022608313, "Ht": 3119919.99993, "Ue": 2497.9671734952803, "total_p": 41829077.01340996, "total_T": 2804.33, "pitot_p": 410861.39380559884, "unit_Re": 8854872.756475054, "k": 0.028000000000000004, "mu": 1.9742000000000002e-05, "composition_massf": {"e-": 0.0, "N-": 0.0, "O2+": 0.0, "N": 0.0, "N2": 0.76708, "O+": 0.0, "N2O": 0.0, "N2+": 0.0, "O": 0.0, "O2": 0.23292, "NO": 0.0, "O-": 0.0, "N+": 0.0, "NO2": 0.0, "NO+": 0.0}, "composition_moles": {"e-": 0.0, "N-": 0.0, "O2+": 0.0, "N": 0.0, "N2": 0.7899882913177266, "O+": 0.0, "N2O": 0.0, "N2+": 0.0, "O": 0.0, "O2": 0.20999981249296848, "NO": 0.0, "O-": 0.0, "N+": 0.0, "NO2": 0.0, "NO+": 0.0}}, "s10f": {"state_name": "s10f", "gmodel_type": "IdealGas", "rho": 0.38307992482555636, "p": 361696.24489877484, "T": 3276.1498947656123, "a": 1148.809160608745, "h": 3317756.998429135, "u": 2373577.412241002, "s": 2060.5435285366484, "gamma": 1.397787567963368, "R": 288.19792027729636, "Cp": 1012.6999999999998, "molecular_mass": 0.02885, "v": 456.32612805068464, "M": 0.3972166515532318, "Ht": null, "Ue": null, "total_p": 403179.57958606473, "total_T": 3378.9609617853275, "pitot_p": 403179.57958606473}, "s10e": {"state_name": "s10e", "gmodel_type": "CEAGas", "rho": 0.4812621516439053, "p": 377980.0, "T": 2713.6130728392172, "a": 978.9, "h": 3053950.0, "u": 2268560.0, "s": 9089.2, "gamma": 1.288016820092783, "R": 289.42181843497633, "Cp": 1294.3, "molecular_mass": 0.028728, "v": 363.23840834190054, "M": 0.37106794191633524, "Ht": 3119919.99993, "Ue": 2497.9671734952803, "total_p": 410861.39380559884, "total_T": 2753.06, "pitot_p": 410861.39380559884, "unit_Re": 2037208.9262129182, "k": 0.22289, "mu": 8.581000000000001e-05, "composition_massf": {"e-": 0.0, "N-": 0.0, "O2+": 0.0, "N": 0.0, "N2": 0.75217, "O+": 0.0, "N2O": 5.0419e-06, "N2+": 0.0, "O": 0.0047662, "O2": 0.2111, "NO": 0.031891, "O-": 0.0, "N+": 0.0, "NO2": 6.6002e-05, "NO+": 0.0}, "composition_moles": {"e-": 0.0, "N-": 0.0, "O2+": 0.0, "N": 0.0, "N2": 0.7713572704491423, "O+": 0.0, "N2O": 3.290944979642286e-06, "N2+": 0.0, "O": 0.008558033026238485, "O2": 0.18952213207995303, "NO": 0.03053261330196194, "O-": 0.0, "N+": 0.0, "NO2": 4.12147559748291e-05,