{"states_dict": {"s4": {"state_name": "s4", "gmodel_type": "CEAGas", "rho": 0.82159, "p": 2611067.9705486763, "T": 3266.607784349787, "a": 1940.6, "h": 3318860.0, "u": 140800.0, "s": 22767.7, "gamma": 1.1082964697039697, "R": 972.9124736718934, "Cp": 9956.699999999999, "molecular_mass": 0.008546, "v": 1.2172952445772078, "M": 0.0006272777721205853, "Ht": 3317840.0, "Ue": 2575.9813663922337, "total_p": 2611167.7504497995, "total_T": 3266.61, "pitot_p": 2611167.7504497995, "composition_massf": {"H2O": 0.56326, "OH": 0.070981, "He": 0.28943, "HO2": 0.000127, "O": 0.011378, "O2": 0.052535, "H2": 0.010627, "H": 0.0016449, "H2O2": 1.6269e-05}, "composition_moles": {"H2O": 0.2671965109618057, "OH": 0.03566716641167872, "He": 0.617965208631785, "HO2": 3.2882435526804516e-05, "O": 0.006077502156330863, "O2": 0.014030654587047015, "H2": 0.04505146238863423, "H": 0.013946579558307038, "H2O2": 4.087496163421205e-06}}, "s1": {"state_name": "s1", "gmodel_type": "CEAGas", "rho": 0.28044, "p": 24096.38554216867, "T": 298.15, "a": 346.7, "h": 7.000000000000001e-05, "u": -85925.0, "s": 7298.3, "gamma": 1.398557725608831, "R": 288.19792027729636, "Cp": 1011.3000000000001, "molecular_mass": 0.02885, "v": 0.0, "M": 0.0, "Ht": null, "Ue": null, "total_p": 24095.147697529213, "total_T": 298.15, "pitot_p": 24095.147697529213, "composition_massf": {"e-": 0.0, "N-": 0.0, "O2+": 0.0, "N": 0.0, "N2": 0.76708, "O+": 0.0, "N2O": 0.0, "N2+": 0.0, "O": 0.0, "O2": 0.23292, "NO": 0.0, "O-": 0.0, "N+": 0.0, "NO2": 0.0, "NO+": 0.0}, "composition_moles": {"e-": 0.0, "N-": 0.0, "O2+": 0.0, "N": 0.0, "N2": 0.7899882913177266, "O+": 0.0, "N2O": 0.0, "N2+": 0.0, "O": 0.0, "O2": 0.20999981249296848, "NO": 0.0, "O-": 0.0, "N+": 0.0, "NO2": 0.0, "NO+": 0.0}}, "s2": {"state_name": "s2", "gmodel_type": "CEAGas", "rho": 1.6789879882804095, "p": 922400.0, "T": 1906.2667100177846, "a": 839.1, "h": 1869120.0, "u": 1319740.0, "s": 8317.9, "gamma": 1.2813328145090344, "R": 288.19792027729636, "Cp": 1312.6, "molecular_mass": 0.02885, "v": 1633.4532873839453, "M": 1.946672967922709, "Ht": 3203209.99993, "Ue": 2531.0906739704133, "total_p": 6563392.626431548, "total_T": 2848.07, "pitot_p": 4696966.034573043, "unit_Re": 40853072.28944157, "k": 0.11723, "mu": 6.713200000000001e-05, "composition_massf": {"e-": 0.0, "N-": 0.0, "O2+": 0.0, "N": 0.0, "N2": 0.76425, "O+": 0.0, "N2O": 1.5279e-06, "N2+": 0.0, "O": 2.6125e-05, "O2": 0.22963, "NO": 0.0060319, "O-": 0.0, "N+": 0.0, "NO2": 5.7227e-05, "NO+": 0.0}, "composition_moles": {"e-": 0.0, "N-": 0.0, "O2+": 0.0, "N": 0.0, "N2": 0.7870737754074836, "O+": 0.0, "N2O": 1.001524897302603e-06, "N2+": 0.0, "O": 4.710840719026964e-05, "O2": 0.20703356063352377, "NO": 0.005799497935419798, "O-": 0.0, "N+": 0.0, "NO2": 3.5886990685896255e-05, "NO+": 0.0}}, "s3": {"state_name": "s3", "gmodel_type": "CEAGas", "rho": 0.34277, "p": 922399.9999999995, "T": 2831.63, "a": 1796.6, "h": 269690.0, "u": -2421290.0, "s": 22767.7, "gamma": 1.1417957922198296, "R": 950.3383243799292, "Cp": 7652.5, "molecular_mass": 0.008749, "v": 1633.4154929957024, "M": 0.909170373480854, "Ht": 1602700.0, "Ue": 1790.3630916660452, "total_p": 1485689.21158188, "total_T": 3029.85, "pitot_p": 1485689.21158188, "composition_massf": {"H2O": 0.63287, "OH": 0.034927, "He": 0.28943, "HO2": 3.3946e-05, "O": 0.0034901, "O2": 0.032618, "H2": 0.00606, "H": 0.00056283, "H2O2": 4.5773999999999996e-06}, "composition_moles": {"H2O": 0.3073490742303201, "OH": 0.01796732016882123, "He": 0.6326442324268063, "HO2": 8.99796690009374e-06, "O": 0.0019085018750703154, "O2": 0.008918299498731205, "H2": 0.026300642895410443, "H": 0.004885409518423715, "H2O2": 1.1773643791445341e-06}}, "s5": {"state_name": "s5", "gmodel_type": "CEAGas", "rho": 0.00028178, "p": 24.12050604821689, "T": 298.15, "a": 346.2, "h": 7.000000000000001e-05, "u": -85601.0, "s": 9256.1, "gamma": 1.3999978043324515, "R": 287.11315998480615, "Cp": 1004.8999999999999, "molecular_mass": 0.028959, "v": 0.0, "M": 0.0, "Ht": -10.04807, "Ue": null, "total_p": 24.11845841550954, "total_T": 298.14, "pitot_p": 24.11845841550954, "composition_massf": {"e-": 0.0, "O+": 0.0, "N2": 0.75566, "N": 0.0, "O2+": 0.0, "N2+": 0.0, "Ar": 0.01283, "O": 0.0, "O2": 0.23151, "NO": 0.0, "Ar+": 0.0, "N+": 0.0, "NO+": 0.0}, "composition_moles": {"e-": 0.0, "O+": 0.0, "N2": 0.7811675105485232, "N": 0.0, "O2+": 0.0, "N2+": 0.0, "Ar": 0.009300690147191348, "O": 0.0, "O2": 0.20951717220645774, "NO": 0.0, "Ar+": 0.0, "N+": 0.0, "NO+": 0.0}}, "s6": {"state_name": "s6", "gmodel_type": "CEAGas", "rho": 0.003177383512948005, "p": 5261.5, "T": 4667.228908615586, "a": 1384.9, "h": 10117600.0, "u": 8461660.0, "s": 12371.5, "gamma": 1.0943657867361118, "R": 354.80541094136726, "Cp": 4114.7, "molecular_mass": 0.023434, "v": 4115.641334838304, "M": 2.9717967613822687, "Ht": 18586899.99993, "Ue": 6097.032064854178, "total_p": 274791.79297628254, "total_T": 6741.72, "pitot_p": 54973.86059917008, "composition_massf": {"e-": 0.0, "O+": 0.0, "N2": 0.72321, "N": 0.029063, "O2+": 0.0, "N2+": 0.0, "Ar": 0.01283, "O": 0.22725, "O2": 0.00039323, "NO": 0.0071965, "Ar+": 0.0, "N+": 0.0, "NO+": 5.6034e-05}, "composition_moles": {"e-": 0.0, "O+": 0.0, "N2": 0.6049855833279788, "N": 0.04862404006653959, "O2+": 0.0, "N2+": 0.0, "Ar": 0.007526239611494943, "O": 0.3328485130692401, "O2": 0.0002879780435516332, "NO": 0.005620283242407377, "Ar+": 0.0, "N+": 0.0, "NO+": 4.37619272012445e-05}}, "s7": {"state_name": "s7", "gmodel_type": "CEAGas", "rho": 0.011951, "p": 1195.5107380945583, "T": 347.12, "a": 373.8, "h": 49597.0, "u": -50441.0, "s": 8317.9, "gamma": 1.3968017279908218, "R": 288.19792027729636, "Cp": 1014.5, "molecular_mass": 0.02885, "v": 4516.146932426168, "M": 12.081719990439186, "Ht": 10247299.99993, "Ue": 4527.096199536741, "total_p": 1148554500.0771544, "total_T": 6998.52, "pitot_p": 233435.2117742933, "unit_Re": 2589974.182514762, "k": 0.029609999999999997, "mu": 2.0839e-05, "composition_massf": {"e-": 0.0, "N-": 0.0, "O2+": 0.0, "N": 0.0, "N2": 0.76708, "O+": 0.0, "N2O": 0.0, "N2+": 0.0, "O": 0.0, "O2": 0.23292, "NO": 0.0, "O-": 0.0, "N+": 0.0, "NO2": 0.0, "NO+": 0.0}, "composition_moles": {"e-": 0.0, "N-": 0.0, "O2+": 0.0, "N": 0.0, "N2": 0.7899882913177266, "O+": 0.0, "N2O": 0.0, "N2+": 0.0, "O": 0.0, "O2": 0.20999981249296848, "NO": 0.0, "O-": 0.0, "N+": 0.0, "NO2": 0.0, "NO+": 0.0}}, "s8": {"state_name": "s8", "gmodel_type": "CEAGas", "rho": 0.00073847, "p": 24.349139434736152, "T": 114.41, "a": 214.4, "h": -185660.0, "u": -218630.0, "s": 8317.9, "gamma": -0.0, "R": 288.19792027729636, "Cp": 0.0, "molecular_mass": 0.02885, "v": 4567.942328364303, "M": 21.30570115841559, "Ht": 10247299.99993, "Ue": 4527.096199536741, "total_p": 1148554500.0015366, "total_T": 6998.52, "pitot_p": 14762.301206803348, "unit_Re": null, "k": 0.0, "mu": 0.0, "composition_massf": {"e-": 0.0, "N-": 0.0, "O2+": 0.0, "N": 0.0, "N2": 0.76708, "O+": 0.0, "N2O": 0.0, "N2+": 0.0, "O": 0.0, "O2": 0.23292, "NO": 0.0, "O-": 0.0, "N+": 0.0, "NO2": 0.0, "NO+": 0.0}, "composition_moles": {"e-": 0.0, "N-": 0.0, "O2+": 0.0, "N": 0.0, "N2": 0.7899882913177266, "O+": 0.0, "N2O": 0.0, "N2+": 0.0, "O": 0.0, "O2": 0.20999981249296848, "NO": 0.0, "O-": 0.0, "N+": 0.0, "NO2": 0.0, "NO+": 0.0}}, "s10f": {"state_name": "s10f", "gmodel_type": "IdealGas", "rho": 0.004439573868454421, "p": 12870.138950764662, "T": 10058.914270614194, "a": 2010.0916421839804, "h": 10261098.44745354, "u": 7362140.274414913, "s": 4184.016334003724, "gamma": 1.393765680221166, "R": 288.19792027729636, "Cp": 1020.1000000000003, "molecular_mass": 0.02885, "v": 759.8154396662424, "M": 0.37800039745486275, "Ht": null, "Ue": null, "total_p": 14198.106172794673, "total_T": 10341.886294740256, "pitot_p": 14198.106172794673}, "s10e": {"state_name": "s10e", "gmodel_type": "CEAGas", "rho": 0.008287762422323012, "p": 14060.0, "T": 4787.4218641350335, "a": 1409.5, "h": 10164500.0, "u": 8468060.0, "s": 12076.4, "gamma": 1.3528176417078503, "R": 354.3517729287419, "Cp": 1358.7,