driver_condition,area_ratio,test_gas_gas_model,test_gas_name,accelerator_gas_gas_model,accelerator_gas_name,p1,p5,vs1,vs2,Ht,h,Ue,pitot_p,total_p,basic_test_time_us,p2,T2,rho2,v2,M2,a2,gamma2,R2,Ht2,h2,p3,T3,rho3,v3,M3,a3,p7,T7,rho7,v7,M7,a7,p6,T6,rho6,v6,M6,a6,p8,T8,rho8,v8,M8,a8,gamma8,R8,unit_Re8,p10f,T10f,rho10f,v10f,M10f,a10f,p10e,T10e,rho10e,v10e,M10e,a10e,unit_Re10e,s2 Xe-,s2 XN-,s2 XO2+,s2 XN,s2 XN2,s2 XO+,s2 XN2O,s2 XN2+,s2 XO,s2 XO2,s2 XNO,s2 XO-,s2 XN+,s2 XNO2,s2 XNO+,s7 Xe-,s7 XN-,s7 XO2+,s7 XN,s7 XN2,s7 XO+,s7 XN2O,s7 XN2+,s7 XO,s7 XO2,s7 XNO,s7 XO-,s7 XN+,s7 XNO2,s7 XNO+,s8 Xe-,s8 XN-,s8 XO2+,s8 XN,s8 XN2,s8 XO+,s8 XN2O,s8 XN2+,s8 XO,s8 XO2,s8 XNO,s8 XO-,s8 XN+,s8 XNO2,s8 XNO+,s10e Xe-,s10e XN-,s10e XO2+,s10e XN,s10e XN2,s10e XO+,s10e XN2O,s10e XN2+,s10e XO,s10e XO2,s10e XNO,s10e XO-,s10e XN+,s10e XNO2,s10e XNO+
custom_from_dict,16,CEAGas,n2-o2-with-ions,CEAGas,air13species,24096.38554216867,24.12050604821689,1960.997028287105,4516.146932426161,10247299.99993,-185660.0,4527.096199536741,14762.301206803348,1148554500.0015366,103.24362055050148,922400.0,1906.2667100177846,1.6789879882804095,1633.4532873839453,1.946672967922709,839.1,1.2813328145090344,288.19792027729636,3203209.99993,1869120.0,922399.9999999995,2831.63,0.34277,1633.4154929957024,0.909170373480854,1796.6,1195.5107380945583,347.12,0.011951,4516.146932426168,12.081719990439186,373.8,5261.5,4667.228908615586,0.003177383512948005,4115.641334838304,2.9717967613822687,1384.9,24.349139434736152,114.41,0.00073847,4567.942328364303,21.30570115841559,214.4,-0.0,288.19792027729636,None,12870.138950764662,10058.914270614194,0.004439573868454421,759.8154396662424,0.37800039745486275,2010.0916421839804,14060.0,4787.4218641350335,0.008287762422323012,407.02039939528976,0.2887693504046043,1409.5,23922.334382151523,0.0,0.0,0.0,0.0,0.7870737754074836,0.0,1.001524897302603e-06,0.0,4.710840719026964e-05,0.20703356063352377,0.005799497935419798,0.0,0.0,3.5886990685896255e-05,0.0,0.0,0.0,0.0,0.0,0.7899882913177266,0.0,0.0,0.0,0.0,0.20999981249296848,0.0,0.0,0.0,0.0,0.0,0.0,0.0,0.0,0.0,0.7899882913177266,0.0,0.0,0.0,0.0,0.20999981249296848,0.0,0.0,0.0,0.0,0.0,0.0,0.0,0.0,0.04120820293145423,0.6177293723717935,0.0,0.0,0.0,0.3321453754515794,0.0005490195282323087,0.008303003455963954,0.0,0.0,0.0,4.482749815422488e-05