{"states_dict": {"s4": {"state_name": "s4", "gmodel_type": "CEAGas", "rho": 33.429, "p": 37310000.0, "T": 3861.0, "a": 1256.6, "h": 3288120.0, "u": 2172010.0, "s": 6232.3, "gamma": 1.4148350213656617, "R": 289.06963807669575, "Cp": 985.9, "molecular_mass": 0.028763, "v": 0.0, "M": 0.0, "Ht": 3287120.0, "Ue": 2564.028080969473, "total_p": 37307663.26738406, "total_T": 3861.0, "pitot_p": 37307663.26738406, "composition_massf": {"Ar": 0.83332, "O2": 0.14796, "H2": 0.018713}, "composition_moles": {"Ar": 0.5999995784519876, "O2": 0.1329979086715752, "H2": 0.26700102139016213}}, "s1": {"state_name": "s1", "gmodel_type": "CEAGas", "rho": 0.90109, "p": 77426.36826811278, "T": 298.15, "a": 346.7, "h": 7.000000000000001e-05, "u": -85925.0, "s": 6961.9, "gamma": 1.398557725608831, "R": 288.19792027729636, "Cp": 1011.3000000000001, "molecular_mass": 0.02885, "v": 0.0, "M": 0.0, "Ht": null, "Ue": null, "total_p": 77422.50763930446, "total_T": 298.15, "pitot_p": 77422.50763930446, "composition_massf": {"e-": 0.0, "N-": 0.0, "O2+": 0.0, "N": 0.0, "N2": 0.76708, "O+": 0.0, "N2O": 0.0, "N2+": 0.0, "O": 0.0, "O2": 0.23292, "NO": 0.0, "O-": 0.0, "N+": 0.0, "NO2": 0.0, "NO+": 0.0}, "composition_moles": {"e-": 0.0, "N-": 0.0, "O2+": 0.0, "N": 0.0, "N2": 0.7899882913177266, "O+": 0.0, "N2O": 0.0, "N2+": 0.0, "O": 0.0, "O2": 0.20999981249296848, "NO": 0.0, "O-": 0.0, "N+": 0.0, "NO2": 0.0, "NO+": 0.0}}, "s2": {"state_name": "s2", "gmodel_type": "CEAGas", "rho": 5.605303512403219, "p": 3436900.0, "T": 2127.507218009899, "a": 882.7, "h": 2163750.0, "u": 1550600.0, "s": 8085.000000000001, "gamma": 1.2702019110559228, "R": 288.19792027729636, "Cp": 1354.8, "molecular_mass": 0.02885, "v": 1768.853746889702, "M": 2.0039127074767213, "Ht": 3728179.99993, "Ue": 2730.6336260765556, "total_p": 26846725.328935515, "total_T": 3194.97, "pitot_p": 18328877.265375197, "unit_Re": 137013226.28851572, "k": 0.13129, "mu": 7.2365e-05, "composition_massf": {"e-": 0.0, "N-": 0.0, "O2+": 0.0, "N": 0.0, "N2": 0.76194, "O+": 0.0, "N2O": 5.2415e-06, "N2+": 0.0, "O": 7.1838e-05, "O2": 0.22693, "NO": 0.010911, "O-": 0.0, "N+": 0.0, "NO2": 0.00013786, "NO+": 0.0}, "composition_moles": {"e-": 0.0, "N-": 0.0, "O2+": 0.0, "N": 0.0, "N2": 0.7846947889224443, "O+": 0.0, "N2O": 3.4357567571252003e-06, "N2+": 0.0, "O": 0.0001295377514156781, "O2": 0.2045992505968974, "NO": 0.010490611908911856, "O-": 0.0, "N+": 0.0, "NO2": 8.645185901685669e-05, "NO+": 0.0}}, "s3": {"state_name": "s3", "gmodel_type": "CEAGas", "rho": 6.3476, "p": 3436900.000000002, "T": 1873.06, "a": 888.4, "h": 1385950.0, "u": 844510.0, "s": 6232.3, "gamma": 1.457583892590856, "R": 289.06963807669575, "Cp": 920.8, "molecular_mass": 0.028763, "v": 1768.8405844172507, "M": 1.9910407298708361, "Ht": 2949350.0, "Ue": 2428.723944790762, "total_p": 27173655.23314967, "total_T": 3516.91, "pitot_p": 19821219.303102557, "composition_massf": {"Ar": 0.83332, "O2": 0.14796, "H2": 0.018713}, "composition_moles": {"Ar": 0.5999995784519876, "O2": 0.1329979086715752, "H2": 0.26700102139016213}}, "s5": {"state_name": "s5", "gmodel_type": "CEAGas", "rho": 24.136, "p": 26277484.15585852, "T": 3738.843019765459, "a": 1149.8, "h": 4674320.0, "u": 3585580.0, "s": 8364.1, "gamma": 1.1837887374556297, "R": 291.1956712079291, "Cp": 1875.6, "molecular_mass": 0.028553000000000002, "v": 0.0, "M": 0.0, "Ht": 4674319.99993, "Ue": 3057.554578394309, "total_p": 26281339.796100423, "total_T": 3738.85, "pitot_p": 26281339.796100423, "composition_massf": {"e-": 0.0, "N-": 0.0, "O2+": 0.0, "N": 1.6684e-05, "N2": 0.72669, "O+": 0.0, "N2O": 0.00011859, "N2+": 0.0, "O": 0.011829, "O2": 0.17476, "NO": 0.085869, "O-": 0.0, "N+": 0.0, "NO2": 0.00071367, "NO+": 0.0}, "composition_moles": {"e-": 0.0, "N-": 0.0, "O2+": 0.0, "N": 3.401074143088665e-05, "N2": 0.7406876555505578, "O+": 0.0, "N2O": 7.693444338919588e-05, "N2+": 0.0, "O": 0.021110381451804442, "O2": 0.1559409190344638, "NO": 0.08171063740372791, "O-": 0.0, "N+": 0.0, "NO2": 0.00044293442110182477, "NO+": 0.0}}, "s5d": {"state_name": "s5d", "gmodel_type": "CEAGas", "rho": 22.622, "p": 31039921.693178624, "T": 4746.550280757677, "a": 1387.6, "h": 4170330.0, "u": 2798250.0, "s": 6491.1, "gamma": 1.4032046254830255, "R": 289.06963807669575, "Cp": 1006.0, "molecular_mass": 0.028763, "v": 0.0, "M": 0.0, "Ht": 4169330.0, "Ue": 2887.6738042929987, "total_p": 31041051.274522714, "total_T": 4746.55, "pitot_p": 31041051.274522714, "composition_massf": {"Ar": 0.83332, "O2": 0.14796, "H2": 0.018713}, "composition_moles": {"Ar": 0.5999995784519876, "O2": 0.1329979086715752, "H2": 0.26700102139016213}}, "s6": {"state_name": "s6", "gmodel_type": "CEAGas", "rho": 15.016, "p": 14754796.964509105, "T": 3388.81, "a": 1094.2, "h": 4076860.0, "u": 3094250.0, "s": 8364.1, "gamma": 1.1963222067491477, "R": 289.95675675675676, "Cp": 1766.8999999999999, "molecular_mass": 0.028675, "v": 1094.2009636930225, "M": 1.0000008807284064, "Ht": 4675499.99993, "Ue": 3057.94048337439, "total_p": 26309994.134755123, "total_T": 3739.53, "pitot_p": 26314247.935136963, "composition_massf": {"e-": 0.0, "N-": 0.0, "O2+": 0.0, "N": 4.4775e-06, "N2": 0.73572, "O+": 0.0, "N2O": 6.775e-05, "N2+": 0.0, "O": 0.006989, "O2": 0.18996, "NO": 0.066742, "O-": 0.0, "N+": 0.0, "NO2": 0.00051375, "NO+": 0.0}, "composition_moles": {"e-": 0.0, "N-": 0.0, "O2+": 0.0, "N": 9.166492642806657e-06, "N2": 0.7530956970592645, "O+": 0.0, "N2O": 4.414014218590955e-05, "N2+": 0.0, "O": 0.012526068165056192, "O2": 0.17022835231321176, "NO": 0.06378125947723963, "O-": 0.0, "N+": 0.0, "NO2": 0.0003202178272163111, "NO+": 0.0}}, "s8": {"state_name": "s8", "gmodel_type": "CEAGas", "rho": 0.031519, "p": 4901.910226960173, "T": 539.65, "a": 463.5, "h": 247400.0, "u": 91875.0, "s": 8364.1, "gamma": 1.381061916930023, "R": 288.19792027729636, "Cp": 1044.5, "molecular_mass": 0.02885, "v": 2975.936113048588, "M": 6.420574138184656, "Ht": 4675499.99993, "Ue": 3057.94048337439, "total_p": 26309815.040618576, "total_T": 3739.53, "pitot_p": 266813.65376283706, "unit_Re": 3284607.2888321057, "k": 0.04127, "mu": 2.8557e-05, "composition_massf": {"e-": 0.0, "N-": 0.0, "O2+": 0.0, "N": 0.0, "N2": 0.76708, "O+": 0.0, "N2O": 0.0, "N2+": 0.0, "O": 0.0, "O2": 0.23292, "NO": 0.0, "O-": 0.0, "N+": 0.0, "NO2": 0.0, "NO+": 0.0}, "composition_moles": {"e-": 0.0, "N-": 0.0, "O2+": 0.0, "N": 0.0, "N2": 0.7899882913177266, "O+": 0.0, "N2O": 0.0, "N2+": 0.0, "O": 0.0, "O2": 0.20999981249296848, "NO": 0.0, "O-": 0.0, "N+": 0.0, "NO2": 0.0, "NO+": 0.0}}, "s10f": {"state_name": "s10f", "gmodel_type": "IdealGas", "rho": 0.17470317001873314, "p": 233675.5496406558, "T": 4641.107682573864, "a": 1359.1356952358228, "h": 4847636.9744484, "u": 3510079.39254763, "s": 2626.45078400867, "gamma": 1.381061916930023, "R": 288.19792027729636, "Cp": 1044.4999999999998, "molecular_mass": 0.02885, "v": 536.889793207078, "M": 0.39502295104825613, "Ht": null, "Ue": null, "total_p": 259852.8436588281, "total_T": 4779.092675417303, "pitot_p": 259852.8436588281}, "s10e": {"state_name": "s10e", "gmodel_type": "CEAGas", "rho": 0.24755035847016235, "p": 248500.0, "T": 3348.474252834661, "a": 1084.6, "h": 4603710.0, "u": 3599880.0, "s": 9719.5, "gamma": 1.295232727761061, "R": 299.7840274021994, "Cp": 1315.1999999999998, "molecular_mass": 0.027735, "v": 378.9068653620396, "M": 0.34935171064174775, "Ht": 4675479.99993, "Ue": 3057.933943017736, "total_p": 266813.65376283706, "total_T": 3378.39, "pitot_p": 266813.65376283706, "unit_Re": 927596.2257434574, "k": 0.53602, "mu": 0.00010112000000000002, "composition_massf": {"e-": 0.0, "N-": 0.0, "O2+": 0.0, "N": 2.8608e-05, "N2": 0.7397, "O+": 0.0, "N2O": 7.5826e-06, "N2+": 0.0, "O": 0.04461, "O2": 0.15705, "NO": 0.058541, "O-": 0.0, "N+": 0.0, "NO2": 5.3457e-05, "NO+": 0.0}, "composition_moles": {"e-": 0.0, "N-": 0.0, "O2+": 0.0, "N": 5.6647381610229393e-05, "N2": 0.7323487866521022, "O+": 0.0, "N2O": 4.778232945870292e-06, "N2+": 0.0, "O": 0.0773315468080053, "O2": 0.13612328431066165,