{"states_dict": {"s4": {"state_name": "s4", "gmodel_type": "CEAGas", "rho": 33.429, "p": 37310000.0, "T": 3861.0, "a": 1256.6, "h": 3288120.0, "u": 2172010.0, "s": 6232.3, "gamma": 1.4148350213656617, "R": 289.06963807669575, "Cp": 985.9, "molecular_mass": 0.028763, "v": 0.0, "M": 0.0, "Ht": 3287120.0, "Ue": 2564.028080969473, "total_p": 37307663.26738406, "total_T": 3861.0, "pitot_p": 37307663.26738406, "composition_massf": {"Ar": 0.83332, "O2": 0.14796, "H2": 0.018713}, "composition_moles": {"Ar": 0.5999995784519876, "O2": 0.1329979086715752, "H2": 0.26700102139016213}}, "s1": {"state_name": "s1", "gmodel_type": "CEAGas", "rho": 0.11638, "p": 10000.0, "T": 298.15, "a": 346.7, "h": 7.000000000000001e-05, "u": -85925.0, "s": 7551.8, "gamma": 1.398557725608831, "R": 288.19792027729636, "Cp": 1011.3000000000001, "molecular_mass": 0.02885, "v": 0.0, "M": 0.0, "Ht": -10.11307, "Ue": null, "total_p": 9997.888957821484, "total_T": 298.14, "pitot_p": 9997.888957821484, "composition_massf": {"e-": 0.0, "N-": 0.0, "O2+": 0.0, "N": 0.0, "N2": 0.76708, "O+": 0.0, "N2O": 0.0, "N2+": 0.0, "O": 0.0, "O2": 0.23292, "NO": 0.0, "O-": 0.0, "N+": 0.0, "NO2": 0.0, "NO+": 0.0}, "composition_moles": {"e-": 0.0, "N-": 0.0, "O2+": 0.0, "N": 0.0, "N2": 0.7899882913177266, "O+": 0.0, "N2O": 0.0, "N2+": 0.0, "O": 0.0, "O2": 0.20999981249296848, "NO": 0.0, "O-": 0.0, "N+": 0.0, "NO2": 0.0, "NO+": 0.0}}, "s2": {"state_name": "s2", "gmodel_type": "CEAGas", "rho": 0.8943429498982586, "p": 861280.0, "T": 3279.732735897729, "a": 1070.7, "h": 4133279.9999999995, "u": 3170250.0, "s": 9209.300000000001, "gamma": 1.142646405389709, "R": 293.6329283797147, "Cp": 2352.1, "molecular_mass": 0.028315999999999997, "v": 2522.4702253940663, "M": 2.3559075608425015, "Ht": 7314709.99993, "Ue": 3824.8424803983758, "total_p": 12180237.648641784, "total_T": 4802.68, "pitot_p": 5885891.490030619, "unit_Re": 22851577.7882281, "k": 0.37912, "mu": 9.872200000000001e-05, "composition_massf": {"e-": 0.0, "N-": 0.0, "O2+": 0.0, "N": 1.0569e-05, "N2": 0.73965, "O+": 0.0, "N2O": 1.4217e-05, "N2+": 0.0, "O": 0.020958, "O2": 0.18061, "NO": 0.058639, "O-": 0.0, "N+": 0.0, "NO2": 0.0001123, "NO+": 0.0}, "composition_moles": {"e-": 0.0, "N-": 0.0, "O2+": 0.0, "N": 2.136633211248902e-05, "N2": 0.7476396795819144, "O+": 0.0, "N2O": 9.146624890940817e-06, "N2+": 0.0, "O": 0.03709181144292911, "O2": 0.15982326712251707, "NO": 0.05533614578369064, "O-": 0.0, "N+": 0.0, "NO2": 6.911970959993914e-05, "NO+": 0.0}}, "s3": {"state_name": "s3", "gmodel_type": "CEAGas", "rho": 2.4775, "p": 861280.0, "T": 1202.62, "a": 718.2, "h": 779760.0, "u": 432110.0, "s": 6232.3, "gamma": 1.4839359532067642, "R": 289.06963807669575, "Cp": 886.4, "molecular_mass": 0.028763, "v": 2522.4490966906696, "M": 3.512181978126802, "Ht": 3960130.0, "Ue": 2814.2956490034944, "total_p": 65019083.78259872, "total_T": 4538.14, "pitot_p": 14807162.774308208, "composition_massf": {"Ar": 0.83332, "O2": 0.14796, "H2": 0.018713}, "composition_moles": {"Ar": 0.5999995784519876, "O2": 0.1329979086715752, "H2": 0.26700102139016213}}, "s5": {"state_name": "s5", "gmodel_type": "CEAGas", "rho": 4.6283, "p": 7913656.755072985, "T": 5286.024919148845, "a": 1449.2, "h": 8837920.0, "u": 7128070.0, "s": 9647.9, "gamma": 1.139419621087488, "R": 323.4714441332088, "Cp": 2643.6000000000004, "molecular_mass": 0.025704, "v": 0.0, "M": 0.0, "Ht": 8837929.99993, "Ue": 4204.266880189696, "total_p": 7912963.704377602, "total_T": 5286.01, "pitot_p": 7912963.704377602, "composition_massf": {"e-": 0.0, "N-": 0.0, "O2+": 0.0, "N": 0.0031114, "N2": 0.7165, "O+": 0.0, "N2O": 8.334e-05, "N2+": 0.0, "O": 0.13225, "O2": 0.046415, "NO": 0.10146, "O-": 2.3067e-06, "N+": 0.0, "NO2": 0.00014711, "NO+": 2.5416e-05}, "composition_moles": {"e-": 0.0, "N-": 0.0, "O2+": 0.0, "N": 0.005709797853884212, "N2": 0.65743237165071, "O+": 0.0, "N2O": 4.867155372982405e-05, "N2+": 0.0, "O": 0.21246759253472008, "O2": 0.0372842469092591, "NO": 0.08691325563802027, "O-": 3.7057254546430227e-06, "N+": 0.0, "NO2": 8.219268217930465e-05, "NO+": 2.1772399889975026e-05}}, "s5d": {"state_name": "s5d", "gmodel_type": "CEAGas", "rho": 11.595, "p": 20903714.725593757, "T": 6236.837656716025, "a": 1583.4, "h": 5688930.0, "u": 3886040.0, "s": 6883.5, "gamma": 1.390565842111272, "R": 289.06963807669575, "Cp": 1029.1999999999998, "molecular_mass": 0.028763, "v": 0.0, "M": 0.0, "Ht": 5687930.0, "Ue": 3372.8118832807736, "total_p": 20903135.83457355, "total_T": 6236.84, "pitot_p": 20903135.83457355, "composition_massf": {"Ar": 0.83332, "O2": 0.14796, "H2": 0.018713}, "composition_moles": {"Ar": 0.5999995784519876, "O2": 0.1329979086715752, "H2": 0.26700102139016213}}, "s6": {"state_name": "s6", "gmodel_type": "CEAGas", "rho": 2.9243, "p": 4513903.475472717, "T": 4836.84, "a": 1370.5, "h": 7925890.0, "u": 6382300.0, "s": 9647.9, "gamma": 1.1271942791920264, "R": 319.13829501400994, "Cp": 2828.2, "molecular_mass": 0.026053, "v": 1370.500654190505, "M": 1.000000477337107, "Ht": 8865029.99993, "Ue": 4210.707778967807, "total_p": 8039214.156829986, "total_T": 5299.64, "pitot_p": 8039341.304674987, "composition_massf": {"e-": 0.0, "N-": 0.0, "O2+": 0.0, "N": 0.0014588, "N2": 0.71963, "O+": 0.0, "N2O": 5.9028e-05, "N2+": 0.0, "O": 0.11746, "O2": 0.0629, "NO": 0.098336, "O-": 0.0, "N+": 0.0, "NO2": 0.00013777, "NO+": 1.1375e-05}, "composition_moles": {"e-": 0.0, "N-": 0.0, "O2+": 0.0, "N": 0.0027134240327843103, "N2": 0.6692697205623024, "O+": 0.0, "N2O": 3.4941119038098006e-05, "N2+": 0.0, "O": 0.1912687588284561, "O2": 0.051212348588072054, "NO": 0.08538089948377164, "O-": 0.0, "N+": 0.0, "NO2": 7.801940659269002e-05, "NO+": 9.876601534474717e-06}}, "s8": {"state_name": "s8", "gmodel_type": "CEAGas", "rho": 0.0058544, "p": 2362.955260822031, "T": 1400.52, "a": 726.7, "h": 1228720.0, "u": 825100.0, "s": 9647.9, "gamma": 1.3128498367741945, "R": 288.19792027729636, "Cp": 1209.4, "molecular_mass": 0.02885, "v": 3908.01894099, "M": 5.377761030672905, "Ht": 8865039.99993, "Ue": 4210.710153864785, "total_p": 8039199.54043607, "total_T": 5299.64, "pitot_p": 87007.50303143855, "unit_Re": 419461.4639214552, "k": 0.08784, "mu": 5.4544000000000005e-05, "composition_massf": {"e-": 0.0, "N-": 0.0, "O2+": 0.0, "N": 0.0, "N2": 0.76673, "O+": 0.0, "N2O": 0.0, "N2+": 0.0, "O": 1.5761e-06, "O2": 0.23251, "NO": 0.00075589, "O-": 0.0, "N+": 0.0, "NO2": 1.3269e-06, "NO+": 0.0}, "composition_moles": {"e-": 0.0, "N-": 0.0, "O2+": 0.0, "N": 0.0, "N2": 0.7896278388199934, "O+": 0.0, "N2O": 0.0, "N2+": 0.0, "O": 2.8420118879457984e-06, "O2": 0.20963015800592524, "NO": 0.0007267664408236992, "O-": 0.0, "N+": 0.0, "NO2": 8.32097575289911e-07, "NO+": 0.0}}, "s10f": {"state_name": "s10f", "gmodel_type": "IdealGas", "rho": 0.03579368534883193, "p": 77149.77292223439, "T": 7478.894270225398, "a": 1679.3218473809284, "h": 9144444.024204595, "u": 6989042.249551847, "s": 4018.3954481330206, "gamma": 1.3083973021898612, "R": 288.19792027729636, "Cp": 1222.7, "molecular_mass": 0.02885, "v": 639.1835438490319, "M": 0.38062003709765524, "Ht": null, "Ue": null, "total_p": 84730.90127030265, "total_T": 7645.965343557944, "pitot_p": 84730.90127030265}, "s10e": {"state_name": "s10e", "gmodel_type": "CEAGas", "rho": 0.053402769794715706, "p": 81973.0, "T": 4473.775681553448, "a": 1377.8, "h": 8773260.0, "u": 7238250.0, "s": 11162.1, "gamma": 1.3423219488088227, "R": 343.10692031527253, "Cp": 1345.3999999999999, "molecular_mass": 0.024233, "v": 428.42545763227025, "M": 0.3109489458791336, "Ht": 8865029.99993, "Ue": 4210.707778967807, "total_p": 87007.50303143855, "total_T": 4520.03, "pitot_p": 87007.50303143855, "unit_Re": 172815.9686391106, "k": 0.45465, "mu": 0.00013239000000000003, "composition_massf": {"e-": 0.0, "N-": 0.0, "O2+": 0.0, "N": 0.0042785, "N2": 0.74776, "O+": 0.0, "N2O": 2.4769e-06, "N2+": 0.0, "O": 0.20645, "O2": 0.0092825, "NO": 0.032209, "O-": 0.0, "N+": 0.0, "NO2": 2.4643e-06, "NO+": 1.715e-05}, "composition_moles": {"e-": 0.0, "N-": 0.0,