{"states_dict": {"s4": {"state_name": "s4", "gmodel_type": "CEAGas", "rho": 17.955, "p": 24814536.232465375, "T": 3983.269989679868, "a": 1269.6, "h": 1898680.0, "u": 516669.99999999994, "s": 9139.4, "gamma": 1.078367196831748, "R": 346.9583541979636, "Cp": 4774.3, "molecular_mass": 0.023964, "v": 0.0, "M": 0.0, "Ht": 7499920.0, "Ue": 3872.962690241154, "total_p": 24813460.80571292, "total_T": 3983.26, "pitot_p": 24813460.80571292, "composition_massf": {"H2O": 0.30476, "OH": 0.056791, "Ar": 0.59061, "HO2": 0.00033708, "O": 0.0090246, "O2": 0.029198, "H2": 0.0079387, "H": 0.0012715, "H2O2": 7.1939e-05}, "composition_moles": {"H2O": 0.40539301304226183, "OH": 0.08002071599674022, "Ar": 0.3542950345449083, "HO2": 0.00024473138274182785, "O": 0.0135171015413078, "O2": 0.021866472242709104, "H2": 0.09437218822548961, "H": 0.030230198226084883, "H2O2": 5.0682417003482025e-05}}, "s1": {"state_name": "s1", "gmodel_type": "CEAGas", "rho": 0.67471, "p": 57974.188765710824, "T": 298.15, "a": 346.7, "h": 7.000000000000001e-05, "u": -85925.0, "s": 7045.3, "gamma": 1.398557725608831, "R": 288.19792027729636, "Cp": 1011.3000000000001, "molecular_mass": 0.02885, "v": 0.0, "M": 0.0, "Ht": -10.11307, "Ue": null, "total_p": 57966.039698204215, "total_T": 298.14, "pitot_p": 57966.039698204215, "composition_massf": {"e-": 0.0, "N-": 0.0, "O2+": 0.0, "N": 0.0, "N2": 0.76708, "O+": 0.0, "N2O": 0.0, "N2+": 0.0, "O": 0.0, "O2": 0.23292, "NO": 0.0, "O-": 0.0, "N+": 0.0, "NO2": 0.0, "NO+": 0.0}, "composition_moles": {"e-": 0.0, "N-": 0.0, "O2+": 0.0, "N": 0.0, "N2": 0.7899882913177266, "O+": 0.0, "N2O": 0.0, "N2+": 0.0, "O": 0.0, "O2": 0.20999981249296848, "NO": 0.0, "O-": 0.0, "N+": 0.0, "NO2": 0.0, "NO+": 0.0}}, "s2": {"state_name": "s2", "gmodel_type": "CEAGas", "rho": 4.50100792483173, "p": 3356400.0, "T": 2585.50103529461, "a": 964.1, "h": 2810770.0, "u": 2065070.0000000002, "s": 8366.9, "gamma": 1.2414180704737714, "R": 288.4178576384071, "Cp": 1483.1000000000001, "molecular_mass": 0.028828, "v": 2038.6002711021804, "M": 2.1145112240454105, "Ht": 4888719.99993, "Ue": 3126.889828545291, "total_p": 31589733.95699918, "total_T": 3861.51, "pitot_p": 19486693.747993793, "unit_Re": 110768810.74634555, "k": 0.17001, "mu": 8.2837e-05, "composition_massf": {"e-": 0.0, "N-": 0.0, "O2+": 0.0, "N": 0.0, "N2": 0.75462, "O+": 0.0, "N2O": 1.2502e-05, "N2+": 0.0, "O": 0.0009235, "O2": 0.2177, "NO": 0.026551, "O-": 0.0, "N+": 0.0, "NO2": 0.00018752, "NO+": 0.0}, "composition_moles": {"e-": 0.0, "N-": 0.0, "O2+": 0.0, "N": 0.0, "N2": 0.7765635503009274, "O+": 0.0, "N2O": 8.188700923367748e-06, "N2+": 0.0, "O": 0.0016639785241946573, "O2": 0.19612784229408603, "NO": 0.02550855419398056, "O-": 0.0, "N+": 0.0, "NO2": 0.00011750391931399506, "NO+": 0.0}}, "s3": {"state_name": "s3", "gmodel_type": "CEAGas", "rho": 3.1998, "p": 3356399.999999998, "T": 3181.21, "a": 1101.6, "h": -514740.0, "u": -1563690.0, "s": 9139.4, "gamma": 1.0917815544715148, "R": 329.7315196700507, "Cp": 3922.2999999999997, "molecular_mass": 0.025216000000000002, "v": 2038.533130594009, "M": 1.8505202710548376, "Ht": 7164330.0, "Ue": 3785.3216507979873, "total_p": 19380228.275979776, "total_T": 3872.94, "pitot_p": 14581307.755906887, "composition_massf": {"H2O": 0.35763, "OH": 0.026347, "Ar": 0.59061, "HO2": 5.4407e-05, "O": 0.0026242, "O2": 0.017612, "H2": 0.0046646, "H": 0.00044567, "H2O2": 1.0416e-05}, "composition_moles": {"H2O": 0.5005749608110448, "OH": 0.03906348388401714, "Ar": 0.37280519074797236, "HO2": 4.156505344060032e-05, "O": 0.004135894296036102, "O2": 0.01387877645411703, "H2": 0.0583479937297855, "H": 0.011149487786971446, "H2O2": 7.721661823659667e-06}}, "s5": {"state_name": "s5", "gmodel_type": "CEAGas", "rho": 20.79, "p": 27227921.69322798, "T": 4402.115902729387, "a": 1258.9, "h": 6036670.0, "u": 4727020.0, "s": 8688.3, "gamma": 1.15271093617396, "R": 297.50992950942856, "Cp": 2245.7, "molecular_mass": 0.027947, "v": 0.0, "M": 0.0, "Ht": 6036669.99993, "Ue": 3474.6712074468282, "total_p": 27229789.765080288, "total_T": 4402.12, "pitot_p": 27229789.765080288, "composition_massf": {"e-": 0.0, "N-": 0.0, "O2+": 0.0, "N": 0.00017248, "N2": 0.71276, "O+": 0.0, "N2O": 0.00016837, "N2+": 0.0, "O": 0.035933, "O2": 0.13496, "NO": 0.11533, "O-": 0.0, "N+": 0.0, "NO2": 0.00067187, "NO+": 1.6971e-06}, "composition_moles": {"e-": 0.0, "N-": 0.0, "O2+": 0.0, "N": 0.00034414234330713156, "N2": 0.7110705490943618, "O+": 0.0, "N2O": 0.00010691063486076776, "N2+": 0.0, "O": 0.06276607566533746, "O2": 0.1178708926584747, "NO": 0.10741574246569864, "O-": 0.0, "N+": 0.0, "NO2": 0.0004081414372194629, "NO+": 1.580669292416336e-06}}, "s5d": {"state_name": "s5d", "gmodel_type": "CEAGas", "rho": 13.966, "p": 20604883.982737027, "T": 4125.277244733487, "a": 1311.9, "h": 2798020.0, "u": 1322700.0, "s": 9426.6, "gamma": 1.069409162214939, "R": 357.6287152135576, "Cp": 5510.1, "molecular_mass": 0.023249, "v": 0.0, "M": 0.0, "Ht": 8399250.0, "Ue": 4098.597321035576, "total_p": 20603350.39534971, "total_T": 4125.26, "pitot_p": 20603350.39534971, "composition_massf": {"H2O": 0.27709, "OH": 0.070624, "Ar": 0.59061, "HO2": 0.00040452, "O": 0.014441, "O2": 0.035272, "H2": 0.0095114, "H": 0.0019727, "H2O2": 7.2664e-05}, "composition_moles": {"H2O": 0.3575889694748014, "OH": 0.09654286772652279, "Ar": 0.3437241386302192, "HO2": 0.0002849322738325566, "O": 0.020984462479842994, "O2": 0.025627171268922583, "H2": 0.10969429658511418, "H": 0.04550201629065222, "H2O2": 4.966577183733611e-05}}, "s6": {"state_name": "s6", "gmodel_type": "CEAGas", "rho": 13.009, "p": 15457225.52358173, "T": 4027.66, "a": 1196.9, "h": 5330160.0, "u": 4142000.0, "s": 8688.3, "gamma": 1.155926494113034, "R": 294.99769380876353, "Cp": 2186.9, "molecular_mass": 0.028184999999999998, "v": 1196.9001779139937, "M": 1.0000001486456627, "Ht": 6046439.99993, "Ue": 3477.4818475241536, "total_p": 27433716.975144748, "total_T": 4407.31, "pitot_p": 27434118.516164117, "composition_massf": {"e-": 0.0, "N-": 0.0, "O2+": 0.0, "N": 6.6725e-05, "N2": 0.72075, "O+": 0.0, "N2O": 0.00010594, "N2+": 0.0, "O": 0.026344, "O2": 0.15359, "NO": 0.098619, "O-": 0.0, "N+": 0.0, "NO2": 0.00052286, "NO+": 0.0}, "composition_moles": {"e-": 0.0, "N-": 0.0, "O2+": 0.0, "N": 0.00013426746664096467, "N2": 0.725165054937994, "O+": 0.0, "N2O": 6.784205731060055e-05, "N2+": 0.0, "O": 0.046408342812855476, "O2": 0.13528426534745053, "NO": 0.09263371497795447, "O-": 0.0, "N+": 0.0, "NO2": 0.00032032711523622174, "NO+": 0.0}}, "s8": {"state_name": "s8", "gmodel_type": "CEAGas", "rho": 0.026668, "p": 5904.950813813307, "T": 768.31, "a": 547.8, "h": 492340.0, "u": 270920.0, "s": 8688.3, "gamma": 1.3554917737177545, "R": 288.19792027729636, "Cp": 1098.9, "molecular_mass": 0.02885, "v": 3332.898143641739, "M": 6.084151412270425, "Ht": 6046439.99993, "Ue": 3477.4818475241536, "total_p": 27433694.85672998, "total_T": 4407.31, "pitot_p": 285271.5178552275, "unit_Re": 2439660.9490183876, "k": 0.05403, "mu": 3.6432e-05, "composition_massf": {"e-": 0.0, "N-": 0.0, "O2+": 0.0, "N": 0.0, "N2": 0.76708, "O+": 0.0, "N2O": 0.0, "N2+": 0.0, "O": 0.0, "O2": 0.23292, "NO": 1.1837e-06, "O-": 0.0, "N+": 0.0, "NO2": 0.0, "NO+": 0.0}, "composition_moles": {"e-": 0.0, "N-": 0.0, "O2+": 0.0, "N": 0.0, "N2": 0.7899882913177266, "O+": 0.0, "N2O": 0.0, "N2+": 0.0, "O": 0.0, "O2": 0.20999981249296848, "NO": 1.1380934210043958e-06, "O-": 0.0, "N+": 0.0, "NO2": 0.0, "NO+": 0.0}}, "s10f": {"state_name": "s10f", "gmodel_type": "IdealGas", "rho": 0.15338526236082853, "p": 250633.98756962194, "T": 5669.770601800151, "a": 1488.2524571116287, "h": 6230510.914318185, "u": 4596494.818430027, "s": 2975.588637956217, "gamma": 1.3554917737177548, "R": 288.19792027729636, "Cp": 1098.9, "molecular_mass": 0.02885, "v": 579.4652062498494, "M": 0.3893594823115321, "Ht": null, "Ue": null, "total_p": 277377.81448231835, "total_T": 5822.55062057082, "pitot_p": 277377.81448231835}, "s10e": {"state_name": "s10e", "gmodel_type": "CEAGas",