{"states_dict": {"s4": {"state_name": "s4", "gmodel_type": "CEAGas", "rho": 33.429, "p": 37310000.0, "T": 3861.0, "a": 1256.6, "h": 3288120.0, "u": 2172010.0, "s": 6232.3, "gamma": 1.4148350213656617, "R": 289.06963807669575, "Cp": 985.9, "molecular_mass": 0.028763, "v": 0.0, "M": 0.0, "Ht": 3287120.0, "Ue": 2564.028080969473, "total_p": 37307663.26738406, "total_T": 3861.0, "pitot_p": 37307663.26738406, "composition_massf": {"Ar": 0.83332, "O2": 0.14796, "H2": 0.018713}, "composition_moles": {"Ar": 0.5999995784519876, "O2": 0.1329979086715752, "H2": 0.26700102139016213}}, "s1": {"state_name": "s1", "gmodel_type": "CEAGas", "rho": 3.0201, "p": 259502.42113997374, "T": 298.15, "a": 346.7, "h": 7.000000000000001e-05, "u": -85925.0, "s": 6613.3, "gamma": 1.398557725608831, "R": 288.19792027729636, "Cp": 1011.3000000000001, "molecular_mass": 0.02885, "v": 0.0, "M": 0.0, "Ht": -10.11307, "Ue": null, "total_p": 259524.83517840755, "total_T": 298.14, "pitot_p": 259524.83517840755, "composition_massf": {"e-": 0.0, "N-": 0.0, "O2+": 0.0, "N": 0.0, "N2": 0.76708, "O+": 0.0, "N2O": 0.0, "N2+": 0.0, "O": 0.0, "O2": 0.23292, "NO": 0.0, "O-": 0.0, "N+": 0.0, "NO2": 0.0, "NO+": 0.0}, "composition_moles": {"e-": 0.0, "N-": 0.0, "O2+": 0.0, "N": 0.0, "N2": 0.7899882913177266, "O+": 0.0, "N2O": 0.0, "N2+": 0.0, "O": 0.0, "O2": 0.20999981249296848, "NO": 0.0, "O-": 0.0, "N+": 0.0, "NO2": 0.0, "NO+": 0.0}}, "s2": {"state_name": "s2", "gmodel_type": "CEAGas", "rho": 16.332632269921213, "p": 6802200.000000001, "T": 1445.176539876443, "a": 737.5, "h": 1283500.0, "u": 867020.0, "s": 7390.900000000001, "gamma": 1.3059930325899025, "R": 288.18793109424286, "Cp": 1230.0, "molecular_mass": 0.028850999999999998, "v": 1328.8371462218488, "M": 1.8018130796228458, "Ht": 2166409.99993, "Ue": 2081.54269710232, "total_p": 38380223.09144595, "total_T": 2129.88, "pitot_p": 30523591.399662994, "unit_Re": 389648266.7119026, "k": 0.09025, "mu": 5.5700000000000005e-05, "composition_massf": {"e-": 0.0, "N-": 0.0, "O2+": 0.0, "N": 0.0, "N2": 0.76661, "O+": 0.0, "N2O": 0.0, "N2+": 0.0, "O": 0.0, "O2": 0.23235, "NO": 0.00096319, "O-": 0.0, "N+": 0.0, "NO2": 7.7934e-05, "NO+": 0.0}, "composition_moles": {"e-": 0.0, "N-": 0.0, "O2+": 0.0, "N": 0.0, "N2": 0.7895316209385509, "O+": 0.0, "N2O": 0.0, "N2+": 0.0, "O": 0.0, "O2": 0.20949316380614275, "NO": 0.0009261115136588894, "O-": 0.0, "N+": 0.0, "NO2": 4.8874022323417854e-05, "NO+": 0.0}}, "s3": {"state_name": "s3", "gmodel_type": "CEAGas", "rho": 10.161, "p": 6802200.000000003, "T": 2315.79, "a": 983.3, "h": 1797870.0, "u": 1128440.0, "s": 6232.3, "gamma": 1.444496605112813, "R": 289.06963807669575, "Cp": 939.4, "molecular_mass": 0.028763, "v": 1328.8354235425218, "M": 1.3514038681404676, "Ht": 2679770.0, "Ue": 2315.0680335575453, "total_p": 20616207.06086114, "total_T": 3239.98, "pitot_p": 19984194.03064954, "composition_massf": {"Ar": 0.83332, "O2": 0.14796, "H2": 0.018713}, "composition_moles": {"Ar": 0.5999995784519876, "O2": 0.1329979086715752, "H2": 0.26700102139016213}}, "s5": {"state_name": "s5", "gmodel_type": "CEAGas", "rho": 61.732, "p": 46006434.4248654, "T": 2585.9937467921645, "a": 966.1, "h": 2801210.0, "u": 2055949.9999999998, "s": 7608.5, "gamma": 1.2512948188356794, "R": 288.18793109424286, "Cp": 1435.0, "molecular_mass": 0.028850999999999998, "v": 0.0, "M": 0.0, "Ht": 2801209.99993, "Ue": 2366.9431763056755, "total_p": 46002120.529019296, "total_T": 2585.99, "pitot_p": 46002120.529019296, "composition_massf": {"e-": 0.0, "N-": 0.0, "O2+": 0.0, "N": 0.0, "N2": 0.75443, "O+": 0.0, "N2O": 4.6361e-05, "N2+": 0.0, "O": 0.00025008, "O2": 0.21799, "NO": 0.026587, "O-": 0.0, "N+": 0.0, "NO2": 0.00069559, "NO+": 0.0}, "composition_moles": {"e-": 0.0, "N-": 0.0, "O2+": 0.0, "N": 0.0, "N2": 0.7769874392255136, "O+": 0.0, "N2O": 3.039027762378217e-05, "N2+": 0.0, "O": 0.0004509580409265348, "O2": 0.19654579202970113, "NO": 0.025563519984269863, "O-": 0.0, "N+": 0.0, "NO2": 0.0004362188670919781, "NO+": 0.0}}, "s5d": {"state_name": "s5d", "gmodel_type": "CEAGas", "rho": 28.341, "p": 34769112.31969612, "T": 4243.969569602523, "a": 1315.0, "h": 3667460.0, "u": 2440650.0, "s": 6346.3, "gamma": 1.409487470250078, "R": 289.06963807669575, "Cp": 995.0, "molecular_mass": 0.028763, "v": 0.0, "M": 0.0, "Ht": 3666470.0, "Ue": 2707.9401765917946, "total_p": 34774207.06504042, "total_T": 4243.98, "pitot_p": 34774207.06504042, "composition_massf": {"Ar": 0.83332, "O2": 0.14796, "H2": 0.018713}, "composition_moles": {"Ar": 0.5999995784519876, "O2": 0.1329979086715752, "H2": 0.26700102139016213}}, "s6": {"state_name": "s6", "gmodel_type": "CEAGas", "rho": 38.302, "p": 25235952.300438378, "T": 2286.37, "a": 912.7, "h": 2380050.0, "u": 1721180.0, "s": 7608.5, "gamma": 1.2639548377038117, "R": 288.16795480539287, "Cp": 1379.8999999999999, "molecular_mass": 0.028853, "v": 917.7799300485929, "M": 1.0055658267213683, "Ht": 2801209.99993, "Ue": 2366.9431763056755, "total_p": 46002163.30885384, "total_T": 2585.99, "pitot_p": 46002890.17626408, "composition_massf": {"e-": 0.0, "N-": 0.0, "O2+": 0.0, "N": 0.0, "N2": 0.7597, "O+": 0.0, "N2O": 2.0066e-05, "N2+": 0.0, "O": 7.1941e-05, "O2": 0.22427, "NO": 0.015511, "O-": 0.0, "N+": 0.0, "NO2": 0.0004251, "NO+": 0.0}, "composition_moles": {"e-": 0.0, "N-": 0.0, "O2+": 0.0, "N": 0.0, "N2": 0.7824692504301514, "O+": 0.0, "N2O": 1.315445275010906e-05, "N2+": 0.0, "O": 0.0001297369696988637, "O2": 0.20222203051364426, "NO": 0.014914930064220277, "O-": 0.0, "N+": 0.0, "NO2": 0.0002666074773668366, "NO+": 0.0}}, "s8": {"state_name": "s8", "gmodel_type": "CEAGas", "rho": 0.084588, "p": 6922.5847658777675, "T": 283.97, "a": 338.4, "h": -14336.0, "u": -96175.0, "s": 7608.5, "gamma": 1.398888706850376, "R": 288.19792027729636, "Cp": 1010.6999999999999, "molecular_mass": 0.02885, "v": 2372.992203948424, "M": 7.012388309540261, "Ht": 2801209.99993, "Ue": 2366.9431763056755, "total_p": 46001925.27348818, "total_T": 2585.99, "pitot_p": 448964.43759175146, "unit_Re": 11188153.645147387, "k": 0.02536, "mu": 1.7941e-05, "composition_massf": {"e-": 0.0, "N-": 0.0, "O2+": 0.0, "N": 0.0, "N2": 0.76708, "O+": 0.0, "N2O": 0.0, "N2+": 0.0, "O": 0.0, "O2": 0.23292, "NO": 0.0, "O-": 0.0, "N+": 0.0, "NO2": 0.0, "NO+": 0.0}, "composition_moles": {"e-": 0.0, "N-": 0.0, "O2+": 0.0, "N": 0.0, "N2": 0.7899882913177266, "O+": 0.0, "N2O": 0.0, "N2+": 0.0, "O": 0.0, "O2": 0.20999981249296848, "NO": 0.0, "O-": 0.0, "N+": 0.0, "NO2": 0.0, "NO+": 0.0}}, "s10f": {"state_name": "s10f", "gmodel_type": "IdealGas", "rho": 0.46164331221960375, "p": 395965.010332899, "T": 2976.1815501729957, "a": 1095.3848080224539, "h": 3008026.692759846, "u": 2150297.3596323286, "s": 1932.6065850058915, "gamma": 1.398888706850376, "R": 288.19792027729636, "Cp": 1010.6999999999997, "molecular_mass": 0.02885, "v": 434.80521211262743, "M": 0.39694289068843336, "Ht": null, "Ue": null, "total_p": 441349.3183807202, "total_T": 3069.708597011973, "pitot_p": 441349.3183807202}, "s10e": {"state_name": "s10e", "gmodel_type": "CEAGas", "rho": 0.5657739098632434, "p": 412030.00000000006, "T": 2522.5938131608273, "a": 949.7, "h": 2738280.0, "u": 2010010.0, "s": 8943.699999999999, "gamma": 1.2892763143016688, "R": 288.6982638888889, "Cp": 1286.7, "molecular_mass": 0.0288, "v": 354.7824688418526, "M": 0.373573200844322, "Ht": 2801229.99993, "Ue": 2366.951626007595, "total_p": 448964.43759175146, "total_T": 2563.65, "pitot_p": 448964.43759175146, "unit_Re": 2464082.991217752, "k": 0.18041000000000001, "mu": 8.1461e-05, "composition_massf": {"e-": 0.0, "N-": 0.0, "O2+": 0.0, "N": 0.0, "N2": 0.75589, "O+": 0.0, "N2O": 3.9439e-06, "N2+": 0.0, "O": 0.0019611, "O2": 0.21815, "NO": 0.023929, "O-": 0.0, "N+": 0.0, "NO2": 6.309e-05, "NO+": 0.0}, "composition_moles": {"e-": 0.0, "N-": 0.0, "O2+": 0.0, "N": 0.0, "N2": 0.777114952130052, "O+": 0.0, "N2O": 2.5807110658717463e-06, "N2+": 0.0, "O": 0.0035301123792142205, "O2": 0.19634236283860648, "NO": 0.022967170008764883, "O-": 0.0, "N+": 0.0,