{"states_dict": {"s4": {"state_name": "s4", "gmodel_type": "CEAGas", "rho": 33.429, "p": 37310000.0, "T": 3861.0, "a": 1256.6, "h": 3288120.0, "u": 2172010.0, "s": 6232.3, "gamma": 1.4148350213656617, "R": 289.06963807669575, "Cp": 985.9, "molecular_mass": 0.028763, "v": 0.0, "M": 0.0, "Ht": 3287120.0, "Ue": 2564.028080969473, "total_p": 37307663.26738406, "total_T": 3861.0, "pitot_p": 37307663.26738406, "composition_massf": {"Ar": 0.83332, "O2": 0.14796, "H2": 0.018713}, "composition_moles": {"Ar": 0.5999995784519876, "O2": 0.1329979086715752, "H2": 0.26700102139016213}}, "s1": {"state_name": "s1", "gmodel_type": "CEAGas", "rho": 0.33926, "p": 29150.53062825176, "T": 298.15, "a": 346.7, "h": 7.000000000000001e-05, "u": -85925.0, "s": 7243.400000000001, "gamma": 1.398557725608831, "R": 288.19792027729636, "Cp": 1011.3000000000001, "molecular_mass": 0.02885, "v": 0.0, "M": 0.0, "Ht": null, "Ue": null, "total_p": 29152.90724651647, "total_T": 298.15, "pitot_p": 29152.90724651647, "composition_massf": {"e-": 0.0, "N-": 0.0, "O2+": 0.0, "N": 0.0, "N2": 0.76708, "O+": 0.0, "N2O": 0.0, "N2+": 0.0, "O": 0.0, "O2": 0.23292, "NO": 0.0, "O-": 0.0, "N+": 0.0, "NO2": 0.0, "NO+": 0.0}, "composition_moles": {"e-": 0.0, "N-": 0.0, "O2+": 0.0, "N": 0.0, "N2": 0.7899882913177266, "O+": 0.0, "N2O": 0.0, "N2+": 0.0, "O": 0.0, "O2": 0.20999981249296848, "NO": 0.0, "O-": 0.0, "N+": 0.0, "NO2": 0.0, "NO+": 0.0}}, "s2": {"state_name": "s2", "gmodel_type": "CEAGas", "rho": 2.321315338453653, "p": 1835300.0000000002, "T": 2737.584309181652, "a": 987.7, "h": 3050900.0, "u": 2260280.0, "s": 8631.3, "gamma": 1.222289267915392, "R": 288.79854116012507, "Cp": 1588.0, "molecular_mass": 0.02879, "v": 2132.059307530134, "M": 2.1586102131519023, "Ht": 5323749.99993, "Ue": 3263.050719780494, "total_p": 18653506.530284986, "total_T": 4040.77, "pitot_p": 10988185.610882124, "unit_Re": 57375167.78417081, "k": 0.1958, "mu": 8.626e-05, "composition_massf": {"e-": 0.0, "N-": 0.0, "O2+": 0.0, "N": 0.0, "N2": 0.75155, "O+": 0.0, "N2O": 1.1568e-05, "N2+": 0.0, "O": 0.002396, "O2": 0.21274, "NO": 0.033153, "O-": 0.0, "N+": 0.0, "NO2": 0.00014881, "NO+": 0.0}, "composition_moles": {"e-": 0.0, "N-": 0.0, "O2+": 0.0, "N": 0.0, "N2": 0.772384805128974, "O+": 0.0, "N2O": 7.5669514323106e-06, "N2+": 0.0, "O": 0.004311464179906747, "O2": 0.1914066965011188, "NO": 0.031809361096577025, "O-": 0.0, "N+": 0.0, "NO2": 9.312451554705416e-05, "NO+": 0.0}}, "s3": {"state_name": "s3", "gmodel_type": "CEAGas", "rho": 4.1349, "p": 1835300.0000000002, "T": 1535.45, "a": 807.7, "h": 1077800.0, "u": 633950.0, "s": 6232.3, "gamma": 1.4698559368445665, "R": 289.06963807669575, "Cp": 904.3, "molecular_mass": 0.028763, "v": 2132.0577372259568, "M": 2.639665392133164, "Ht": 3349630.0, "Ue": 2588.2928736910744, "total_p": 39439307.77745189, "total_T": 3924.36, "pitot_p": 18040013.21392704, "composition_massf": {"Ar": 0.83332, "O2": 0.14796, "H2": 0.018713}, "composition_moles": {"Ar": 0.5999995784519876, "O2": 0.1329979086715752, "H2": 0.26700102139016213}}, "s5": {"state_name": "s5", "gmodel_type": "CEAGas", "rho": 11.066, "p": 15186639.387180312, "T": 4534.944255402053, "a": 1287.7, "h": 6529970.0, "u": 5157650.0, "s": 8973.800000000001, "gamma": 1.1375443287741605, "R": 302.6099141068569, "Cp": 2502.7, "molecular_mass": 0.027476, "v": 0.0, "M": 0.0, "Ht": 6529959.99993, "Ue": 3613.851131391552, "total_p": 15184761.407437552, "total_T": 4534.92, "pitot_p": 15184761.407437552, "composition_massf": {"e-": 0.0, "N-": 0.0, "O2+": 0.0, "N": 0.0003439, "N2": 0.71292, "O+": 0.0, "N2O": 0.00012567, "N2+": 0.0, "O": 0.055293, "O2": 0.11604, "NO": 0.11483, "O-": 0.0, "N+": 0.0, "NO2": 0.00044285, "NO+": 3.1864e-06}, "composition_moles": {"e-": 0.0, "N-": 0.0, "O2+": 0.0, "N": 0.0006746054673834665, "N2": 0.6992435734327144, "O+": 0.0, "N2O": 7.845238021666425e-05, "N2+": 0.0, "O": 0.0949554650799405, "O2": 0.09963858144680425, "NO": 0.10514758932350422, "O-": 0.0, "N+": 0.0, "NO2": 0.0002644846072752171, "NO+": 2.9177776216437068e-06}}, "s5d": {"state_name": "s5d", "gmodel_type": "CEAGas", "rho": 17.158, "p": 26598583.515347082, "T": 5362.63697326091, "a": 1471.5, "h": 4793840.0, "u": 3243660.0, "s": 6659.2, "gamma": 1.3967301572688557, "R": 289.06963807669575, "Cp": 1017.7, "molecular_mass": 0.028763, "v": 0.0, "M": 0.0, "Ht": 4792840.0, "Ue": 3096.0749344936726, "total_p": 26602353.393722404, "total_T": 5362.63, "pitot_p": 26602353.393722404, "composition_massf": {"Ar": 0.83332, "O2": 0.14796, "H2": 0.018713}, "composition_moles": {"Ar": 0.5999995784519876, "O2": 0.1329979086715752, "H2": 0.26700102139016213}}, "s6": {"state_name": "s6", "gmodel_type": "CEAGas", "rho": 6.9469, "p": 8668182.294320691, "T": 4167.63, "a": 1224.2, "h": 5796240.0, "u": 4548470.0, "s": 8973.800000000001, "gamma": 1.1367973978433403, "R": 299.3954124806453, "Cp": 2488.0, "molecular_mass": 0.027771, "v": 1224.2006340788962, "M": 1.0000005179536808, "Ht": 6545589.99993, "Ue": 3618.173572378749, "total_p": 15358309.661118677, "total_T": 4542.81, "pitot_p": 15358297.737002043, "composition_massf": {"e-": 0.0, "N-": 0.0, "O2+": 0.0, "N": 0.00014595, "N2": 0.71951, "O+": 0.0, "N2O": 8.1787e-05, "N2+": 0.0, "O": 0.0431, "O2": 0.13555, "NO": 0.10126, "O-": 0.0, "N+": 0.0, "NO2": 0.00035731, "NO+": 1.2087e-06}, "composition_moles": {"e-": 0.0, "N-": 0.0, "O2+": 0.0, "N": 0.00028937418878108333, "N2": 0.7132840786909121, "O+": 0.0, "N2O": 5.160559603115457e-05, "N2+": 0.0, "O": 0.07481093666012475, "O2": 0.11764063183619387, "NO": 0.09371732614368412, "O-": 0.0, "N+": 0.0, "NO2": 0.00021568847224788344, "NO+": 1.1186865807771824e-06}}, "s8": {"state_name": "s8", "gmodel_type": "CEAGas", "rho": 0.014083, "p": 3527.9499121943377, "T": 869.23, "a": 580.6, "h": 604450.0, "u": 353940.0, "s": 8973.800000000001, "gamma": 1.3455601937744794, "R": 288.19792027729636, "Cp": 1122.2, "molecular_mass": 0.02885, "v": 3447.063560841194, "M": 5.937071238100575, "Ht": 6545559.99993, "Ue": 3618.165280893066, "total_p": 15358275.051989594, "total_T": 4542.8, "pitot_p": 161701.204678449, "unit_Re": 1225233.995288522, "k": 0.059460000000000006, "mu": 3.9621000000000006e-05, "composition_massf": {"e-": 0.0, "N-": 0.0, "O2+": 0.0, "N": 0.0, "N2": 0.76708, "O+": 0.0, "N2O": 0.0, "N2+": 0.0, "O": 0.0, "O2": 0.23291, "NO": 6.231e-06, "O-": 0.0, "N+": 0.0, "NO2": 0.0, "NO+": 0.0}, "composition_moles": {"e-": 0.0, "N-": 0.0, "O2+": 0.0, "N": 0.0, "N2": 0.7899882913177266, "O+": 0.0, "N2O": 0.0, "N2+": 0.0, "O": 0.0, "O2": 0.20999079652986988, "NO": 5.990926844874876e-06, "O-": 0.0, "N+": 0.0, "NO2": 0.0, "NO+": 0.0}}, "s10f": {"state_name": "s10f", "gmodel_type": "IdealGas", "rho": 0.08212496636325464, "p": 142170.56688356682, "T": 6006.806581329254, "a": 1526.178882869327, "h": 6742039.706883955, "u": 5010890.542636887, "s": 3273.014358385994, "gamma": 1.345477345696736, "R": 288.19792027729636, "Cp": 1122.4, "molecular_mass": 0.02885, "v": 591.1135954376831, "M": 0.38731606240439304, "Ht": null, "Ue": null, "total_p": 157065.37670483743, "total_T": 6162.461999500706, "pitot_p": 157065.37670483743}, "s10e": {"state_name": "s10e", "gmodel_type": "CEAGas", "rho": 0.12505881334355215, "p": 152020.0, "T": 3795.6632428823405, "a": 1197.7, "h": 6470240.0, "u": 5254640.0, "s": 10393.3, "gamma": 1.3177646583921097, "R": 320.2569139511594, "Cp": 1328.1000000000001, "molecular_mass": 0.025962, "v": 388.1773289657513, "M": 0.32410230355326985, "Ht": 6545589.99993, "Ue": 3618.173572378749, "total_p": 161701.204678449, "total_T": 3824.98, "pitot_p": 161701.204678449, "unit_Re": 426207.1652969845, "k": 0.66268, "mu": 0.0001139, "composition_massf": {"e-": 0.0, "N-": 0.0, "O2+": 0.0, "N": 0.00029287, "N2": 0.73864, "O+": 0.0, "N2O": 6.1156e-06, "N2+": 0.0, "O": 0.12307, "O2": 0.077684, "NO": 0.060275, "O-": 0.0, "N+": 0.0, "NO2": 2.3652e-05, "NO+": 1.614e-06}, "composition_moles": {"e-": 0.0, "N-": 0.0, "O2+": 0.0, "N": 0.0005428467047912784, "N2": 0.6845499539506092, "O+": 0.0,