{"states_dict": {"s4": {"state_name": "s4", "gmodel_type": "CEAGas", "rho": 33.429, "p": 37310000.0, "T": 3861.0, "a": 1256.6, "h": 3288120.0, "u": 2172010.0, "s": 6232.3, "gamma": 1.4148350213656617, "R": 289.06963807669575, "Cp": 985.9, "molecular_mass": 0.028763, "v": 0.0, "M": 0.0, "Ht": 3287120.0, "Ue": 2564.028080969473, "total_p": 37307663.26738406, "total_T": 3861.0, "pitot_p": 37307663.26738406, "composition_massf": {"Ar": 0.83332, "O2": 0.14796, "H2": 0.018713}, "composition_moles": {"Ar": 0.5999995784519876, "O2": 0.1329979086715752, "H2": 0.26700102139016213}}, "s1": {"state_name": "s1", "gmodel_type": "CEAGas", "rho": 0.40863, "p": 35111.91734215135, "T": 298.15, "a": 346.7, "h": 7.000000000000001e-05, "u": -85925.0, "s": 7189.8, "gamma": 1.398557725608831, "R": 288.19792027729636, "Cp": 1011.3000000000001, "molecular_mass": 0.02885, "v": 0.0, "M": 0.0, "Ht": -10.11307, "Ue": null, "total_p": 35108.65241447421, "total_T": 298.14, "pitot_p": 35108.65241447421, "composition_massf": {"e-": 0.0, "N-": 0.0, "O2+": 0.0, "N": 0.0, "N2": 0.76708, "O+": 0.0, "N2O": 0.0, "N2+": 0.0, "O": 0.0, "O2": 0.23292, "NO": 0.0, "O-": 0.0, "N+": 0.0, "NO2": 0.0, "NO+": 0.0}, "composition_moles": {"e-": 0.0, "N-": 0.0, "O2+": 0.0, "N": 0.0, "N2": 0.7899882913177266, "O+": 0.0, "N2O": 0.0, "N2+": 0.0, "O": 0.0, "O2": 0.20999981249296848, "NO": 0.0, "O-": 0.0, "N+": 0.0, "NO2": 0.0, "NO+": 0.0}}, "s2": {"state_name": "s2", "gmodel_type": "CEAGas", "rho": 2.7454405431726583, "p": 2078400.0, "T": 2623.6560364017814, "a": 969.7, "h": 2872300.0, "u": 2115270.0, "s": 8528.800000000001, "gamma": 1.2345528124057183, "R": 288.53796501943367, "Cp": 1518.7, "molecular_mass": 0.028815999999999998, "v": 2063.0310399464365, "M": 2.1274941115256643, "Ht": 5000339.99993, "Ue": 3162.3851757589555, "total_p": 20033614.34004803, "total_T": 3890.81, "pitot_p": 12178198.707919577, "unit_Re": 67666977.99233717, "k": 0.17802, "mu": 8.370300000000001e-05, "composition_massf": {"e-": 0.0, "N-": 0.0, "O2+": 0.0, "N": 0.0, "N2": 0.75389, "O+": 0.0, "N2O": 1.0431e-05, "N2+": 0.0, "O": 0.0013919, "O2": 0.21641, "NO": 0.028144, "O-": 0.0, "N+": 0.0, "NO2": 0.00015032, "NO+": 0.0}, "composition_moles": {"e-": 0.0, "N-": 0.0, "O2+": 0.0, "N": 0.0, "N2": 0.7754893815102771, "O+": 0.0, "N2O": 6.8293700014541224e-06, "N2+": 0.0, "O": 0.002506905908971586, "O2": 0.19488451316924382, "NO": 0.027027754489920383, "O-": 0.0, "N+": 0.0, "NO2": 9.415441892817165e-05, "NO+": 0.0}}, "s3": {"state_name": "s3", "gmodel_type": "CEAGas", "rho": 4.5004, "p": 2078399.9999999993, "T": 1597.62, "a": 823.2, "h": 1134120.0, "u": 672300.0, "s": 6232.3, "gamma": 1.4674247188926752, "R": 289.06963807669575, "Cp": 907.5, "molecular_mass": 0.028763, "v": 2063.0117121194266, "M": 2.5060880856649983, "Ht": 3261130.0, "Ue": 2553.8715707725005, "total_p": 36446079.292788155, "total_T": 3834.63, "pitot_p": 18487600.469026387, "composition_massf": {"Ar": 0.83332, "O2": 0.14796, "H2": 0.018713}, "composition_moles": {"Ar": 0.5999995784519876, "O2": 0.1329979086715752, "H2": 0.26700102139016213}}, "s5": {"state_name": "s5", "gmodel_type": "CEAGas", "rho": 12.851, "p": 16935958.414949834, "T": 4397.167268416037, "a": 1261.2, "h": 6156230.0, "u": 4838410.0, "s": 8857.300000000001, "gamma": 1.1429921444377384, "R": 299.6975813718776, "Cp": 2395.6, "molecular_mass": 0.027742999999999997, "v": 0.0, "M": 0.0, "Ht": 6156239.99993, "Ue": 3508.914362001444, "total_p": 16933520.917986877, "total_T": 4397.15, "pitot_p": 16933520.917986877, "composition_massf": {"e-": 0.0, "N-": 0.0, "O2+": 0.0, "N": 0.00021647, "N2": 0.71421, "O+": 0.0, "N2O": 0.00012889, "N2+": 0.0, "O": 0.044251, "O2": 0.12839, "NO": 0.1123, "O-": 0.0, "N+": 0.0, "NO2": 0.0005021, "NO+": 2.0024e-06}, "composition_moles": {"e-": 0.0, "N-": 0.0, "O2+": 0.0, "N": 0.00042876103650395876, "N2": 0.7073160712373363, "O+": 0.0, "N2O": 8.124443957212446e-05, "N2+": 0.0, "O": 0.07673134573796517, "O2": 0.1113142920984537, "NO": 0.10383018452914573, "O-": 0.0, "N+": 0.0, "NO2": 0.0003027846735716382, "NO+": 1.851410176051622e-06}}, "s5d": {"state_name": "s5d", "gmodel_type": "CEAGas", "rho": 18.201, "p": 27522752.542900965, "T": 5230.9767487820145, "a": 1453.9, "h": 4660000.0, "u": 3147880.0, "s": 6624.1, "gamma": 1.397986444228005, "R": 289.06963807669575, "Cp": 1015.4000000000001, "molecular_mass": 0.028763, "v": 0.0, "M": 0.0, "Ht": 4659000.0, "Ue": 3052.5399260288145, "total_p": 27522570.782223668, "total_T": 5230.97, "pitot_p": 27522570.782223668, "composition_massf": {"Ar": 0.83332, "O2": 0.14796, "H2": 0.018713}, "composition_moles": {"Ar": 0.5999995784519876, "O2": 0.1329979086715752, "H2": 0.26700102139016213}}, "s6": {"state_name": "s6", "gmodel_type": "CEAGas", "rho": 8.0535, "p": 9647849.945314135, "T": 4035.89, "a": 1199.8, "h": 5449260.0, "u": 4251290.0, "s": 8857.300000000001, "gamma": 1.144832663586642, "R": 296.8301738602692, "Cp": 2346.2999999999997, "molecular_mass": 0.028010999999999998, "v": 1199.8000906302411, "M": 1.0000000755377907, "Ht": 6169019.99993, "Ue": 3512.554625889824, "total_p": 17098628.286871083, "total_T": 4403.71, "pitot_p": 17098632.9261855, "composition_massf": {"e-": 0.0, "N-": 0.0, "O2+": 0.0, "N": 8.7302e-05, "N2": 0.72144, "O+": 0.0, "N2O": 8.2346e-05, "N2+": 0.0, "O": 0.033295, "O2": 0.14748, "NO": 0.097214, "O-": 0.0, "N+": 0.0, "NO2": 0.00039663, "NO+": 0.0}, "composition_moles": {"e-": 0.0, "N-": 0.0, "O2+": 0.0, "N": 0.00017458904110175842, "N2": 0.7213781918653215, "O+": 0.0, "N2O": 5.240734072815182e-05, "N2+": 0.0, "O": 0.05829132623723389, "O2": 0.129100537520157, "NO": 0.09075025924728637, "O-": 0.0, "N+": 0.0, "NO2": 0.00024149292867157188, "NO+": 0.0}}, "s8": {"state_name": "s8", "gmodel_type": "CEAGas", "rho": 0.016415, "p": 3766.9751852751165, "T": 796.3, "a": 557.1, "h": 523200.00000000006, "u": 293710.0, "s": 8857.300000000001, "gamma": 1.3526210533748757, "R": 288.19792027729636, "Cp": 1105.5, "molecular_mass": 0.02885, "v": 3360.303596027647, "M": 6.031778129649339, "Ht": 6169019.99993, "Ue": 3512.554625889824, "total_p": 17098645.041445117, "total_T": 4403.71, "pitot_p": 178764.56391086648, "unit_Re": 1477575.835868148, "k": 0.05555, "mu": 3.7331e-05, "composition_massf": {"e-": 0.0, "N-": 0.0, "O2+": 0.0, "N": 0.0, "N2": 0.76708, "O+": 0.0, "N2O": 0.0, "N2+": 0.0, "O": 0.0, "O2": 0.23292, "NO": 1.9571e-06, "O-": 0.0, "N+": 0.0, "NO2": 0.0, "NO+": 0.0}, "composition_moles": {"e-": 0.0, "N-": 0.0, "O2+": 0.0, "N": 0.0, "N2": 0.7899882913177266, "O+": 0.0, "N2O": 0.0, "N2+": 0.0, "O": 0.0, "O2": 0.20999981249296848, "NO": 1.8816952219715324e-06, "O-": 0.0, "N+": 0.0, "NO2": 0.0, "NO+": 0.0}}, "s10f": {"state_name": "s10f", "gmodel_type": "IdealGas", "rho": 0.09475020216357025, "p": 157003.51780980418, "T": 5749.610110307953, "a": 1497.0826071982467, "h": 6356768.937956471, "u": 4699743.2617604025, "s": 3145.579729872251, "gamma": 1.3525779141338432, "R": 288.19792027729636, "Cp": 1105.5999999999997, "molecular_mass": 0.02885, "v": 582.1348139077345, "M": 0.38884615391877775, "Ht": null, "Ue": null, "total_p": 173674.85908571683, "total_T": 5902.8666866300355, "pitot_p": 173674.85908571683}, "s10e": {"state_name": "s10e", "gmodel_type": "CEAGas", "rho": 0.1431018535430439, "p": 167850.0, "T": 3713.106922441395, "a": 1174.0, "h": 6094740.0, "u": 4921760.0, "s": 10261.8, "gamma": 1.3128043344181115, "R": 315.9008358662614, "Cp": 1325.8000000000002, "molecular_mass": 0.02632, "v": 385.45540929840104, "M": 0.32832658372947277, "Ht": 6169029.99993, "Ue": 3512.557472819484, "total_p": 178764.56391086648, "total_T": 3741.63, "pitot_p": 178764.56391086648, "unit_Re": 494969.3425053286, "k": 0.6760900000000001, "mu": 0.00011144000000000002, "composition_massf": {"e-": 0.0, "N-": 0.0, "O2+": 0.0, "N": 0.00019667, "N2": 0.73793, "O+": 0.0, "N2O": 6.6075e-06, "N2+": 0.0, "O": 0.10642, "O2": 0.093414, "NO": 0.062006, "O-": 0.0, "N+": 0.0, "NO2": 2.9234e-05, "NO+": 1.102e-06}, "composition_moles": {"e-": 0.0, "N-": 0.0, "O2+": 0.0,