{"states_dict": {"s4": {"state_name": "s4", "gmodel_type": "CEAGas", "rho": 33.429, "p": 37310000.0, "T": 3861.0, "a": 1256.6, "h": 3288120.0, "u": 2172010.0, "s": 6232.3, "gamma": 1.4148350213656617, "R": 289.06963807669575, "Cp": 985.9, "molecular_mass": 0.028763, "v": 0.0, "M": 0.0, "Ht": 3287120.0, "Ue": 2564.028080969473, "total_p": 37307663.26738406, "total_T": 3861.0, "pitot_p": 37307663.26738406, "composition_massf": {"Ar": 0.83332, "O2": 0.14796, "H2": 0.018713}, "composition_moles": {"Ar": 0.5999995784519876, "O2": 0.1329979086715752, "H2": 0.26700102139016213}}, "s1": {"state_name": "s1", "gmodel_type": "CEAGas", "rho": 0.22321, "p": 19179.10261672489, "T": 298.15, "a": 346.7, "h": 7.000000000000001e-05, "u": -85925.0, "s": 7364.099999999999, "gamma": 1.398557725608831, "R": 288.19792027729636, "Cp": 1011.3000000000001, "molecular_mass": 0.02885, "v": 0.0, "M": 0.0, "Ht": null, "Ue": null, "total_p": 19177.532577520717, "total_T": 298.15, "pitot_p": 19177.532577520717, "composition_massf": {"e-": 0.0, "N-": 0.0, "O2+": 0.0, "N": 0.0, "N2": 0.76708, "O+": 0.0, "N2O": 0.0, "N2+": 0.0, "O": 0.0, "O2": 0.23292, "NO": 0.0, "O-": 0.0, "N+": 0.0, "NO2": 0.0, "NO+": 0.0}, "composition_moles": {"e-": 0.0, "N-": 0.0, "O2+": 0.0, "N": 0.0, "N2": 0.7899882913177266, "O+": 0.0, "N2O": 0.0, "N2+": 0.0, "O": 0.0, "O2": 0.20999981249296848, "NO": 0.0, "O-": 0.0, "N+": 0.0, "NO2": 0.0, "NO+": 0.0}}, "s2": {"state_name": "s2", "gmodel_type": "CEAGas", "rho": 1.594374884425969, "p": 1376100.0, "T": 2977.0107876400375, "a": 1023.9, "h": 3465200.0, "u": 2602100.0, "s": 8859.5, "gamma": 1.1902608079753647, "R": 289.91631507374734, "Cp": 1813.7, "molecular_mass": 0.028679, "v": 2286.5286068699743, "M": 2.2331561743041064, "Ht": 6079309.99993, "Ue": 3486.921278127741, "total_p": 15851696.461213866, "total_T": 4356.81, "pitot_p": 8665956.886116836, "unit_Re": 39777237.13382419, "k": 0.25142000000000003, "mu": 9.165e-05, "composition_massf": {"e-": 0.0, "N-": 0.0, "O2+": 0.0, "N": 1.3788e-06, "N2": 0.74628, "O+": 0.0, "N2O": 1.351e-05, "N2+": 0.0, "O": 0.0066945, "O2": 0.20242, "NO": 0.044451, "O-": 0.0, "N+": 0.0, "NO2": 0.00013934, "NO+": 0.0}, "composition_moles": {"e-": 0.0, "N-": 0.0, "O2+": 0.0, "N": 2.823120735076784e-06, "N2": 0.7640116558504143, "O+": 0.0, "N2O": 8.803195661262178e-06, "N2+": 0.0, "O": 0.011999922840856532, "O2": 0.18141940260259756, "NO": 0.0424850356760792, "O-": 0.0, "N+": 0.0, "NO2": 8.686204605971025e-05, "NO+": 0.0}}, "s3": {"state_name": "s3", "gmodel_type": "CEAGas", "rho": 3.4005, "p": 1376099.9999999995, "T": 1399.92, "a": 772.7, "h": 955720.0, "u": 551040.0, "s": 6232.3, "gamma": 1.4753415651908406, "R": 289.06963807669575, "Cp": 897.2, "molecular_mass": 0.028763, "v": 2286.5502231137516, "M": 2.959169435892004, "Ht": 3568880.0, "Ue": 2671.6586608322555, "total_p": 47596644.32114995, "total_T": 4145.79, "pitot_p": 16895155.605394933, "composition_massf": {"Ar": 0.83332, "O2": 0.14796, "H2": 0.018713}, "composition_moles": {"Ar": 0.5999995784519876, "O2": 0.1329979086715752, "H2": 0.26700102139016213}}, "s5": {"state_name": "s5", "gmodel_type": "CEAGas", "rho": 7.8901, "p": 11821283.399753027, "T": 4830.429514856537, "a": 1348.7, "h": 7402760.0, "u": 5904520.0, "s": 9236.800000000001, "gamma": 1.1317797743628033, "R": 310.1618980117134, "Cp": 2663.8, "molecular_mass": 0.026806999999999997, "v": 0.0, "M": 0.0, "Ht": 7402759.99993, "Ue": 3847.794173271226, "total_p": 11823252.804175302, "total_T": 4830.46, "pitot_p": 11823252.804175302, "composition_massf": {"e-": 0.0, "N-": 0.0, "O2+": 0.0, "N": 0.00087002, "N2": 0.71231, "O+": 0.0, "N2O": 0.00011277, "N2+": 0.0, "O": 0.083714, "O2": 0.08756800000000001, "NO": 0.1151, "O-": 1.0746e-06, "N+": 0.0, "NO2": 0.00031276, "NO+": 7.8747e-06}, "composition_moles": {"e-": 0.0, "N-": 0.0, "O2+": 0.0, "N": 0.0016651049954664553, "N2": 0.6816342953729286, "O+": 0.0, "N2O": 6.86851413679657e-05, "N2+": 0.0, "O": 0.1402628347313024, "O2": 0.07336010650399391, "NO": 0.10282861484831417, "O-": 1.800430921384335e-06, "N+": 0.0, "NO2": 0.00018224249970112268, "NO+": 7.035267577185733e-06}}, "s5d": {"state_name": "s5d", "gmodel_type": "CEAGas", "rho": 14.871, "p": 24426116.778884888, "T": 5682.251710219532, "a": 1513.2, "h": 5119930.0, "u": 3477350.0, "s": 6742.9, "gamma": 1.3940799905252186, "R": 289.06963807669575, "Cp": 1022.5999999999999, "molecular_mass": 0.028763, "v": 0.0, "M": 0.0, "Ht": 5118930.0, "Ue": 3199.6656075283868, "total_p": 24429086.940709762, "total_T": 5682.26, "pitot_p": 24429086.940709762, "composition_massf": {"Ar": 0.83332, "O2": 0.14796, "H2": 0.018713}, "composition_moles": {"Ar": 0.5999995784519876, "O2": 0.1329979086715752, "H2": 0.26700102139016213}}, "s6": {"state_name": "s6", "gmodel_type": "CEAGas", "rho": 4.97, "p": 6761263.547496488, "T": 4441.3, "a": 1279.6, "h": 6604870.0, "u": 5244470.0, "s": 9236.800000000001, "gamma": 1.1256512252848365, "R": 306.31115531977605, "Cp": 2744.1, "molecular_mass": 0.027143999999999998, "v": 1279.6008612439277, "M": 1.000000673057149, "Ht": 7423559.99993, "Ue": 3853.1960759686235, "total_p": 11988322.241356008, "total_T": 4840.79, "pitot_p": 11988376.423486693, "composition_massf": {"e-": 0.0, "N-": 0.0, "O2+": 0.0, "N": 0.0003962, "N2": 0.71738, "O+": 0.0, "N2O": 7.6038e-05, "N2+": 0.0, "O": 0.069374, "O2": 0.10716, "NO": 0.10534, "O-": 0.0, "N+": 0.0, "NO2": 0.00026558, "NO+": 3.2925e-06}, "composition_moles": {"e-": 0.0, "N-": 0.0, "O2+": 0.0, "N": 0.0007678077491486216, "N2": 0.6951160059114566, "O+": 0.0, "N2O": 4.689489130434783e-05, "N2+": 0.0, "O": 0.11769740465267449, "O2": 0.09090187882045578, "NO": 0.09529225590796539, "O-": 0.0, "N+": 0.0, "NO2": 0.00015669655845496736, "NO+": 2.9785028379781744e-06}}, "s8": {"state_name": "s8", "gmodel_type": "CEAGas", "rho": 0.0099855, "p": 3031.11993091899, "T": 1053.29, "a": 635.4, "h": 814660.0, "u": 511110.0, "s": 9236.800000000001, "gamma": 1.3308428793661449, "R": 288.19792027729636, "Cp": 1159.3, "molecular_mass": 0.02885, "v": 3635.629019041437, "M": 5.721795749199618, "Ht": 7423559.99993, "Ue": 3853.1960759686235, "total_p": 11988294.983047502, "total_T": 4840.79, "pitot_p": 127990.38326898919, "unit_Re": 804921.590387084, "k": 0.06921000000000001, "mu": 4.5102e-05, "composition_massf": {"e-": 0.0, "N-": 0.0, "O2+": 0.0, "N": 0.0, "N2": 0.76705, "O+": 0.0, "N2O": 0.0, "N2+": 0.0, "O": 0.0, "O2": 0.23289, "NO": 5.6809e-05, "O-": 0.0, "N+": 0.0, "NO2": 0.0, "NO+": 0.0}, "composition_moles": {"e-": 0.0, "N-": 0.0, "O2+": 0.0, "N": 0.0, "N2": 0.7899573953893495, "O+": 0.0, "N2O": 0.0, "N2+": 0.0, "O": 0.0, "O2": 0.20997276460367267, "NO": 5.4620215556170246e-05, "O-": 0.0, "N+": 0.0, "NO2": 0.0, "NO+": 0.0}}, "s10f": {"state_name": "s10f", "gmodel_type": "IdealGas", "rho": 0.05946363115292028, "p": 112852.3770125035, "T": 6585.192011300512, "a": 1588.8681750578814, "h": 7645407.9251198955, "u": 5747569.282836421, "s": 3562.221593398559, "gamma": 1.3301984802429199, "R": 288.19792027729636, "Cp": 1161.0000000000002, "molecular_mass": 0.02885, "v": 610.5095362534572, "M": 0.38424178030453454, "Ht": null, "Ue": null, "total_p": 124349.88975915445, "total_T": 6745.709622780452, "pitot_p": 124349.88975915445}, "s10e": {"state_name": "s10e", "gmodel_type": "CEAGas", "rho": 0.09124167707141095, "p": 120570.0, "T": 4001.9620636112368, "a": 1259.1, "h": 7344400.0, "u": 6022960.0, "s": 10693.099999999999, "gamma": 1.3290522230914796, "R": 330.2029388403495, "Cp": 1333.7, "molecular_mass": 0.02518, "v": 397.88367262501123, "M": 0.3160064114248362, "Ht": 7423539.99993, "Ue": 3853.1908854688213, "total_p": 127990.38326898919, "total_T": 4035.5, "pitot_p": 127990.38326898919, "unit_Re": 302731.600814195, "k": 0.56987, "mu": 0.00011992, "composition_massf": {"e-": 0.0, "N-": 0.0, "O2+": 0.0, "N": 0.00073882, "N2": 0.74176, "O+": 0.0, "N2O": 4.7787e-06, "N2+": 0.0, "O": 0.16081, "O2": 0.044019, "NO": 0.052649, "O-": 0.0, "N+": 0.0, "NO2": 1.2591e-05, "NO+": 3.7861e-06},