{"states_dict": {"s4": {"state_name": "s4", "gmodel_type": "CEAGas", "rho": 21.478, "p": 19589976.914390035, "T": 3310.7413887110347, "a": 1147.5, "h": 2552410.0, "u": 1640300.0, "s": 5911.8, "gamma": 1.443704578970248, "R": 275.4973492379059, "Cp": 896.4, "molecular_mass": 0.03018, "v": 0.0, "M": 0.0, "Ht": 2551410.0, "Ue": 2258.942230337022, "total_p": 19593409.25707905, "total_T": 3310.75, "pitot_p": 19593409.25707905, "composition_massf": {"Ar": 0.86038, "O2": 0.12405, "H2": 0.015563}, "composition_moles": {"Ar": 0.6500017122258936, "O2": 0.11699904371413927, "H2": 0.23299568426692063}}, "s1": {"state_name": "s1", "gmodel_type": "CEAGas", "rho": 0.23276, "p": 19999.952662833934, "T": 298.15, "a": 346.7, "h": 7.000000000000001e-05, "u": -85925.0, "s": 7352.0, "gamma": 1.398557725608831, "R": 288.19792027729636, "Cp": 1011.3000000000001, "molecular_mass": 0.02885, "v": 0.0, "M": 0.0, "Ht": null, "Ue": null, "total_p": 19999.859177213217, "total_T": 298.15, "pitot_p": 19999.859177213217, "composition_massf": {"e-": 0.0, "N-": 0.0, "O2+": 0.0, "N": 0.0, "N2": 0.76708, "O+": 0.0, "N2O": 0.0, "N2+": 0.0, "O": 0.0, "O2": 0.23292, "NO": 0.0, "O-": 0.0, "N+": 0.0, "NO2": 0.0, "NO+": 0.0}, "composition_moles": {"e-": 0.0, "N-": 0.0, "O2+": 0.0, "N": 0.0, "N2": 0.7899882913177266, "O+": 0.0, "N2O": 0.0, "N2+": 0.0, "O": 0.0, "O2": 0.20999981249296848, "NO": 0.0, "O-": 0.0, "N+": 0.0, "NO2": 0.0, "NO+": 0.0}}, "s2": {"state_name": "s2", "gmodel_type": "CEAGas", "rho": 1.4909019922386617, "p": 990879.9999999999, "T": 2305.3770970906307, "a": 914.8, "h": 2411200.0, "u": 1746580.0, "s": 8555.199999999999, "gamma": 1.2563214553578395, "R": 288.2878540965986, "Cp": 1413.0, "molecular_mass": 0.028841000000000002, "v": 1876.160900380578, "M": 2.0508973550290532, "Ht": 4171189.9999299995, "Ue": 2888.3178495207203, "total_p": 8404457.165658413, "total_T": 3420.73, "pitot_p": 5484522.098327592, "unit_Re": 36570076.667420834, "k": 0.14708000000000002, "mu": 7.6488e-05, "composition_massf": {"e-": 0.0, "N-": 0.0, "O2+": 0.0, "N": 0.0, "N2": 0.75953, "O+": 0.0, "N2O": 4.1301e-06, "N2+": 0.0, "O": 0.00040536, "O2": 0.22385, "NO": 0.016121, "O-": 0.0, "N+": 0.0, "NO2": 8.5391e-05, "NO+": 0.0}, "composition_moles": {"e-": 0.0, "N-": 0.0, "O2+": 0.0, "N": 0.0, "N2": 0.7819687981466014, "O+": 0.0, "N2O": 2.7063993679111533e-06, "N2+": 0.0, "O": 0.0007307141367801294, "O2": 0.2017593737890171, "NO": 0.015495041374920434, "O-": 0.0, "N+": 0.0, "NO2": 5.3531900120637754e-05, "NO+": 0.0}}, "s3": {"state_name": "s3", "gmodel_type": "CEAGas", "rho": 2.8219, "p": 990879.9999999999, "T": 1274.54, "a": 725.3, "h": 787670.0, "u": 436530.0, "s": 5911.8, "gamma": 1.4980043910823269, "R": 275.4973492379059, "Cp": 828.7, "molecular_mass": 0.03018, "v": 1876.1578103887693, "M": 2.5867335039139245, "Ht": 2546650.0, "Ue": 2256.8340656769606, "total_p": 19491432.353620917, "total_T": 3305.44, "pitot_p": 9496518.398307884, "composition_massf": {"Ar": 0.86038, "O2": 0.12405, "H2": 0.015563}, "composition_moles": {"Ar": 0.6500017122258936, "O2": 0.11699904371413927, "H2": 0.23299568426692063}}, "s5": {"state_name": "s5", "gmodel_type": "CEAGas", "rho": 6.7131, "p": 7736271.345855365, "T": 3897.220175397961, "a": 1176.2, "h": 5175790.0, "u": 4023370.0, "s": 8853.8, "gamma": 1.1471074622425872, "R": 295.7006188206843, "Cp": 2305.8, "molecular_mass": 0.028117999999999997, "v": 0.0, "M": 0.0, "Ht": 5175789.99993, "Ue": 3217.387138635946, "total_p": 7735534.200772574, "total_T": 3897.21, "pitot_p": 7735534.200772574, "composition_massf": {"e-": 0.0, "N-": 0.0, "O2+": 0.0, "N": 5.8299e-05, "N2": 0.72445, "O+": 0.0, "N2O": 6.8376e-05, "N2+": 0.0, "O": 0.028979, "O2": 0.15521, "NO": 0.090873, "O-": 0.0, "N+": 0.0, "NO2": 0.00035928, "NO+": 0.0}, "composition_moles": {"e-": 0.0, "N-": 0.0, "O2+": 0.0, "N": 0.00011703336845938014, "N2": 0.727155043657678, "O+": 0.0, "N2O": 4.368266431583539e-05, "N2+": 0.0, "O": 0.05092887995799843, "O2": 0.1363862013575509, "NO": 0.08515491896647681, "O-": 0.0, "N+": 0.0, "NO2": 0.00021958755018421712, "NO+": 0.0}}, "s5d": {"state_name": "s5d", "gmodel_type": "CEAGas", "rho": 11.242, "p": 14252935.446378455, "T": 4601.889365676338, "a": 1344.5, "h": 3727360.0, "u": 2459540.0, "s": 6298.9, "gamma": 1.4258055958710554, "R": 275.4973492379059, "Cp": 922.5, "molecular_mass": 0.03018, "v": 0.0, "M": 0.0, "Ht": 3726360.0, "Ue": 2729.9670327679783, "total_p": 14252710.915053977, "total_T": 4601.89, "pitot_p": 14252710.915053977, "composition_massf": {"Ar": 0.86038, "O2": 0.12405, "H2": 0.015563}, "composition_moles": {"Ar": 0.6500017122258936, "O2": 0.11699904371413927, "H2": 0.23299568426692063}}, "s6": {"state_name": "s6", "gmodel_type": "CEAGas", "rho": 4.195, "p": 4400631.212053943, "T": 3576.36, "a": 1122.1, "h": 4555370.0, "u": 3506350.0, "s": 8853.8, "gamma": 1.1557177962799776, "R": 293.32216185705215, "Cp": 2177.0, "molecular_mass": 0.028346, "v": 1122.100979845937, "M": 1.0000008732251466, "Ht": 5184919.99993, "Ue": 3220.223594699598, "total_p": 7797010.879103983, "total_T": 3901.89, "pitot_p": 7797368.305957224, "composition_massf": {"e-": 0.0, "N-": 0.0, "O2+": 0.0, "N": 2.0236e-05, "N2": 0.73188, "O+": 0.0, "N2O": 4.1898e-05, "N2+": 0.0, "O": 0.019811, "O2": 0.17284, "NO": 0.075126, "O-": 0.0, "N+": 0.0, "NO2": 0.00027244, "NO+": 0.0}, "composition_moles": {"e-": 0.0, "N-": 0.0, "O2+": 0.0, "N": 4.0952519579915324e-05, "N2": 0.7405695302962153, "O+": 0.0, "N2O": 2.698398438636033e-05, "N2+": 0.0, "O": 0.03509897908671575, "O2": 0.1531095741090291, "NO": 0.07096962271004896, "O-": 0.0, "N+": 0.0, "NO2": 0.00016786219560704699, "NO+": 0.0}}, "s8": {"state_name": "s8", "gmodel_type": "CEAGas", "rho": 0.0086331, "p": 1563.2124544590922, "T": 628.3, "a": 498.3, "h": 340870.0, "u": 159800.0, "s": 8853.8, "gamma": 1.3711011440765153, "R": 288.19792027729636, "Cp": 1064.8, "molecular_mass": 0.02885, "v": 3112.57298853717, "M": 6.246383681591753, "Ht": 5184919.99993, "Ue": 3220.223594699598, "total_p": 7797023.5124858115, "total_T": 3901.89, "pitot_p": 80390.53276996745, "unit_Re": 846682.2279150595, "k": 0.046310000000000004, "mu": 3.1737e-05, "composition_massf": {"e-": 0.0, "N-": 0.0, "O2+": 0.0, "N": 0.0, "N2": 0.76708, "O+": 0.0, "N2O": 0.0, "N2+": 0.0, "O": 0.0, "O2": 0.23292, "NO": 0.0, "O-": 0.0, "N+": 0.0, "NO2": 0.0, "NO+": 0.0}, "composition_moles": {"e-": 0.0, "N-": 0.0, "O2+": 0.0, "N": 0.0, "N2": 0.7899882913177266, "O+": 0.0, "N2O": 0.0, "N2+": 0.0, "O": 0.0, "O2": 0.20999981249296848, "NO": 0.0, "O-": 0.0, "N+": 0.0, "NO2": 0.0, "NO+": 0.0}}, "s10f": {"state_name": "s10f", "gmodel_type": "IdealGas", "rho": 0.04846559452347289, "p": 70302.43222562983, "T": 5033.220575963183, "a": 1410.272864294346, "h": 5359373.269285596, "u": 3908809.566996111, "s": 3114.7016393080366, "gamma": 1.3711011440765153, "R": 288.19792027729636, "Cp": 1064.7999999999997, "molecular_mass": 0.02885, "v": 554.4292113516531, "M": 0.3931361266240283, "Ht": null, "Ue": null, "total_p": 78043.90053928393, "total_T": 5177.563058307294, "pitot_p": 78043.90053928393}, "s10e": {"state_name": "s10e", "gmodel_type": "CEAGas", "rho": 0.07271753785538676, "p": 75272.0, "T": 3359.868760702122, "a": 1096.5, "h": 5116650.0, "u": 4081520.0, "s": 10235.0, "gamma": 1.305328210851767, "R": 308.0817400326071, "Cp": 1317.1, "molecular_mass": 0.026987999999999998, "v": 369.5278286343916, "M": 0.3370066836610959, "Ht": 5184899.99993, "Ue": 3220.2173839447546, "total_p": 80390.53276996745, "total_T": 3384.9, "pitot_p": 80390.53276996745, "unit_Re": 262055.33320987166, "k": 0.67806, "mu": 0.00010254000000000002, "composition_massf": {"e-": 0.0, "N-": 0.0, "O2+": 0.0, "N": 5.5978e-05, "N2": 0.74204, "O+": 0.0, "N2O": 3.7708e-06, "N2+": 0.0, "O": 0.076502, "O2": 0.12787, "NO": 0.053494, "O-": 0.0, "N+": 0.0, "NO2": 2.378e-05, "NO+": 0.0}, "composition_moles": {"e-": 0.0, "N-": 0.0, "O2+": 0.0, "N": 0.00010785797254171217, "N2": 0.7148784338923515, "O+": 0.0, "N2O": 2.3121989603024578e-06, "N2+": 0.0,