{"states_dict": {"s4": {"state_name": "s4", "gmodel_type": "CEAGas", "rho": 14.318, "p": 15074258.458216835, "T": 3821.611816818257, "a": 1229.5, "h": 3013250.0, "u": 1960400.0, "s": 6113.5, "gamma": 1.435911698955218, "R": 275.4973492379059, "Cp": 907.5, "molecular_mass": 0.03018, "v": 0.0, "M": 0.0, "Ht": 3012260.0, "Ue": 2454.489763677983, "total_p": 15072399.830355786, "total_T": 3821.62, "pitot_p": 15072399.830355786, "composition_massf": {"Ar": 0.86038, "O2": 0.12405, "H2": 0.015563}, "composition_moles": {"Ar": 0.6500017122258936, "O2": 0.11699904371413927, "H2": 0.23299568426692063}}, "s1": {"state_name": "s1", "gmodel_type": "CEAGas", "rho": 0.23276, "p": 19999.952662833934, "T": 298.15, "a": 346.7, "h": 7.000000000000001e-05, "u": -85925.0, "s": 7352.0, "gamma": 1.398557725608831, "R": 288.19792027729636, "Cp": 1011.3000000000001, "molecular_mass": 0.02885, "v": 0.0, "M": 0.0, "Ht": null, "Ue": null, "total_p": 19999.859177213217, "total_T": 298.15, "pitot_p": 19999.859177213217, "composition_massf": {"e-": 0.0, "N-": 0.0, "O2+": 0.0, "N": 0.0, "N2": 0.76708, "O+": 0.0, "N2O": 0.0, "N2+": 0.0, "O": 0.0, "O2": 0.23292, "NO": 0.0, "O-": 0.0, "N+": 0.0, "NO2": 0.0, "NO+": 0.0}, "composition_moles": {"e-": 0.0, "N-": 0.0, "O2+": 0.0, "N": 0.0, "N2": 0.7899882913177266, "O+": 0.0, "N2O": 0.0, "N2+": 0.0, "O": 0.0, "O2": 0.20999981249296848, "NO": 0.0, "O-": 0.0, "N+": 0.0, "NO2": 0.0, "NO+": 0.0}}, "s2": {"state_name": "s2", "gmodel_type": "CEAGas", "rho": 1.4935450410507634, "p": 997480.0, "T": 2316.5580260698716, "a": 916.8, "h": 2426990.0, "u": 1759130.0, "s": 8560.1, "gamma": 1.2555147575152654, "R": 288.2978502080444, "Cp": 1416.6000000000001, "molecular_mass": 0.02884, "v": 1882.8304483602828, "M": 2.053698133028232, "Ht": 4199509.99993, "Ue": 2898.106278220314, "total_p": 8502014.330199737, "total_T": 3436.25, "pitot_p": 5533929.245273352, "unit_Re": 36642500.77254099, "k": 0.1481, "mu": 7.674400000000001e-05, "composition_massf": {"e-": 0.0, "N-": 0.0, "O2+": 0.0, "N": 0.0, "N2": 0.75936, "O+": 0.0, "N2O": 4.2366e-06, "N2+": 0.0, "O": 0.00043069, "O2": 0.22363, "NO": 0.016486, "O-": 0.0, "N+": 0.0, "NO2": 8.637e-05, "NO+": 0.0}, "composition_moles": {"e-": 0.0, "N-": 0.0, "O2+": 0.0, "N": 0.0, "N2": 0.7817666688084988, "O+": 0.0, "N2O": 2.776091137123746e-06, "N2+": 0.0, "O": 0.0007763478380439266, "O2": 0.20155409577859168, "NO": 0.015845319451711484, "O-": 0.0, "N+": 0.0, "NO2": 5.414376107204574e-05, "NO+": 0.0}}, "s3": {"state_name": "s3", "gmodel_type": "CEAGas", "rho": 2.227, "p": 997479.9999999997, "T": 1625.75, "a": 815.4, "h": 1081470.0, "u": 633580.0, "s": 6113.5, "gamma": 1.4844312733002454, "R": 275.4973492379059, "Cp": 844.1999999999999, "molecular_mass": 0.03018, "v": 1882.833146703567, "M": 2.3090914234775166, "Ht": 2853000.0, "Ue": 2388.723508487326, "total_p": 12910180.444575708, "total_T": 3645.78, "pitot_p": 7663076.023078452, "composition_massf": {"Ar": 0.86038, "O2": 0.12405, "H2": 0.015563}, "composition_moles": {"Ar": 0.6500017122258936, "O2": 0.11699904371413927, "H2": 0.23299568426692063}}, "s5": {"state_name": "s5", "gmodel_type": "CEAGas", "rho": 6.7377, "p": 7799332.677517118, "T": 3912.2615316169117, "a": 1178.8, "h": 5208840.0, "u": 4051270.0, "s": 8859.8, "gamma": 1.1464445183346423, "R": 295.87950606739975, "Cp": 2316.3, "molecular_mass": 0.028100999999999998, "v": 0.0, "M": 0.0, "Ht": 5208829.99993, "Ue": 3227.6400046876356, "total_p": 7800139.894601529, "total_T": 3912.27, "pitot_p": 7800139.894601529, "composition_massf": {"e-": 0.0, "N-": 0.0, "O2+": 0.0, "N": 6.1507e-05, "N2": 0.72414, "O+": 0.0, "N2O": 6.9197e-05, "N2+": 0.0, "O": 0.029666, "O2": 0.15418, "NO": 0.09152, "O-": 0.0, "N+": 0.0, "NO2": 0.0003599, "NO+": 0.0}, "composition_moles": {"e-": 0.0, "N-": 0.0, "O2+": 0.0, "N": 0.00012339867399173253, "N2": 0.7264044400179913, "O+": 0.0, "N2O": 4.418044062181911e-05, "N2+": 0.0, "O": 0.0521047205520207, "O2": 0.1353992080953036, "NO": 0.08570935643085906, "O-": 0.0, "N+": 0.0, "NO2": 0.0002198334959950441, "NO+": 0.0}}, "s5d": {"state_name": "s5d", "gmodel_type": "CEAGas", "rho": 8.4582, "p": 11713612.39365766, "T": 5026.796307249522, "a": 1402.9, "h": 4120910.0, "u": 2736030.0, "s": 6434.700000000001, "gamma": 1.4211192799616044, "R": 275.4973492379059, "Cp": 929.6999999999999, "molecular_mass": 0.03018, "v": 0.0, "M": 0.0, "Ht": 4119910.0, "Ue": 2870.508665724596, "total_p": 11715555.362735057, "total_T": 5026.8, "pitot_p": 11715555.362735057, "composition_massf": {"Ar": 0.86038, "O2": 0.12405, "H2": 0.015563}, "composition_moles": {"Ar": 0.6500017122258936, "O2": 0.11699904371413927, "H2": 0.23299568426692063}}, "s6": {"state_name": "s6", "gmodel_type": "CEAGas", "rho": 4.2111, "p": 4437550.867722202, "T": 3590.81, "a": 1124.5, "h": 4585670.0, "u": 3531880.0, "s": 8859.8, "gamma": 1.1547632176433154, "R": 293.4671043343216, "Cp": 2189.7000000000003, "molecular_mass": 0.028332, "v": 1124.5009870939934, "M": 1.0000008778070195, "Ht": 5217929.99993, "Ue": 3230.4581718171185, "total_p": 7861551.7448892435, "total_T": 3916.92, "pitot_p": 7861539.201470486, "composition_massf": {"e-": 0.0, "N-": 0.0, "O2+": 0.0, "N": 2.1516e-05, "N2": 0.73155, "O+": 0.0, "N2O": 4.2494e-05, "N2+": 0.0, "O": 0.020377, "O2": 0.1719, "NO": 0.075825, "O-": 0.0, "N+": 0.0, "NO2": 0.00027343, "NO+": 0.0}, "composition_moles": {"e-": 0.0, "N-": 0.0, "O2+": 0.0, "N": 4.352140846880421e-05, "N2": 0.7398700122084431, "O+": 0.0, "N2O": 2.735431529009743e-05, "N2+": 0.0, "O": 0.03608392589722115, "O2": 0.15220167006262736, "NO": 0.07159457243693783, "O-": 0.0, "N+": 0.0, "NO2": 0.0001683889700144548, "NO+": 0.0}}, "s8": {"state_name": "s8", "gmodel_type": "CEAGas", "rho": 0.0086605, "p": 1582.2102799492768, "T": 633.92, "a": 500.4, "h": 346860.0, "u": 164170.0, "s": 8859.8, "gamma": 1.3704809741349828, "R": 288.19792027729636, "Cp": 1066.1000000000001, "molecular_mass": 0.02885, "v": 3121.237329966333, "M": 6.237484672194911, "Ht": 5217929.99993, "Ue": 3230.4581718171185, "total_p": 7861549.520825608, "total_T": 3916.92, "pitot_p": 81107.71759774227, "unit_Re": 846505.9936796864, "k": 0.046630000000000005, "mu": 3.1933e-05, "composition_massf": {"e-": 0.0, "N-": 0.0, "O2+": 0.0, "N": 0.0, "N2": 0.76708, "O+": 0.0, "N2O": 0.0, "N2+": 0.0, "O": 0.0, "O2": 0.23292, "NO": 0.0, "O-": 0.0, "N+": 0.0, "NO2": 0.0, "NO+": 0.0}, "composition_moles": {"e-": 0.0, "N-": 0.0, "O2+": 0.0, "N": 0.0, "N2": 0.7899882913177266, "O+": 0.0, "N2O": 0.0, "N2+": 0.0, "O": 0.0, "O2": 0.20999981249296848, "NO": 0.0, "O-": 0.0, "N+": 0.0, "NO2": 0.0, "NO+": 0.0}}, "s10f": {"state_name": "s10f", "gmodel_type": "IdealGas", "rho": 0.048661335757637696, "p": 70937.31130988592, "T": 5058.244931248499, "a": 1413.4545693169725, "h": 5392594.921204025, "u": 3934819.251765032, "s": 3121.0721235054048, "gamma": 1.3704809741349828, "R": 288.19792027729636, "Cp": 1066.1000000000001, "molecular_mass": 0.02885, "v": 555.4969410962713, "M": 0.3930065763377917, "Ht": null, "Ue": null, "total_p": 78739.81954550989, "total_T": 5202.967214133461, "pitot_p": 78739.81954550989}, "s10e": {"state_name": "s10e", "gmodel_type": "CEAGas", "rho": 0.07310014049647139, "p": 75958.0, "T": 3369.1780067929235, "a": 1098.7, "h": 5149550.0, "u": 4110460.0, "s": 10242.0, "gamma": 1.3056661686238653, "R": 308.41314588820063, "Cp": 1317.3999999999999, "molecular_mass": 0.026959, "v": 369.7869212368787, "M": 0.33656769021286853, "Ht": 5217919.99993, "Ue": 3230.4550762795016, "total_p": 81107.71759774227, "total_T": 3394.23, "pitot_p": 81107.71759774227, "unit_Re": 262977.6816438703, "k": 0.68045, "mu": 0.00010279000000000001, "composition_massf": {"e-": 0.0, "N-": 0.0, "O2+": 0.0, "N": 5.8482e-05, "N2": 0.74195, "O+": 0.0, "N2O": 3.8019e-06, "N2+": 0.0, "O": 0.077745, "O2": 0.12653, "NO": 0.053686, "O-": 0.0, "N+": 0.0, "NO2": 2.3715e-05, "NO+": 0.0}, "composition_moles": {"e-": 0.0, "N-": 0.0, "O2+": 0.0, "N": 0.00011256157681680909, "N2": 0.7140236476115002, "O+": 0.0,