driver_condition,area_ratio,test_gas_gas_model,test_gas_name,p1,vs1,Ht,h,Ue,pitot_p,total_p,p2,T2,rho2,v2,M2,a2,gamma2,R2,Ht2,h2,p3,T3,rho3,v3,M3,a3,p5,T5,rho5,v5,M5,a5,p5d,T5d,rho5d,v5d,M5d,a5d,p8,T8,rho8,v8,M8,a8,gamma8,R8,unit_Re8,p10f,T10f,rho10f,v10f,M10f,a10f,p10e,T10e,rho10e,v10e,M10e,a10e,unit_Re10e,s2 Xe-,s2 XN-,s2 XO2+,s2 XN,s2 XN2,s2 XO+,s2 XN2O,s2 XN2+,s2 XO,s2 XO2,s2 XNO,s2 XO-,s2 XN+,s2 XNO2,s2 XNO+,s8 Xe-,s8 XN-,s8 XO2+,s8 XN,s8 XN2,s8 XO+,s8 XN2O,s8 XN2+,s8 XO,s8 XO2,s8 XNO,s8 XO-,s8 XN+,s8 XNO2,s8 XNO+,s10e Xe-,s10e XN-,s10e XO2+,s10e XN,s10e XN2,s10e XO+,s10e XN2O,s10e XN2+,s10e XO,s10e XO2,s10e XNO,s10e XO-,s10e XN+,s10e XNO2,s10e XNO+
custom_from_dict,175.0,CEAGas,n2-o2-with-ions,19999.952662833934,2223.256231326137,5184919.99993,340870.0,3220.223594699598,80390.53276996745,7797023.5124858115,990879.9999999999,2305.3770970906307,1.4909019922386617,1876.160900380578,2.0508973550290532,914.8,1.2563214553578395,288.2878540965986,4171189.9999299995,2411200.0,990879.9999999999,1274.54,2.8219,1876.1578103887693,2.5867335039139245,725.3,7736271.345855365,3897.220175397961,6.7131,0.0,0.0,1176.2,14252935.446378455,4601.889365676338,11.242,0.0,0.0,1344.5,1563.2124544590922,628.3,0.0086331,3112.57298853717,6.246383681591753,498.3,1.3711011440765153,288.19792027729636,846682.2279150595,70302.43222562983,5033.220575963183,0.04846559452347289,554.4292113516531,0.3931361266240283,1410.272864294346,75272.0,3359.868760702122,0.07271753785538676,369.5278286343916,0.3370066836610959,1096.5,262055.33320987166,0.0,0.0,0.0,0.0,0.7819687981466014,0.0,2.7063993679111533e-06,0.0,0.0007307141367801294,0.2017593737890171,0.015495041374920434,0.0,0.0,5.3531900120637754e-05,0.0,0.0,0.0,0.0,0.0,0.7899882913177266,0.0,0.0,0.0,0.0,0.20999981249296848,0.0,0.0,0.0,0.0,0.0,0.0,0.0,0.0,0.00010785797254171217,0.7148784338923515,0.0,2.3121989603024578e-06,0.0,0.1290445876720377,0.1078464054902059,0.048113419338067925,0.0,0.0,1.3949954679331819e-05,0.0