{"states_dict": {"s4": {"state_name": "s4", "gmodel_type": "CEAGas", "rho": 33.429, "p": 37310000.0, "T": 3861.0, "a": 1256.6, "h": 3288120.0, "u": 2172010.0, "s": 6232.3, "gamma": 1.4148350213656617, "R": 289.06963807669575, "Cp": 985.9, "molecular_mass": 0.028763, "v": 0.0, "M": 0.0, "Ht": 3287120.0, "Ue": 2564.028080969473, "total_p": 37307663.26738406, "total_T": 3861.0, "pitot_p": 37307663.26738406, "composition_massf": {"Ar": 0.83332, "O2": 0.14796, "H2": 0.018713}, "composition_moles": {"Ar": 0.5999995784519876, "O2": 0.1329979086715752, "H2": 0.26700102139016213}}, "s1": {"state_name": "s1", "gmodel_type": "CEAGas", "rho": 0.46983, "p": 40370.17258596558, "T": 298.15, "a": 346.7, "h": 7.000000000000001e-05, "u": -85925.0, "s": 7149.6, "gamma": 1.398557725608831, "R": 288.19792027729636, "Cp": 1011.3000000000001, "molecular_mass": 0.02885, "v": 0.0, "M": 0.0, "Ht": -10.11307, "Ue": null, "total_p": 40364.4435201088, "total_T": 298.14, "pitot_p": 40364.4435201088, "composition_massf": {"e-": 0.0, "N-": 0.0, "O2+": 0.0, "N": 0.0, "N2": 0.76708, "O+": 0.0, "N2O": 0.0, "N2+": 0.0, "O": 0.0, "O2": 0.23292, "NO": 0.0, "O-": 0.0, "N+": 0.0, "NO2": 0.0, "NO+": 0.0}, "composition_moles": {"e-": 0.0, "N-": 0.0, "O2+": 0.0, "N": 0.0, "N2": 0.7899882913177266, "O+": 0.0, "N2O": 0.0, "N2+": 0.0, "O": 0.0, "O2": 0.20999981249296848, "NO": 0.0, "O-": 0.0, "N+": 0.0, "NO2": 0.0, "NO+": 0.0}}, "s2": {"state_name": "s2", "gmodel_type": "CEAGas", "rho": 3.1143283286834076, "p": 2278200.0, "T": 2536.4111292850325, "a": 955.4, "h": 2740880.0, "u": 2009350.0, "s": 8451.3, "gamma": 1.2426670247512566, "R": 288.4078532033716, "Cp": 1476.9, "molecular_mass": 0.028829, "v": 2011.1189458790805, "M": 2.105002036716643, "Ht": 4763179.99993, "Ue": 3086.480195928689, "total_p": 21133286.0706809, "total_T": 3774.31, "pitot_p": 13132320.189861627, "unit_Re": 76626351.33601426, "k": 0.16693000000000002, "mu": 8.173800000000001e-05, "composition_massf": {"e-": 0.0, "N-": 0.0, "O2+": 0.0, "N": 0.0, "N2": 0.75558, "O+": 0.0, "N2O": 9.5143e-06, "N2+": 0.0, "O": 0.00089234, "O2": 0.21883, "NO": 0.024536, "O-": 0.0, "N+": 0.0, "NO2": 0.0001503, "NO+": 0.0}, "composition_moles": {"e-": 0.0, "N-": 0.0, "O2+": 0.0, "N": 0.0, "N2": 0.7775784381760159, "O+": 0.0, "N2O": 6.23199966146212e-06, "N2+": 0.0, "O": 0.0016078896621123293, "O2": 0.19715270791404677, "NO": 0.023573484858078857, "O-": 0.0, "N+": 0.0, "NO2": 9.41843627392377e-05, "NO+": 0.0}}, "s3": {"state_name": "s3", "gmodel_type": "CEAGas", "rho": 4.7911, "p": 2278199.999999998, "T": 1644.96, "a": 834.8, "h": 1177140.0, "u": 701630.0, "s": 6232.3, "gamma": 1.4656177529416752, "R": 289.06963807669575, "Cp": 909.9000000000001, "molecular_mass": 0.028763, "v": 2011.130133447927, "M": 2.4091161157737506, "Ht": 3198460.0, "Ue": 2529.213316428648, "total_p": 34426646.77638759, "total_T": 3770.98, "pitot_p": 18792081.060712613, "composition_massf": {"Ar": 0.83332, "O2": 0.14796, "H2": 0.018713}, "composition_moles": {"Ar": 0.5999995784519876, "O2": 0.1329979086715752, "H2": 0.26700102139016213}}, "s5": {"state_name": "s5", "gmodel_type": "CEAGas", "rho": 14.372, "p": 18356687.852892935, "T": 4289.938694657832, "a": 1241.5, "h": 5881630.0, "u": 4604400.0, "s": 8770.0, "gamma": 1.148225828989144, "R": 297.7229920865113, "Cp": 2306.2999999999997, "molecular_mass": 0.027927, "v": 0.0, "M": 0.0, "Ht": 5881629.99993, "Ue": 3429.7609245922667, "total_p": 18354966.165938385, "total_T": 4289.93, "pitot_p": 18354966.165938385, "composition_massf": {"e-": 0.0, "N-": 0.0, "O2+": 0.0, "N": 0.00014876, "N2": 0.71561, "O+": 0.0, "N2O": 0.00013004, "N2+": 0.0, "O": 0.036751, "O2": 0.1374, "NO": 0.10941, "O-": 0.0, "N+": 0.0, "NO2": 0.00054568, "NO+": 1.367e-06}, "composition_moles": {"e-": 0.0, "N-": 0.0, "O2+": 0.0, "N": 0.00029660237743365673, "N2": 0.713402888260618, "O+": 0.0, "N2O": 8.251297531627163e-05, "N2+": 0.0, "O": 0.06414897914921809, "O2": 0.11991605310199131, "NO": 0.10182906375703607, "O-": 0.0, "N+": 0.0, "NO2": 0.0003312474673680321, "NO+": 1.2723048642258911e-06}}, "s5d": {"state_name": "s5d", "gmodel_type": "CEAGas", "rho": 18.989, "p": 28195611.579393286, "T": 5136.658759263283, "a": 1441.3, "h": 4564310.0, "u": 3079450.0, "s": 6598.7, "gamma": 1.3989201298568985, "R": 289.06963807669575, "Cp": 1013.7, "molecular_mass": 0.028763, "v": 0.0, "M": 0.0, "Ht": 4563300.0, "Ue": 3021.026315674857, "total_p": 28191250.290101912, "total_T": 5136.65, "pitot_p": 28191250.290101912, "composition_massf": {"Ar": 0.83332, "O2": 0.14796, "H2": 0.018713}, "composition_moles": {"Ar": 0.5999995784519876, "O2": 0.1329979086715752, "H2": 0.26700102139016213}}, "s6": {"state_name": "s6", "gmodel_type": "CEAGas", "rho": 8.9946, "p": 10437693.855308253, "T": 3931.96, "a": 1181.5, "h": 5194230.0, "u": 4033790.0, "s": 8770.0, "gamma": 1.1520864498107162, "R": 295.1338208149936, "Cp": 2235.7, "molecular_mass": 0.028172, "v": 1181.5006565677759, "M": 1.0000005557069622, "Ht": 5892209.99993, "Ue": 3432.8443017212417, "total_p": 18507539.4008119, "total_T": 4295.44, "pitot_p": 18506063.59323027, "composition_massf": {"e-": 0.0, "N-": 0.0, "O2+": 0.0, "N": 5.7185e-05, "N2": 0.72329, "O+": 0.0, "N2O": 8.1798e-05, "N2+": 0.0, "O": 0.026807, "O2": 0.15604, "NO": 0.093298, "O-": 0.0, "N+": 0.0, "NO2": 0.00042432, "NO+": 0.0}, "composition_moles": {"e-": 0.0, "N-": 0.0, "O2+": 0.0, "N": 0.00011501751447521543, "N2": 0.7273849614827189, "O+": 0.0, "N2O": 5.235779718627309e-05, "N2+": 0.0, "O": 0.04720219533232496, "O2": 0.13737886670750155, "NO": 0.08759523083639661, "O-": 0.0, "N+": 0.0, "NO2": 0.0002598372594581083, "NO+": 0.0}}, "s8": {"state_name": "s8", "gmodel_type": "CEAGas", "rho": 0.018416, "p": 3953.5209967130004, "T": 744.9, "a": 539.9, "h": 466680.0, "u": 252010.0, "s": 8770.0, "gamma": 1.358008913935441, "R": 288.19792027729636, "Cp": 1093.2, "molecular_mass": 0.02885, "v": 3294.0922575832765, "M": 6.10130071787975, "Ht": 5892209.99993, "Ue": 3432.8443017212417, "total_p": 18507525.04775949, "total_T": 4295.44, "pitot_p": 192438.05160758857, "unit_Re": 1700653.2762090664, "k": 0.05276, "mu": 3.5671000000000005e-05, "composition_massf": {"e-": 0.0, "N-": 0.0, "O2+": 0.0, "N": 0.0, "N2": 0.76708, "O+": 0.0, "N2O": 0.0, "N2+": 0.0, "O": 0.0, "O2": 0.23292, "NO": 0.0, "O-": 0.0, "N+": 0.0, "NO2": 0.0, "NO+": 0.0}, "composition_moles": {"e-": 0.0, "N-": 0.0, "O2+": 0.0, "N": 0.0, "N2": 0.7899882913177266, "O+": 0.0, "N2O": 0.0, "N2+": 0.0, "O": 0.0, "O2": 0.20999981249296848, "NO": 0.0, "O-": 0.0, "N+": 0.0, "NO2": 0.0, "NO+": 0.0}}, "s10f": {"state_name": "s10f", "gmodel_type": "IdealGas", "rho": 0.10547633137450038, "p": 168895.82808589976, "T": 5556.13850849568, "a": 1474.6065304507345, "h": 6074526.231338326, "u": 4473258.668417272, "s": 3050.715769533795, "gamma": 1.357964446417228, "R": 288.19792027729636, "Cp": 1093.3, "molecular_mass": 0.02885, "v": 575.1431811240002, "M": 0.3900316248756877, "Ht": null, "Ue": null, "total_p": 187015.39012756236, "total_T": 5707.418888443287, "pitot_p": 187015.39012756236}, "s10e": {"state_name": "s10e", "gmodel_type": "CEAGas", "rho": 0.15804420243996095, "p": 180500.0, "T": 3651.988317271372, "a": 1157.1, "h": 5818540.0, "u": 4676460.0, "s": 10164.0, "gamma": 1.3092121643893135, "R": 312.72840109828115, "Cp": 1324.1000000000001, "molecular_mass": 0.026587, "v": 383.842001662156, "M": 0.3317275962856763, "Ht": 5892189.99993, "Ue": 3432.8384756437345, "total_p": 192438.05160758857, "total_T": 3680.23, "pitot_p": 192438.05160758857, "unit_Re": 553352.2121285561, "k": 0.67327, "mu": 0.00010963, "composition_massf": {"e-": 0.0, "N-": 0.0, "O2+": 0.0, "N": 0.00014511, "N2": 0.73767, "O+": 0.0, "N2O": 6.9232e-06, "N2+": 0.0, "O": 0.094263, "O2": 0.10522, "NO": 0.06266, "O-": 0.0, "N+": 0.0, "NO2": 3.3576e-05, "NO+": 0.0}, "composition_moles": {"e-": 0.0, "N-": 0.0, "O2+": 0.0, "N": 0.0002754424361198569, "N2": 0.7001089582128552, "O+": 0.0, "N2O": 4.182126981241821e-06, "N2+": 0.0, "O": 0.1566415228696076,