{"states_dict": {"s4": {"state_name": "s4", "gmodel_type": "CEAGas", "rho": 33.429, "p": 37310000.0, "T": 3861.0, "a": 1256.6, "h": 3288120.0, "u": 2172010.0, "s": 6232.3, "gamma": 1.4148350213656617, "R": 289.06963807669575, "Cp": 985.9, "molecular_mass": 0.028763, "v": 0.0, "M": 0.0, "Ht": 3287120.0, "Ue": 2564.028080969473, "total_p": 37307663.26738406, "total_T": 3861.0, "pitot_p": 37307663.26738406, "composition_massf": {"Ar": 0.83332, "O2": 0.14796, "H2": 0.018713}, "composition_moles": {"Ar": 0.5999995784519876, "O2": 0.1329979086715752, "H2": 0.26700102139016213}}, "s1": {"state_name": "s1", "gmodel_type": "CEAGas", "rho": 0.13381, "p": 11497.569953977356, "T": 298.15, "a": 346.7, "h": 7.000000000000001e-05, "u": -85925.0, "s": 7511.5, "gamma": 1.398557725608831, "R": 288.19792027729636, "Cp": 1011.3000000000001, "molecular_mass": 0.02885, "v": 0.0, "M": 0.0, "Ht": -10.11307, "Ue": null, "total_p": 11498.440743915431, "total_T": 298.14, "pitot_p": 11498.440743915431, "composition_massf": {"e-": 0.0, "N-": 0.0, "O2+": 0.0, "N": 0.0, "N2": 0.76708, "O+": 0.0, "N2O": 0.0, "N2+": 0.0, "O": 0.0, "O2": 0.23292, "NO": 0.0, "O-": 0.0, "N+": 0.0, "NO2": 0.0, "NO+": 0.0}, "composition_moles": {"e-": 0.0, "N-": 0.0, "O2+": 0.0, "N": 0.0, "N2": 0.7899882913177266, "O+": 0.0, "N2O": 0.0, "N2+": 0.0, "O": 0.0, "O2": 0.20999981249296848, "NO": 0.0, "O-": 0.0, "N+": 0.0, "NO2": 0.0, "NO+": 0.0}}, "s2": {"state_name": "s2", "gmodel_type": "CEAGas", "rho": 1.0118189972477514, "p": 954149.9999999999, "T": 3222.6586693872773, "a": 1061.4, "h": 3988220.0, "u": 3045210.0, "s": 9134.7, "gamma": 1.1516968634377236, "R": 292.62018723164636, "Cp": 2221.6, "molecular_mass": 0.028414000000000002, "v": 2472.474143814709, "M": 2.3294461501928665, "Ht": 7044779.99993, "Ue": 3753.606265960776, "total_p": 12906567.627456682, "total_T": 4710.31, "pitot_p": 6407001.905191689, "unit_Re": 25699278.945149634, "k": 0.34866, "mu": 9.734500000000001e-05, "composition_massf": {"e-": 0.0, "N-": 0.0, "O2+": 0.0, "N": 7.3302e-06, "N2": 0.74083, "O+": 0.0, "N2O": 1.4303e-05, "N2+": 0.0, "O": 0.017065, "O2": 0.18584, "NO": 0.056126, "O-": 0.0, "N+": 0.0, "NO2": 0.00011889, "NO+": 0.0}, "composition_moles": {"e-": 0.0, "N-": 0.0, "O2+": 0.0, "N": 1.4870048105549485e-05, "N2": 0.7514240906137777, "O+": 0.0, "N2O": 9.23380112149193e-06, "N2+": 0.0, "O": 0.030306443366626253, "O2": 0.16502049326849758, "NO": 0.05314799870692959, "O-": 0.0, "N+": 0.0, "NO2": 7.342905652585018e-05, "NO+": 0.0}}, "s3": {"state_name": "s3", "gmodel_type": "CEAGas", "rho": 2.6546, "p": 954149.9999999993, "T": 1243.41, "a": 729.9, "h": 815960.0, "u": 456530.0, "s": 6232.3, "gamma": 1.4820797218298116, "R": 289.06963807669575, "Cp": 888.7, "molecular_mass": 0.028763, "v": 2472.4776877757045, "M": 3.3874197667840864, "Ht": 3871540.0, "Ue": 2782.639035160687, "total_p": 60732306.030136816, "total_T": 4449.6, "pitot_p": 15274430.46349376, "composition_massf": {"Ar": 0.83332, "O2": 0.14796, "H2": 0.018713}, "composition_moles": {"Ar": 0.5999995784519876, "O2": 0.1329979086715752, "H2": 0.26700102139016213}}, "s5": {"state_name": "s5", "gmodel_type": "CEAGas", "rho": 5.194, "p": 8634646.31040645, "T": 5185.915494916073, "a": 1427.2, "h": 8522980.0, "u": 6860560.0, "s": 9559.6, "gamma": 1.1364379263555973, "R": 320.56560126460266, "Cp": 2670.1000000000004, "molecular_mass": 0.025937, "v": 0.0, "M": 0.0, "Ht": 8522999.99993, "Ue": 4128.680176504351, "total_p": 8635787.176550977, "total_T": 5185.95, "pitot_p": 8635787.176550977, "composition_massf": {"e-": 0.0, "N-": 0.0, "O2+": 0.0, "N": 0.002389, "N2": 0.71524, "O+": 0.0, "N2O": 9.0159e-05, "N2+": 0.0, "O": 0.12193, "O2": 0.054471, "NO": 0.10568, "O-": 2.0195e-06, "N+": 0.0, "NO2": 0.00017727, "NO+": 2.0077e-05}, "composition_moles": {"e-": 0.0, "N-": 0.0, "O2+": 0.0, "N": 0.00442384665909886, "N2": 0.6622252165035304, "O+": 0.0, "N2O": 5.3131225075432606e-05, "N2+": 0.0, "O": 0.19766356300861285, "O2": 0.044152103422628354, "NO": 0.09134883107101556, "O-": 3.273746235659782e-06, "N+": 0.0, "NO2": 9.994135462064318e-05, "NO+": 1.735469353847635e-05}}, "s5d": {"state_name": "s5d", "gmodel_type": "CEAGas", "rho": 12.26, "p": 21659485.94334594, "T": 6111.76890476996, "a": 1567.8, "h": 5560290.0, "u": 3793550.0, "s": 6852.400000000001, "gamma": 1.3912530575005027, "R": 289.06963807669575, "Cp": 1027.9, "molecular_mass": 0.028763, "v": 0.0, "M": 0.0, "Ht": 5559290.0, "Ue": 3334.453478457902, "total_p": 21658629.002638377, "total_T": 6111.77, "pitot_p": 21658629.002638377, "composition_massf": {"Ar": 0.83332, "O2": 0.14796, "H2": 0.018713}, "composition_moles": {"Ar": 0.5999995784519876, "O2": 0.1329979086715752, "H2": 0.26700102139016213}}, "s6": {"state_name": "s6", "gmodel_type": "CEAGas", "rho": 3.2805, "p": 4930408.2192867445, "T": 4752.17, "a": 1350.3, "h": 7636990.0, "u": 6134060.0, "s": 9559.6, "gamma": 1.1249334293972506, "R": 316.26131608976794, "Cp": 2847.7000000000003, "molecular_mass": 0.02629, "v": 1350.3003911445614, "M": 1.0000002896723406, "Ht": 8548639.99993, "Ue": 4134.885729964009, "total_p": 8769948.347887568, "total_T": 5198.79, "pitot_p": 8769952.510028165, "composition_massf": {"e-": 0.0, "N-": 0.0, "O2+": 0.0, "N": 0.0011186, "N2": 0.71866, "O+": 0.0, "N2O": 6.319e-05, "N2+": 0.0, "O": 0.10682, "O2": 0.072036, "NO": 0.10113, "O-": 0.0, "N+": 0.0, "NO2": 0.00016227, "NO+": 8.9008e-06}, "composition_moles": {"e-": 0.0, "N-": 0.0, "O2+": 0.0, "N": 0.0020995662076006482, "N2": 0.674447635774308, "O+": 0.0, "N2O": 3.7745044623382286e-05, "N2+": 0.0, "O": 0.17552519469480105, "O2": 0.059184295661087294, "NO": 0.08860557353338154, "O-": 0.0, "N+": 0.0, "NO2": 9.272974535653345e-05, "NO+": 7.798624623842106e-06}}, "s8": {"state_name": "s8", "gmodel_type": "CEAGas", "rho": 0.0065649, "p": 2496.3891312714923, "T": 1319.47, "a": 706.6, "h": 1130190.0, "u": 749920.0, "s": 9559.6, "gamma": 1.3162138058374646, "R": 288.19792027729636, "Cp": 1199.6, "molecular_mass": 0.02885, "v": 3851.871122756466, "M": 5.451275294022737, "Ht": 8548639.99993, "Ue": 4134.885729964009, "total_p": 8769927.504989304, "total_T": 5198.79, "pitot_p": 94705.75999505825, "unit_Re": 482413.45976160717, "k": 0.0834, "mu": 5.2418e-05, "composition_massf": {"e-": 0.0, "N-": 0.0, "O2+": 0.0, "N": 0.0, "N2": 0.76686, "O+": 0.0, "N2O": 0.0, "N2+": 0.0, "O": 0.0, "O2": 0.23267, "NO": 0.00046672, "O-": 0.0, "N+": 0.0, "NO2": 1.1393e-06, "NO+": 0.0}, "composition_moles": {"e-": 0.0, "N-": 0.0, "O2+": 0.0, "N": 0.0, "N2": 0.7897617211762943, "O+": 0.0, "N2O": 0.0, "N2+": 0.0, "O": 0.0, "O2": 0.2097744134155031, "NO": 0.0004487378233092605, "O-": 0.0, "N+": 0.0, "NO2": 7.144538153046919e-07, "NO+": 0.0}}, "s10f": {"state_name": "s10f", "gmodel_type": "IdealGas", "rho": 0.0399188189089158, "p": 83879.78745565437, "T": 7291.028496431956, "a": 1661.0652513059476, "h": 8812666.143637307, "u": 6711406.894283114, "s": 3918.430571745101, "gamma": 1.3130877448578, "R": 288.19792027729636, "Cp": 1208.7, "molecular_mass": 0.02885, "v": 633.4553157489034, "M": 0.38135486565074667, "Ht": null, "Ue": null, "total_p": 92184.88505513953, "total_T": 7457.019080137817, "pitot_p": 92184.88505513953}, "s10e": {"state_name": "s10e", "gmodel_type": "CEAGas", "rho": 0.060167589417872154, "p": 89272.0, "T": 4353.238120222606, "a": 1353.5, "h": 8460330.0, "u": 6976610.0, "s": 11062.099999999999, "gamma": 1.3402936594254948, "R": 340.82844845255175, "Cp": 1342.4, "molecular_mass": 0.024395, "v": 420.278574867961, "M": 0.3105124306375774, "Ht": 8548649.99993, "Ue": 4134.888148409821, "total_p": 94705.75999505825, "total_T": 4397.3, "pitot_p": 94705.75999505825, "unit_Re": 195493.9987149897, "k": 0.45130000000000003, "mu": 0.00012935000000000003, "composition_massf": {"e-": 0.0, "N-": 0.0, "O2+": 0.0, "N": 0.0028432, "N2": 0.74701, "O+": 0.0, "N2O": 2.9368e-06, "N2+": 0.0, "O": 0.19932, "O2": 0.013918, "NO": 0.036894, "O-": 0.0, "N+": 0.0, "NO2": 3.7452e-06, "NO+": 1.2177e-05}, "composition_moles": {"e-": 0.0, "N-": 0.0,