{"states_dict": {"s4": {"state_name": "s4", "gmodel_type": "CEAGas", "rho": 33.429, "p": 37310000.0, "T": 3861.0, "a": 1256.6, "h": 3288120.0, "u": 2172010.0, "s": 6232.3, "gamma": 1.4148350213656617, "R": 289.06963807669575, "Cp": 985.9, "molecular_mass": 0.028763, "v": 0.0, "M": 0.0, "Ht": 3287120.0, "Ue": 2564.028080969473, "total_p": 37307663.26738406, "total_T": 3861.0, "pitot_p": 37307663.26738406, "composition_massf": {"Ar": 0.83332, "O2": 0.14796, "H2": 0.018713}, "composition_moles": {"Ar": 0.5999995784519876, "O2": 0.1329979086715752, "H2": 0.26700102139016213}}, "s1": {"state_name": "s1", "gmodel_type": "CEAGas", "rho": 0.23384, "p": 20092.33002565046, "T": 298.15, "a": 346.7, "h": 7.000000000000001e-05, "u": -85925.0, "s": 7350.7, "gamma": 1.398557725608831, "R": 288.19792027729636, "Cp": 1011.3000000000001, "molecular_mass": 0.02885, "v": 0.0, "M": 0.0, "Ht": -10.11307, "Ue": null, "total_p": 20088.573719456173, "total_T": 298.14, "pitot_p": 20088.573719456173, "composition_massf": {"e-": 0.0, "N-": 0.0, "O2+": 0.0, "N": 0.0, "N2": 0.76708, "O+": 0.0, "N2O": 0.0, "N2+": 0.0, "O": 0.0, "O2": 0.23292, "NO": 0.0, "O-": 0.0, "N+": 0.0, "NO2": 0.0, "NO+": 0.0}, "composition_moles": {"e-": 0.0, "N-": 0.0, "O2+": 0.0, "N": 0.0, "N2": 0.7899882913177266, "O+": 0.0, "N2O": 0.0, "N2+": 0.0, "O": 0.0, "O2": 0.20999981249296848, "NO": 0.0, "O-": 0.0, "N+": 0.0, "NO2": 0.0, "NO+": 0.0}}, "s2": {"state_name": "s2", "gmodel_type": "CEAGas", "rho": 1.6621044636127713, "p": 1421600.0, "T": 2951.910860283203, "a": 1020.1, "h": 3418440.0, "u": 2563120.0, "s": 8834.300000000001, "gamma": 1.1939656358953175, "R": 289.75466109078235, "Cp": 1783.6000000000001, "molecular_mass": 0.028695000000000002, "v": 2269.4496041308703, "M": 2.224732481257593, "Ht": 5993649.99993, "Ue": 3462.2680427517453, "total_p": 16143838.015009752, "total_T": 4323.06, "pitot_p": 8899493.731324105, "unit_Re": 41414370.911278486, "k": 0.24409999999999998, "mu": 9.1081e-05, "composition_massf": {"e-": 0.0, "N-": 0.0, "O2+": 0.0, "N": 1.1495e-06, "N2": 0.74685, "O+": 0.0, "N2O": 1.3348e-05, "N2+": 0.0, "O": 0.006048, "O2": 0.20371, "NO": 0.043238, "O-": 0.0, "N+": 0.0, "NO2": 0.00014078, "NO+": 0.0}, "composition_moles": {"e-": 0.0, "N-": 0.0, "O2+": 0.0, "N": 2.354937458502003e-06, "N2": 0.765021766368952, "O+": 0.0, "N2O": 8.70248791260724e-06, "N2+": 0.0, "O": 0.010847116766878759, "O2": 0.18267742696601125, "NO": 0.04134873942298399, "O-": 0.0, "N+": 0.0, "NO2": 8.780867722337547e-05, "NO+": 0.0}}, "s3": {"state_name": "s3", "gmodel_type": "CEAGas", "rho": 3.4763, "p": 1421599.9999999998, "T": 1414.66, "a": 776.6, "h": 968950.0, "u": 560010.0, "s": 6232.3, "gamma": 1.4747170713637443, "R": 289.06963807669575, "Cp": 898.0, "molecular_mass": 0.028763, "v": 2269.4511453729124, "M": 2.922290941762699, "Ht": 3543150.0, "Ue": 2662.010518386432, "total_p": 46582972.66230799, "total_T": 4119.87, "pitot_p": 17028611.367877763, "composition_massf": {"Ar": 0.83332, "O2": 0.14796, "H2": 0.018713}, "composition_moles": {"Ar": 0.5999995784519876, "O2": 0.1329979086715752, "H2": 0.26700102139016213}}, "s5": {"state_name": "s5", "gmodel_type": "CEAGas", "rho": 8.1937, "p": 12159016.598040843, "T": 4798.232691414792, "a": 1341.8, "h": 7303740.0, "u": 5819780.0, "s": 9207.599999999999, "gamma": 1.1319805633666868, "R": 309.2735456033328, "Cp": 2652.6, "molecular_mass": 0.026884, "v": 0.0, "M": 0.0, "Ht": 7303729.99993, "Ue": 3821.97069584004, "total_p": 12157462.584793417, "total_T": 4798.21, "pitot_p": 12157462.584793417, "composition_massf": {"e-": 0.0, "N-": 0.0, "O2+": 0.0, "N": 0.00078948, "N2": 0.71223, "O+": 0.0, "N2O": 0.00011452, "N2+": 0.0, "O": 0.080363, "O2": 0.090728, "NO": 0.11544, "O-": 1.0018e-06, "N+": 0.0, "NO2": 0.00032664, "NO+": 7.1768e-06}, "composition_moles": {"e-": 0.0, "N-": 0.0, "O2+": 0.0, "N": 0.001515301985478378, "N2": 0.6835154361841119, "O+": 0.0, "N2O": 6.995137051039698e-05, "N2+": 0.0, "O": 0.13503499456229612, "O2": 0.07622571946447992, "NO": 0.1034286015176914, "O-": 1.6832798575365426e-06, "N+": 0.0, "NO2": 0.00019087695514666725, "NO+": 6.4301798233242925e-06}}, "s5d": {"state_name": "s5d", "gmodel_type": "CEAGas", "rho": 15.119, "p": 24672108.958770227, "T": 5645.172127765689, "a": 1508.4, "h": 5082020.0, "u": 3450160.0, "s": 6733.3, "gamma": 1.3943487924814506, "R": 289.06963807669575, "Cp": 1022.1, "molecular_mass": 0.028763, "v": 0.0, "M": 0.0, "Ht": 5081010.0, "Ue": 3187.792339535309, "total_p": 24675883.75119744, "total_T": 5645.17, "pitot_p": 24675883.75119744, "composition_massf": {"Ar": 0.83332, "O2": 0.14796, "H2": 0.018713}, "composition_moles": {"Ar": 0.5999995784519876, "O2": 0.1329979086715752, "H2": 0.26700102139016213}}, "s6": {"state_name": "s6", "gmodel_type": "CEAGas", "rho": 5.1593, "p": 6953931.530262663, "T": 4412.27, "a": 1273.4, "h": 6513630.0, "u": 5165800.0, "s": 9207.599999999999, "gamma": 1.126417656107965, "R": 305.4783599088839, "Cp": 2721.9, "molecular_mass": 0.027218, "v": 1273.4000172524593, "M": 1.0000000135483424, "Ht": 7324409.99993, "Ue": 3827.377692344982, "total_p": 12327730.754565159, "total_T": 4808.48, "pitot_p": 12327730.568077091, "composition_massf": {"e-": 0.0, "N-": 0.0, "O2+": 0.0, "N": 0.00035777, "N2": 0.71747, "O+": 0.0, "N2O": 7.6939e-05, "N2+": 0.0, "O": 0.066219, "O2": 0.11037, "NO": 0.10523, "O-": 0.0, "N+": 0.0, "NO2": 0.00027567, "NO+": 2.9774e-06}, "composition_moles": {"e-": 0.0, "N-": 0.0, "O2+": 0.0, "N": 0.0006952232760036268, "N2": 0.6970984764434164, "O+": 0.0, "N2O": 4.7579924521957254e-05, "N2+": 0.0, "O": 0.11265102078827956, "O2": 0.09388010362888607, "NO": 0.095452262706583, "O-": 0.0, "N+": 0.0, "NO2": 0.00016309324015606832, "NO+": 2.7007960000361797e-06}}, "s8": {"state_name": "s8", "gmodel_type": "CEAGas", "rho": 0.010374, "p": 3083.9630917338654, "T": 1031.51, "a": 629.2, "h": 789420.0, "u": 492150.0, "s": 9207.599999999999, "gamma": 1.332369079739102, "R": 288.19792027729636, "Cp": 1155.3, "molecular_mass": 0.02885, "v": 3615.2410160234913, "M": 5.745774024194995, "Ht": 7324409.99993, "Ue": 3827.377692344982, "total_p": 12327715.027512541, "total_T": 4808.48, "pitot_p": 131427.90183857907, "unit_Re": 843290.693443983, "k": 0.06806, "mu": 4.4474e-05, "composition_massf": {"e-": 0.0, "N-": 0.0, "O2+": 0.0, "N": 0.0, "N2": 0.76706, "O+": 0.0, "N2O": 0.0, "N2+": 0.0, "O": 0.0, "O2": 0.23289, "NO": 4.5572e-05, "O-": 0.0, "N+": 0.0, "NO2": 0.0, "NO+": 0.0}, "composition_moles": {"e-": 0.0, "N-": 0.0, "O2+": 0.0, "N": 0.0, "N2": 0.7899676940321418, "O+": 0.0, "N2O": 0.0, "N2+": 0.0, "O": 0.0, "O2": 0.20997276460367267, "NO": 4.3816164046643845e-05, "O-": 0.0, "N+": 0.0, "NO2": 0.0, "NO+": 0.0}}, "s10f": {"state_name": "s10f", "gmodel_type": "IdealGas", "rho": 0.06164422907568882, "p": 115853.68375064795, "T": 6521.185876374089, "a": 1582.0989681952733, "h": 7543055.703201909, "u": 5663663.495889218, "s": 3530.0509213126666, "gamma": 1.3318333104847744, "R": 288.19792027729636, "Cp": 1156.6999999999998, "molecular_mass": 0.02885, "v": 608.4007162510147, "M": 0.38455288100277796, "Ht": null, "Ue": null, "total_p": 127691.31063349971, "total_T": 6681.189088760511, "pitot_p": 127691.31063349971}, "s10e": {"state_name": "s10e", "gmodel_type": "CEAGas", "rho": 0.09458816573371935, "p": 123800.0, "T": 3976.7476446822684, "a": 1251.6, "h": 7245800.0, "u": 5936990.0, "s": 10659.7, "gamma": 1.3278127529498944, "R": 329.11807782131973, "Cp": 1333.1, "molecular_mass": 0.025263, "v": 396.50319899223786, "M": 0.31679705895832366, "Ht": 7324409.99993, "Ue": 3827.377692344982, "total_p": 131427.90183857907, "total_T": 4009.6, "pitot_p": 131427.90183857907, "unit_Re": 314635.15352540015, "k": 0.5832200000000001, "mu": 0.0001192, "composition_massf": {"e-": 0.0, "N-": 0.0, "O2+": 0.0, "N": 0.00066345, "N2": 0.74132, "O+": 0.0, "N2O": 4.9398e-06, "N2+": 0.0, "O": 0.15673, "O2": 0.047512, "NO": 0.053755, "O-": 0.0, "N+": 0.0, "NO2": 1.3682e-05, "NO+": 3.4371e-06}, "composition_moles": {"e-": 0.0, "N-": 0.0,