{"states_dict": {"s4": {"state_name": "s4", "gmodel_type": "CEAGas", "rho": 33.429, "p": 37310000.0, "T": 3861.0, "a": 1256.6, "h": 3288120.0, "u": 2172010.0, "s": 6232.3, "gamma": 1.4148350213656617, "R": 289.06963807669575, "Cp": 985.9, "molecular_mass": 0.028763, "v": 0.0, "M": 0.0, "Ht": 3287120.0, "Ue": 2564.028080969473, "total_p": 37307663.26738406, "total_T": 3861.0, "pitot_p": 37307663.26738406, "composition_massf": {"Ar": 0.83332, "O2": 0.14796, "H2": 0.018713}, "composition_moles": {"Ar": 0.5999995784519876, "O2": 0.1329979086715752, "H2": 0.26700102139016213}}, "s1": {"state_name": "s1", "gmodel_type": "CEAGas", "rho": 0.15385, "p": 13219.411484660288, "T": 298.15, "a": 346.7, "h": 7.000000000000001e-05, "u": -85925.0, "s": 7471.3, "gamma": 1.398557725608831, "R": 288.19792027729636, "Cp": 1011.3000000000001, "molecular_mass": 0.02885, "v": 0.0, "M": 0.0, "Ht": null, "Ue": null, "total_p": 13220.493563400174, "total_T": 298.15, "pitot_p": 13220.493563400174, "composition_massf": {"e-": 0.0, "N-": 0.0, "O2+": 0.0, "N": 0.0, "N2": 0.76708, "O+": 0.0, "N2O": 0.0, "N2+": 0.0, "O": 0.0, "O2": 0.23292, "NO": 0.0, "O-": 0.0, "N+": 0.0, "NO2": 0.0, "NO+": 0.0}, "composition_moles": {"e-": 0.0, "N-": 0.0, "O2+": 0.0, "N": 0.0, "N2": 0.7899882913177266, "O+": 0.0, "N2O": 0.0, "N2+": 0.0, "O": 0.0, "O2": 0.20999981249296848, "NO": 0.0, "O-": 0.0, "N+": 0.0, "NO2": 0.0, "NO+": 0.0}}, "s2": {"state_name": "s2", "gmodel_type": "CEAGas", "rho": 1.1449807387791102, "p": 1055900.0, "T": 3161.3444827320945, "a": 1051.7, "h": 3844090.0, "u": 2921850.0, "s": 9059.900000000001, "gamma": 1.1615166155154615, "R": 291.726956948879, "Cp": 2097.9, "molecular_mass": 0.028501000000000002, "v": 2422.150297867881, "M": 2.303081009668043, "Ht": 6777509.99993, "Ue": 3681.714274609044, "total_p": 13666056.25921263, "total_T": 4616.61, "pitot_p": 6964219.37661834, "unit_Re": 28920635.67571285, "k": 0.31951, "mu": 9.5894e-05, "composition_massf": {"e-": 0.0, "N-": 0.0, "O2+": 0.0, "N": 4.9089e-06, "N2": 0.74215, "O+": 0.0, "N2O": 1.4266e-05, "N2+": 0.0, "O": 0.013626, "O2": 0.19078, "NO": 0.053301, "O-": 0.0, "N+": 0.0, "NO2": 0.00012516, "NO+": 0.0}, "composition_moles": {"e-": 0.0, "N-": 0.0, "O2+": 0.0, "N": 9.988688192079503e-06, "N2": 0.7550678300384815, "O+": 0.0, "N2O": 9.238114048640397e-06, "N2+": 0.0, "O": 0.0242730743652887, "O2": 0.1699257715914347, "NO": 0.05062743245540074, "O-": 0.0, "N+": 0.0, "NO2": 7.753823260262362e-05, "NO+": 0.0}}, "s3": {"state_name": "s3", "gmodel_type": "CEAGas", "rho": 2.8426, "p": 1055900.0000000005, "T": 1285.02, "a": 741.5, "h": 852980.0, "u": 481520.0, "s": 6232.3, "gamma": 1.4802376759216012, "R": 289.06963807669575, "Cp": 891.0, "molecular_mass": 0.028763, "v": 2422.1698756433852, "M": 3.2665810865049028, "Ht": 3785430.0, "Ue": 2751.519580159298, "total_p": 56762650.200819835, "total_T": 4363.38, "pitot_p": 15733578.149121711, "composition_massf": {"Ar": 0.83332, "O2": 0.14796, "H2": 0.018713}, "composition_moles": {"Ar": 0.5999995784519876, "O2": 0.1329979086715752, "H2": 0.26700102139016213}}, "s5": {"state_name": "s5", "gmodel_type": "CEAGas", "rho": 5.8255, "p": 9415163.242645334, "T": 5087.741636893794, "a": 1405.4, "h": 8211950.000000001, "u": 6595750.0, "s": 9471.5, "gamma": 1.1340329037010992, "R": 317.662947963628, "Cp": 2687.7, "molecular_mass": 0.026174, "v": 0.0, "M": 0.0, "Ht": 8211939.999930001, "Ue": 4052.638646593106, "total_p": 9414407.234546354, "total_T": 5087.72, "pitot_p": 9414407.234546354, "composition_massf": {"e-": 0.0, "N-": 0.0, "O2+": 0.0, "N": 0.0018279, "N2": 0.71413, "O+": 0.0, "N2O": 9.6794e-05, "N2+": 0.0, "O": 0.11143, "O2": 0.063048, "NO": 0.10924, "O-": 1.7404e-06, "N+": 0.0, "NO2": 0.00021061, "NO+": 1.575e-05}, "composition_moles": {"e-": 0.0, "N-": 0.0, "O2+": 0.0, "N": 0.0034157549315684634, "N2": 0.6672392005254628, "O+": 0.0, "N2O": 5.7562485367892974e-05, "N2+": 0.0, "O": 0.18229238721452054, "O2": 0.051571257422153335, "NO": 0.09528888326040372, "O-": 2.847085996263763e-06, "N+": 0.0, "NO2": 0.00011982276336524982, "NO+": 1.3738807679434945e-05}}, "s5d": {"state_name": "s5d", "gmodel_type": "CEAGas", "rho": 12.946, "p": 22417722.91288545, "T": 5990.235414981948, "a": 1552.6, "h": 5435460.0, "u": 3703860.0, "s": 6821.799999999999, "gamma": 1.392102188144509, "R": 289.06963807669575, "Cp": 1026.3, "molecular_mass": 0.028763, "v": 0.0, "M": 0.0, "Ht": 5434460.0, "Ue": 3296.8045134645154, "total_p": 22418627.895618156, "total_T": 5990.23, "pitot_p": 22418627.895618156, "composition_massf": {"Ar": 0.83332, "O2": 0.14796, "H2": 0.018713}, "composition_moles": {"Ar": 0.5999995784519876, "O2": 0.1329979086715752, "H2": 0.26700102139016213}}, "s6": {"state_name": "s6", "gmodel_type": "CEAGas", "rho": 3.6772, "p": 5380718.544433057, "T": 4668.34, "a": 1330.6, "h": 7351640.0, "u": 5888390.0, "s": 9471.5, "gamma": 1.123723125902168, "R": 313.43574471293397, "Cp": 2846.8, "molecular_mass": 0.026527000000000002, "v": 1330.6000563467726, "M": 1.0000000423468907, "Ht": 8236899.99993, "Ue": 4058.792923993536, "total_p": 9560601.94799429, "total_T": 5100.16, "pitot_p": 9560667.843565391, "composition_massf": {"e-": 0.0, "N-": 0.0, "O2+": 0.0, "N": 0.00085363, "N2": 0.71793, "O+": 0.0, "N2O": 6.7135e-05, "N2+": 0.0, "O": 0.096272, "O2": 0.081436, "NO": 0.10324, "O-": 0.0, "N+": 0.0, "NO2": 0.00018857, "NO+": 6.9068e-06}, "composition_moles": {"e-": 0.0, "N-": 0.0, "O2+": 0.0, "N": 0.001616672236144131, "N2": 0.6798364036496819, "O+": 0.0, "N2O": 4.046300496673695e-05, "N2+": 0.0, "O": 0.15961894471042665, "O2": 0.06751043076615373, "NO": 0.0912696911627969, "O-": 0.0, "N+": 0.0, "NO2": 0.00010873039940876635, "NO+": 6.1060928745338765e-06}}, "s8": {"state_name": "s8", "gmodel_type": "CEAGas", "rho": 0.0073608, "p": 2635.1552734171105, "T": 1242.22, "a": 686.8, "h": 1037319.9999999999, "u": 679320.0, "s": 9471.5, "gamma": 1.31979278206501, "R": 288.19792027729636, "Cp": 1189.4, "molecular_mass": 0.02885, "v": 3794.61941569244, "M": 5.525071950629645, "Ht": 8236869.999930001, "Ue": 4058.785532626724, "total_p": 9560585.497005599, "total_T": 5100.15, "pitot_p": 103003.09447426947, "unit_Re": 554723.4388907871, "k": 0.07924, "mu": 5.0352e-05, "composition_massf": {"e-": 0.0, "N-": 0.0, "O2+": 0.0, "N": 0.0, "N2": 0.76695, "O+": 0.0, "N2O": 0.0, "N2+": 0.0, "O": 0.0, "O2": 0.23277, "NO": 0.00027797, "O-": 0.0, "N+": 0.0, "NO2": 0.0, "NO+": 0.0}, "composition_moles": {"e-": 0.0, "N-": 0.0, "O2+": 0.0, "N": 0.0, "N2": 0.7898544089614257, "O+": 0.0, "N2O": 0.0, "N2+": 0.0, "O": 0.0, "O2": 0.20986457304648926, "NO": 0.0002672601404381109, "O-": 0.0, "N+": 0.0, "NO2": 0.0, "NO+": 0.0}}, "s10f": {"state_name": "s10f", "gmodel_type": "IdealGas", "rho": 0.04451883897109904, "p": 91098.60557382043, "T": 7100.3058603674235, "a": 1642.0582421563818, "h": 8487705.62548322, "u": 6441412.24319263, "s": 3820.433918237703, "gamma": 1.317677755286217, "R": 288.19792027729636, "Cp": 1195.4, "molecular_mass": 0.02885, "v": 627.3952781011265, "M": 0.3820785779664059, "Ht": null, "Ue": null, "total_p": 100185.58285285886, "total_T": 7264.947333962145, "pitot_p": 100185.58285285886}, "s10e": {"state_name": "s10e", "gmodel_type": "CEAGas", "rho": 0.06765626396449745, "p": 97093.0, "T": 4242.511503083649, "a": 1326.9, "h": 8151670.0, "u": 6716580.0, "s": 10961.7, "gamma": 1.337777910305925, "R": 338.26322213181453, "Cp": 1339.6999999999998, "molecular_mass": 0.024579999999999998, "v": 412.8432898642748, "M": 0.3111336874401046, "Ht": 8236909.99993, "Ue": 4058.7953877794826, "total_p": 103003.09447426947, "total_T": 4283.56, "pitot_p": 103003.09447426947, "unit_Re": 220836.76941041203, "k": 0.46923000000000004, "mu": 0.00012648, "composition_massf": {"e-": 0.0, "N-": 0.0, "O2+": 0.0, "N": 0.0019112, "N2": 0.74572, "O+": 0.0, "N2O": 3.4326e-06, "N2+": 0.0, "O": 0.1905, "O2": 0.020198, "NO": 0.041644, "O-": 0.0, "N+": 0.0, "NO2": 5.5136e-06, "NO+": 8.6914e-06}, "composition_moles": {"e-": 0.0, "N-": 0.0, "O2+": 0.0,