{"states_dict": {"s4": {"state_name": "s4", "gmodel_type": "CEAGas", "rho": 18.984, "p": 21440989.554809395, "T": 3718.649373159485, "a": 1256.7, "h": 3396450.0, "u": 2267040.0, "s": 6749.6, "gamma": 1.3982709032887226, "R": 303.7152980713033, "Cp": 1066.3, "molecular_mass": 0.027376, "v": 0.0, "M": 0.0, "Ht": 3395450.0, "Ue": 2605.9355325870974, "total_p": 21440041.671410777, "total_T": 3718.65, "pitot_p": 21440041.671410777, "composition_massf": {"Ar": 0.80258, "O2": 0.17533, "H2": 0.022091}, "composition_moles": {"Ar": 0.5500007529788725, "O2": 0.15000044001650065, "H2": 0.2999996110879616}}, "s1": {"state_name": "s1", "gmodel_type": "CEAGas", "rho": 0.20482, "p": 17598.77480285342, "T": 298.15, "a": 346.7, "h": 7.000000000000001e-05, "u": -85925.0, "s": 7388.9, "gamma": 1.398557725608831, "R": 288.19792027729636, "Cp": 1011.3000000000001, "molecular_mass": 0.02885, "v": 0.0, "M": 0.0, "Ht": -10.11307, "Ue": null, "total_p": 17595.084160051607, "total_T": 298.14, "pitot_p": 17595.084160051607, "composition_massf": {"e-": 0.0, "N-": 0.0, "O2+": 0.0, "N": 0.0, "N2": 0.76708, "O+": 0.0, "N2O": 0.0, "N2+": 0.0, "O": 0.0, "O2": 0.23292, "NO": 0.0, "O-": 0.0, "N+": 0.0, "NO2": 0.0, "NO+": 0.0}, "composition_moles": {"e-": 0.0, "N-": 0.0, "O2+": 0.0, "N": 0.0, "N2": 0.7899882913177266, "O+": 0.0, "N2O": 0.0, "N2+": 0.0, "O": 0.0, "O2": 0.20999981249296848, "NO": 0.0, "O-": 0.0, "N+": 0.0, "NO2": 0.0, "NO+": 0.0}}, "s2": {"state_name": "s2", "gmodel_type": "CEAGas", "rho": 1.406508746955904, "p": 1113800.0, "T": 2740.153596754494, "a": 986.7, "h": 3065760.0, "u": 2273880.0, "s": 8781.0, "gamma": 1.2150680584891398, "R": 288.9892600187689, "Cp": 1632.7, "molecular_mass": 0.028771, "v": 2138.3931173596866, "M": 2.167217104854248, "Ht": 5352129.99993, "Ue": 3271.736541939158, "total_p": 11504612.491421526, "total_T": 4010.86, "pitot_p": 6704213.682627414, "unit_Re": 34834767.07470034, "k": 0.20428000000000002, "mu": 8.6341e-05, "composition_massf": {"e-": 0.0, "N-": 0.0, "O2+": 0.0, "N": 0.0, "N2": 0.75153, "O+": 0.0, "N2O": 9.0278e-06, "N2+": 0.0, "O": 0.003104, "O2": 0.21202, "NO": 0.033221, "O-": 0.0, "N+": 0.0, "NO2": 0.00011567, "NO+": 0.0}, "composition_moles": {"e-": 0.0, "N-": 0.0, "O2+": 0.0, "N": 0.0, "N2": 0.7718545278331085, "O+": 0.0, "N2O": 5.901438531518104e-06, "N2+": 0.0, "O": 0.0055817833168743825, "O2": 0.19063300561271046, "NO": 0.03185356947420691, "O-": 0.0, "N+": 0.0, "NO2": 7.233790677201638e-05, "NO+": 0.0}}, "s3": {"state_name": "s3", "gmodel_type": "CEAGas", "rho": 2.3803, "p": 1113799.9999999995, "T": 1540.65, "a": 824.5, "h": 1161650.0, "u": 693730.0, "s": 6749.6, "gamma": 1.452843634569128, "R": 303.7152980713033, "Cp": 974.4000000000001, "molecular_mass": 0.027376, "v": 2138.408022290537, "M": 2.5935815916198144, "Ht": 3447040.0, "Ue": 2625.658012765562, "total_p": 22435494.885257296, "total_T": 3767.0, "pitot_p": 10503569.453560738, "composition_massf": {"Ar": 0.80258, "O2": 0.17533, "H2": 0.022091}, "composition_moles": {"Ar": 0.5500007529788725, "O2": 0.15000044001650065, "H2": 0.2999996110879616}}, "s5": {"state_name": "s5", "gmodel_type": "CEAGas", "rho": 6.7789, "p": 9228082.613216426, "T": 4468.463366266469, "a": 1280.8, "h": 6548810.0, "u": 5187510.0, "s": 9129.2, "gamma": 1.1301285646918273, "R": 304.6389184039864, "Cp": 2645.7000000000003, "molecular_mass": 0.027292999999999998, "v": 0.0, "M": 0.0, "Ht": 6548789.99993, "Ue": 3619.057888437266, "total_p": 9228150.289343214, "total_T": 4468.46, "pitot_p": 9228150.289343214, "composition_massf": {"e-": 0.0, "N-": 0.0, "O2+": 0.0, "N": 0.000366, "N2": 0.71571, "O+": 0.0, "N2O": 9.2229e-05, "N2+": 0.0, "O": 0.063035, "O2": 0.11154, "NO": 0.10892, "O-": 0.0, "N+": 0.0, "NO2": 0.00032576, "NO+": 3.1649e-06}, "composition_moles": {"e-": 0.0, "N-": 0.0, "O2+": 0.0, "N": 0.0007131756944890659, "N2": 0.6973046124354773, "O+": 0.0, "N2O": 5.7192591632434196e-05, "N2+": 0.0, "O": 0.1075299233096241, "O2": 0.09513673075240321, "NO": 0.0990716407663775, "O-": 0.0, "N+": 0.0, "NO2": 0.00019325879905663458, "NO+": 2.8787878132444516e-06}}, "s5d": {"state_name": "s5d", "gmodel_type": "CEAGas", "rho": 9.9739, "p": 15410216.021869408, "T": 5087.192842622004, "a": 1460.4, "h": 4881420.0, "u": 3336360.0, "s": 7189.6, "gamma": 1.3803645797317037, "R": 303.7152980713033, "Cp": 1102.2, "molecular_mass": 0.027376, "v": 0.0, "M": 0.0, "Ht": 4880420.0, "Ue": 3124.234306194079, "total_p": 15411510.843750848, "total_T": 5087.2, "pitot_p": 15411510.843750848, "composition_massf": {"Ar": 0.80258, "O2": 0.17533, "H2": 0.022091}, "composition_moles": {"Ar": 0.5500007529788725, "O2": 0.15000044001650065, "H2": 0.2999996110879616}}, "s6": {"state_name": "s6", "gmodel_type": "CEAGas", "rho": 4.2593, "p": 5281192.733711456, "T": 4117.33, "a": 1218.4, "h": 5823660.0, "u": 4583730.0, "s": 9129.2, "gamma": 1.12845334217165, "R": 301.15216052736423, "Cp": 2645.6, "molecular_mass": 0.027609, "v": 1218.400019656159, "M": 1.0000000161327633, "Ht": 6565899.99993, "Ue": 3623.7825541635357, "total_p": 9344678.231397552, "total_T": 4476.83, "pitot_p": 9344656.37272588, "composition_massf": {"e-": 0.0, "N-": 0.0, "O2+": 0.0, "N": 0.00015825, "N2": 0.72165, "O+": 0.0, "N2O": 6.0625e-05, "N2+": 0.0, "O": 0.049785, "O2": 0.13135, "NO": 0.096727, "O-": 0.0, "N+": 0.0, "NO2": 0.00026593, "NO+": 1.2382e-06}, "composition_moles": {"e-": 0.0, "N-": 0.0, "O2+": 0.0, "N": 0.00031193102229647244, "N2": 0.7112322977575019, "O+": 0.0, "N2O": 3.8029746460120696e-05, "N2+": 0.0, "O": 0.08591035070065128, "O2": 0.11333056708376564, "NO": 0.08899976148183203, "O-": 0.0, "N+": 0.0, "NO2": 0.00015959094825618677, "NO+": 1.1393046354748876e-06}}, "s8": {"state_name": "s8", "gmodel_type": "CEAGas", "rho": 0.0085901, "p": 2185.403073868773, "T": 882.77, "a": 584.8, "h": 619670.0, "u": 365260.0, "s": 9129.2, "gamma": 1.3443627722526235, "R": 288.19792027729636, "Cp": 1125.1, "molecular_mass": 0.02885, "v": 3448.547318494866, "M": 5.896968738876311, "Ht": 6565899.99993, "Ue": 3623.7825541635357, "total_p": 9344662.562678682, "total_T": 4476.83, "pitot_p": 98810.91508702909, "unit_Re": 739881.2708078012, "k": 0.06019, "mu": 4.0038000000000005e-05, "composition_massf": {"e-": 0.0, "N-": 0.0, "O2+": 0.0, "N": 0.0, "N2": 0.76708, "O+": 0.0, "N2O": 0.0, "N2+": 0.0, "O": 0.0, "O2": 0.23291, "NO": 7.5648e-06, "O-": 0.0, "N+": 0.0, "NO2": 0.0, "NO+": 0.0}, "composition_moles": {"e-": 0.0, "N-": 0.0, "O2+": 0.0, "N": 0.0, "N2": 0.7899882913177266, "O+": 0.0, "N2O": 0.0, "N2+": 0.0, "O": 0.0, "O2": 0.20999079652986988, "NO": 7.273337088125414e-06, "O-": 0.0, "N+": 0.0, "NO2": 0.0, "NO+": 0.0}}, "s10f": {"state_name": "s10f", "gmodel_type": "IdealGas", "rho": 0.05012284320595413, "p": 86834.33626979229, "T": 6011.252189783653, "a": 1526.0409986502718, "h": 6765063.214382521, "u": 5032632.835024528, "s": 3424.945000745328, "gamma": 1.3442393745280146, "R": 288.19792027729636, "Cp": 1125.3999999999996, "molecular_mass": 0.02885, "v": 591.008371457705, "M": 0.38728210577594613, "Ht": null, "Ue": null, "total_p": 95921.71197044732, "total_T": 6166.437410653164, "pitot_p": 95921.71197044732}, "s10e": {"state_name": "s10e", "gmodel_type": "CEAGas", "rho": 0.07741863938024215, "p": 93008.0, "T": 3727.020941867662, "a": 1189.7, "h": 6492700.0, "u": 5291340.0, "s": 10557.2, "gamma": 1.3207527550620564, "R": 322.3427928975731, "Cp": 1327.3, "molecular_mass": 0.025794, "v": 382.6386844014061, "M": 0.32162619517643615, "Ht": 6565909.99993, "Ue": 3623.785313709961, "total_p": 98810.91508702909, "total_T": 3754.93, "pitot_p": 98810.91508702909, "unit_Re": 262921.5081264112, "k": 0.6648000000000001, "mu": 0.00011267, "composition_massf": {"e-": 0.0, "N-": 0.0, "O2+": 0.0, "N": 0.00028357, "N2": 0.74099, "O+": 0.0, "N2O": 4.3545e-06, "N2+": 0.0, "O": 0.13109, "O2": 0.072336, "NO": 0.055276, "O-": 0.0, "N+": 0.0, "NO2": 1.6798e-05, "NO+": 1.4886e-06}, "composition_moles": {"e-": 0.0, "N-": 0.0, "O2+": 0.0, "N": 0.0005222075563837308, "N2": 0.6822840519180108,