{"states_dict": {"s4": {"state_name": "s4", "gmodel_type": "CEAGas", "rho": 31.76, "p": 39496155.31129854, "T": 4094.5892648082104, "a": 1316.0, "h": 3799370.0, "u": 2555780.0, "s": 6667.3, "gamma": 1.392709213556832, "R": 303.7152980713033, "Cp": 1077.1, "molecular_mass": 0.027376, "v": 0.0, "M": 0.0, "Ht": 3798370.0, "Ue": 2756.21842385541, "total_p": 39490447.12927545, "total_T": 4094.59, "pitot_p": 39490447.12927545, "composition_massf": {"Ar": 0.80258, "O2": 0.17533, "H2": 0.022091}, "composition_moles": {"Ar": 0.5500007529788725, "O2": 0.15000044001650065, "H2": 0.2999996110879616}}, "s1": {"state_name": "s1", "gmodel_type": "CEAGas", "rho": 0.20482, "p": 17598.77480285342, "T": 298.15, "a": 346.7, "h": 7.000000000000001e-05, "u": -85925.0, "s": 7388.9, "gamma": 1.398557725608831, "R": 288.19792027729636, "Cp": 1011.3000000000001, "molecular_mass": 0.02885, "v": 0.0, "M": 0.0, "Ht": -10.11307, "Ue": null, "total_p": 17595.084160051607, "total_T": 298.14, "pitot_p": 17595.084160051607, "composition_massf": {"e-": 0.0, "N-": 0.0, "O2+": 0.0, "N": 0.0, "N2": 0.76708, "O+": 0.0, "N2O": 0.0, "N2+": 0.0, "O": 0.0, "O2": 0.23292, "NO": 0.0, "O-": 0.0, "N+": 0.0, "NO2": 0.0, "NO+": 0.0}, "composition_moles": {"e-": 0.0, "N-": 0.0, "O2+": 0.0, "N": 0.0, "N2": 0.7899882913177266, "O+": 0.0, "N2O": 0.0, "N2+": 0.0, "O": 0.0, "O2": 0.20999981249296848, "NO": 0.0, "O-": 0.0, "N+": 0.0, "NO2": 0.0, "NO+": 0.0}}, "s2": {"state_name": "s2", "gmodel_type": "CEAGas", "rho": 1.5341483442141943, "p": 1445400.0, "T": 3228.05046580622, "a": 1063.3, "h": 3950790.0, "u": 3008650.0, "s": 9001.699999999999, "gamma": 1.1616290798235154, "R": 291.8600814377984, "Cp": 2097.6, "molecular_mass": 0.028488, "v": 2457.6914378332003, "M": 2.3113810193108253, "Ht": 6970919.99993, "Ue": 3733.8773412981845, "total_p": 18942674.09831599, "total_T": 4744.42, "pitot_p": 9598930.922388667, "unit_Re": 38731799.83092829, "k": 0.32412, "mu": 9.7348e-05, "composition_massf": {"e-": 0.0, "N-": 0.0, "O2+": 0.0, "N": 6.1284e-06, "N2": 0.7405, "O+": 0.0, "N2O": 1.7845e-05, "N2+": 0.0, "O": 0.014165, "O2": 0.18835, "NO": 0.056811, "O-": 0.0, "N+": 0.0, "NO2": 0.00014883, "NO+": 0.0}, "composition_moles": {"e-": 0.0, "N-": 0.0, "O2+": 0.0, "N": 1.2464453383023835e-05, "N2": 0.7530454710959754, "O+": 0.0, "N2O": 1.1550466228006396e-05, "N2+": 0.0, "O": 0.025221728314811804, "O2": 0.16768487568283807, "NO": 0.05393675845911331, "O-": 0.0, "N+": 0.0, "NO2": 9.216004695090804e-05, "NO+": 0.0}}, "s3": {"state_name": "s3", "gmodel_type": "CEAGas", "rho": 3.099, "p": 1445399.9999999993, "T": 1535.68, "a": 823.2, "h": 1156810.0, "u": 690400.0, "s": 6667.3, "gamma": 1.4530462840179892, "R": 303.7152980713033, "Cp": 974.0999999999999, "molecular_mass": 0.027376, "v": 2457.539180525607, "M": 2.985348858753167, "Ht": 4175560.0000000005, "Ue": 2889.8304448531235, "total_p": 52832194.049536794, "total_T": 4443.23, "pitot_p": 17854082.688814122, "composition_massf": {"Ar": 0.80258, "O2": 0.17533, "H2": 0.022091}, "composition_moles": {"Ar": 0.5500007529788725, "O2": 0.15000044001650065, "H2": 0.2999996110879616}}, "s5": {"state_name": "s5", "gmodel_type": "CEAGas", "rho": 7.7896, "p": 12982758.844991274, "T": 5244.355697738289, "a": 1429.1, "h": 8451530.0, "u": 6784860.0, "s": 9415.800000000001, "gamma": 1.1378126908513688, "R": 317.8086537726474, "Cp": 2623.9, "molecular_mass": 0.026161999999999998, "v": 0.0, "M": 0.0, "Ht": 8451519.99993, "Ue": 4111.330684809968, "total_p": 12981359.11100912, "total_T": 5244.33, "pitot_p": 12981359.11100912, "composition_massf": {"e-": 0.0, "N-": 0.0, "O2+": 0.0, "N": 0.0021962, "N2": 0.71167, "O+": 0.0, "N2O": 0.00011977, "N2+": 0.0, "O": 0.11155, "O2": 0.060528, "NO": 0.11367, "O-": 2.4485e-06, "N+": 0.0, "NO2": 0.00024495, "NO+": 1.9767e-05}, "composition_moles": {"e-": 0.0, "N-": 0.0, "O2+": 0.0, "N": 0.004102107163000564, "N2": 0.6646358721183434, "O+": 0.0, "N2O": 7.119344236222189e-05, "N2+": 0.0, "O": 0.1824050339387727, "O2": 0.04948727877295398, "NO": 0.09910766610789139, "O-": 4.0036164241177625e-06, "N+": 0.0, "NO2": 0.00013929599504407082, "NO+": 1.7234952529484258e-05}}, "s5d": {"state_name": "s5d", "gmodel_type": "CEAGas", "rho": 13.987, "p": 25488658.805041105, "T": 5999.916017142617, "a": 1581.7, "h": 5895500.0, "u": 4073230.0, "s": 7220.1, "gamma": 1.3728467983159944, "R": 303.7152980713033, "Cp": 1118.3000000000002, "molecular_mass": 0.027376, "v": 0.0, "M": 0.0, "Ht": 5894500.0, "Ue": 3433.5113222472414, "total_p": 25488798.478277437, "total_T": 5999.92, "pitot_p": 25488798.478277437, "composition_massf": {"Ar": 0.80258, "O2": 0.17533, "H2": 0.022091}, "composition_moles": {"Ar": 0.5500007529788725, "O2": 0.15000044001650065, "H2": 0.2999996110879616}}, "s6": {"state_name": "s6", "gmodel_type": "CEAGas", "rho": 4.9183, "p": 7409546.804189367, "T": 4802.98, "a": 1352.3, "h": 7562930.0, "u": 6056400.0, "s": 9415.800000000001, "gamma": 1.1276942345304637, "R": 313.660404406217, "Cp": 2770.0, "molecular_mass": 0.026508, "v": 1352.3006490591852, "M": 1.0000004799668603, "Ht": 8477289.99993, "Ue": 4117.593957623797, "total_p": 13183201.915504508, "total_T": 5257.39, "pitot_p": 13183351.549315369, "composition_massf": {"e-": 0.0, "N-": 0.0, "O2+": 0.0, "N": 0.0010333, "N2": 0.71563, "O+": 0.0, "N2O": 8.3091e-05, "N2+": 0.0, "O": 0.096947, "O2": 0.078328, "NO": 0.10775, "O-": 0.0, "N+": 0.0, "NO2": 0.00021935, "NO+": 8.7201e-06}, "composition_moles": {"e-": 0.0, "N-": 0.0, "O2+": 0.0, "N": 0.0019555438754310438, "N2": 0.6771730686028828, "O+": 0.0, "N2O": 5.004399238403373e-05, "N2+": 0.0, "O": 0.16062296561121042, "O2": 0.06488739027713539, "NO": 0.09518854499585085, "O-": 0.0, "N+": 0.0, "NO2": 0.00012638771016508895, "NO+": 7.703654824353602e-06}}, "s8": {"state_name": "s8", "gmodel_type": "CEAGas", "rho": 0.0098748, "p": 3649.4955647615616, "T": 1282.39, "a": 697.2, "h": 1085480.0, "u": 715910.0, "s": 9415.800000000001, "gamma": 1.3178879981892888, "R": 288.19792027729636, "Cp": 1194.8000000000002, "molecular_mass": 0.02885, "v": 3844.94694962699, "M": 5.514840719487937, "Ht": 8477289.99993, "Ue": 4117.593957623797, "total_p": 13183194.826592626, "total_T": 5257.39, "pitot_p": 141818.7410291131, "unit_Re": 738233.4027760804, "k": 0.0814, "mu": 5.143100000000001e-05, "composition_massf": {"e-": 0.0, "N-": 0.0, "O2+": 0.0, "N": 0.0, "N2": 0.76691, "O+": 0.0, "N2O": 0.0, "N2+": 0.0, "O": 0.0, "O2": 0.23272, "NO": 0.00036679, "O-": 0.0, "N+": 0.0, "NO2": 1.2595e-06, "NO+": 0.0}, "composition_moles": {"e-": 0.0, "N-": 0.0, "O2+": 0.0, "N": 0.0, "N2": 0.7898132143902562, "O+": 0.0, "N2O": 0.0, "N2+": 0.0, "O": 0.0, "O2": 0.2098194932309962, "NO": 0.0003526580095380606, "O-": 0.0, "N+": 0.0, "NO2": 7.89831107150232e-07, "NO+": 0.0}}, "s10f": {"state_name": "s10f", "gmodel_type": "IdealGas", "rho": 0.060000124623753356, "p": 125607.10198987786, "T": 7263.922479370883, "a": 1659.358012174754, "h": 8733413.99694761, "u": 6639966.64533742, "s": 3777.126021758105, "gamma": 1.3152797993466139, "R": 288.19792027729636, "Cp": 1202.2999999999997, "molecular_mass": 0.02885, "v": 632.7906806762201, "M": 0.38134668711237596, "Ht": null, "Ue": null, "total_p": 138063.88441775693, "total_T": 7430.446660336814, "pitot_p": 138063.88441775693}, "s10e": {"state_name": "s10e", "gmodel_type": "CEAGas", "rho": 0.09002344199445926, "p": 133620.0, "T": 4379.4454673552, "a": 1351.6, "h": 8388350.0, "u": 6904050.0, "s": 10908.5, "gamma": 1.337785078969746, "R": 338.9250774498614, "Cp": 1342.3, "molecular_mass": 0.024532, "v": 421.75772551013375, "M": 0.31204330091013155, "Ht": 8477289.99993, "Ue": 4117.593957623797, "total_p": 141818.7410291131, "total_T": 4423.06, "pitot_p": 141818.7410291131, "unit_Re": 292850.6142551222, "k": 0.46975, "mu": 0.00012965, "composition_massf": {"e-": 0.0, "N-": 0.0, "O2+": 0.0, "N": 0.0025077, "N2": 0.74476, "O+": 0.0, "N2O": 4.1465e-06, "N2+": 0.0, "O": 0.19236, "O2": 0.017921, "NO": 0.042422, "O-": 0.0, "N+": 0.0, "NO2": 5.9493e-06, "NO+": 1.1565e-05},