{"states_dict": {"s4": {"state_name": "s4", "gmodel_type": "CEAGas", "rho": 10.628, "p": 11032218.144655168, "T": 3417.6692132607113, "a": 1206.9, "h": 3076900.0, "u": 2038900.0, "s": 6861.799999999999, "gamma": 1.4031879278759758, "R": 303.7152980713033, "Cp": 1057.0, "molecular_mass": 0.027376, "v": 516.674984362311, "M": 0.4281009067547526, "Ht": 3209380.0, "Ue": 2533.5271855656097, "total_p": 12516899.803545184, "total_T": 3543.71, "pitot_p": 12516899.803545184, "composition_massf": {"Ar": 0.80258, "O2": 0.17533, "H2": 0.022091}, "composition_moles": {"Ar": 0.5500007529788725, "O2": 0.15000044001650065, "H2": 0.2999996110879616}}, "s1": {"state_name": "s1", "gmodel_type": "CEAGas", "rho": 0.20482, "p": 17598.77480285342, "T": 298.15, "a": 346.7, "h": 7.000000000000001e-05, "u": -85925.0, "s": 7388.9, "gamma": 1.398557725608831, "R": 288.19792027729636, "Cp": 1011.3000000000001, "molecular_mass": 0.02885, "v": 0.0, "M": 0.0, "Ht": -10.11307, "Ue": null, "total_p": 17595.084160051607, "total_T": 298.14, "pitot_p": 17595.084160051607, "composition_massf": {"e-": 0.0, "N-": 0.0, "O2+": 0.0, "N": 0.0, "N2": 0.76708, "O+": 0.0, "N2O": 0.0, "N2+": 0.0, "O": 0.0, "O2": 0.23292, "NO": 0.0, "O-": 0.0, "N+": 0.0, "NO2": 0.0, "NO+": 0.0}, "composition_moles": {"e-": 0.0, "N-": 0.0, "O2+": 0.0, "N": 0.0, "N2": 0.7899882913177266, "O+": 0.0, "N2O": 0.0, "N2+": 0.0, "O": 0.0, "O2": 0.20999981249296848, "NO": 0.0, "O-": 0.0, "N+": 0.0, "NO2": 0.0, "NO+": 0.0}}, "s2": {"state_name": "s2", "gmodel_type": "CEAGas", "rho": 1.4168238834031577, "p": 1140300.0, "T": 2783.7329706155, "a": 993.5, "h": 3136960.0, "u": 2332100.0, "s": 8800.0, "gamma": 1.2102656160477743, "R": 289.12995096845987, "Cp": 1664.1999999999998, "molecular_mass": 0.028757, "v": 2165.4312542382777, "M": 2.1795986454335963, "Ht": 5481489.99993, "Ue": 3311.0391117985905, "total_p": 12021530.22562764, "total_T": 4071.75, "pitot_p": 6920743.858347403, "unit_Re": 35135935.12147925, "k": 0.21232000000000004, "mu": 8.731900000000001e-05, "composition_massf": {"e-": 0.0, "N-": 0.0, "O2+": 0.0, "N": 0.0, "N2": 0.7506, "O+": 0.0, "N2O": 9.6909e-06, "N2+": 0.0, "O": 0.0036457, "O2": 0.21041, "NO": 0.035211, "O-": 0.0, "N+": 0.0, "NO2": 0.00011909, "NO+": 0.0}, "composition_moles": {"e-": 0.0, "N-": 0.0, "O2+": 0.0, "N": 0.0, "N2": 0.7705242562487953, "O+": 0.0, "N2O": 6.331821908626583e-06, "N2+": 0.0, "O": 0.006552707907796543, "O2": 0.18909335256322116, "NO": 0.03374522937002809, "O-": 0.0, "N+": 0.0, "NO2": 7.444047190009891e-05, "NO+": 0.0}}, "s3": {"state_name": "s3", "gmodel_type": "CEAGas", "rho": 2.1576, "p": 1140299.9999999993, "T": 1740.12, "a": 873.9, "h": 1357200.0, "u": 828700.0, "s": 6861.799999999999, "gamma": 1.44501407462029, "R": 303.7152980713033, "Cp": 986.1999999999999, "molecular_mass": 0.027376, "v": 2165.449647389917, "M": 2.477914689769902, "Ht": 3700780.0, "Ue": 2720.580820339657, "total_p": 19226766.301847953, "total_T": 4003.88, "pitot_p": 9821943.809651857, "composition_massf": {"Ar": 0.80258, "O2": 0.17533, "H2": 0.022091}, "composition_moles": {"Ar": 0.5500007529788725, "O2": 0.15000044001650065, "H2": 0.2999996110879616}}, "s5": {"state_name": "s5", "gmodel_type": "CEAGas", "rho": 6.8675, "p": 9509704.34048463, "T": 4530.045136605628, "a": 1292.5, "h": 6699890.0, "u": 5315150.0, "s": 9153.6, "gamma": 1.129821619423021, "R": 305.6805147058824, "Cp": 2660.2999999999997, "molecular_mass": 0.0272, "v": 0.0, "M": 0.0, "Ht": 6699889.99993, "Ue": 3660.5709936921044, "total_p": 9509910.016174495, "total_T": 4530.05, "pitot_p": 9509910.016174495, "composition_massf": {"e-": 0.0, "N-": 0.0, "O2+": 0.0, "N": 0.00043138, "N2": 0.71507, "O+": 0.0, "N2O": 9.5013e-05, "N2+": 0.0, "O": 0.066937, "O2": 0.10699, "NO": 0.11015, "O-": 0.0, "N+": 0.0, "NO2": 0.00032157, "NO+": 3.7598e-06}, "composition_moles": {"e-": 0.0, "N-": 0.0, "O2+": 0.0, "N": 0.0008377088107834107, "N2": 0.6943071530053474, "O+": 0.0, "N2O": 5.8718227424749174e-05, "N2+": 0.0, "O": 0.11379716739377727, "O2": 0.09094491043414128, "NO": 0.09984903069709158, "O-": 0.0, "N+": 0.0, "NO2": 0.00019012300703176796, "NO+": 3.4082546471717228e-06}}, "s5d": {"state_name": "s5d", "gmodel_type": "CEAGas", "rho": 8.8741, "p": 14507498.470038326, "T": 5382.696897912256, "a": 1500.6, "h": 5208060.0, "u": 3573250.0, "s": 7270.400000000001, "gamma": 1.3774339158472229, "R": 303.7152980713033, "Cp": 1108.4, "molecular_mass": 0.027376, "v": 0.0, "M": 0.0, "Ht": 5207060.0, "Ue": 3227.0915698194867, "total_p": 14506080.705827082, "total_T": 5382.7, "pitot_p": 14506080.705827082, "composition_massf": {"Ar": 0.80258, "O2": 0.17533, "H2": 0.022091}, "composition_moles": {"Ar": 0.5500007529788725, "O2": 0.15000044001650065, "H2": 0.2999996110879616}}, "s6": {"state_name": "s6", "gmodel_type": "CEAGas", "rho": 4.3172, "p": 5442963.338863734, "T": 4173.43, "a": 1229.0, "h": 5962540.0, "u": 4701760.0, "s": 9153.6, "gamma": 1.1272396124728483, "R": 302.093158449297, "Cp": 2676.2999999999997, "molecular_mass": 0.027523, "v": 1229.0002658226183, "M": 1.000000216291797, "Ht": 6717759.99993, "Ue": 3665.4494949269183, "total_p": 9633288.963801354, "total_T": 4538.8, "pitot_p": 9632673.346838217, "composition_massf": {"e-": 0.0, "N-": 0.0, "O2+": 0.0, "N": 0.00018882, "N2": 0.72084, "O+": 0.0, "N2O": 6.2786e-05, "N2+": 0.0, "O": 0.0534, "O2": 0.12684, "NO": 0.098394, "O-": 0.0, "N+": 0.0, "NO2": 0.00026446, "NO+": 1.4935e-06}, "composition_moles": {"e-": 0.0, "N-": 0.0, "O2+": 0.0, "N": 0.000371029068945576, "N2": 0.7082210413587783, "O+": 0.0, "N2O": 3.926264809328195e-05, "N2+": 0.0, "O": 0.09186145730464892, "O2": 0.10909838243934149, "NO": 0.09025158424453694, "O-": 0.0, "N+": 0.0, "NO2": 0.00015821440001738922, "NO+": 1.3699331817644917e-06}}, "s8": {"state_name": "s8", "gmodel_type": "CEAGas", "rho": 0.0086967, "p": 2287.356731689416, "T": 912.63, "a": 594.0, "h": 653370.0, "u": 390350.0, "s": 9153.6, "gamma": 1.341749329459809, "R": 288.19792027729636, "Cp": 1131.5, "molecular_mass": 0.02885, "v": 3482.6400407438127, "M": 5.86303037162258, "Ht": 6717759.99993, "Ue": 3665.4494949269183, "total_p": 9633294.52571581, "total_T": 4538.8, "pitot_p": 102102.16262278684, "unit_Re": 739638.9568081446, "k": 0.06178, "mu": 4.0949000000000004e-05, "composition_massf": {"e-": 0.0, "N-": 0.0, "O2+": 0.0, "N": 0.0, "N2": 0.76708, "O+": 0.0, "N2O": 0.0, "N2+": 0.0, "O": 0.0, "O2": 0.23291, "NO": 1.1369e-05, "O-": 0.0, "N+": 0.0, "NO2": 0.0, "NO+": 0.0}, "composition_moles": {"e-": 0.0, "N-": 0.0, "O2+": 0.0, "N": 0.0, "N2": 0.7899882913177266, "O+": 0.0, "N2O": 0.0, "N2+": 0.0, "O": 0.0, "O2": 0.20999079652986988, "NO": 1.0930965703640261e-05, "O-": 0.0, "N+": 0.0, "NO2": 0.0, "NO+": 0.0}}, "s10f": {"state_name": "s10f", "gmodel_type": "IdealGas", "rho": 0.05094287253913984, "p": 89759.68869360512, "T": 6113.741402722978, "a": 1537.4530823105565, "h": 6920755.26788241, "u": 5158787.710504448, "s": 3454.358339434054, "gamma": 1.341546823838128, "R": 288.19792027729636, "Cp": 1132.0, "molecular_mass": 0.02885, "v": 594.5295935672549, "M": 0.386697714816616, "Ht": null, "Ue": null, "total_p": 99105.0934502216, "total_T": 6269.865712629007, "pitot_p": 99105.0934502216}, "s10e": {"state_name": "s10e", "gmodel_type": "CEAGas", "rho": 0.07870452364423822, "p": 96112.0, "T": 3770.91530639561, "a": 1201.1, "h": 6643710.0, "u": 5422540.0, "s": 10586.800000000001, "gamma": 1.3223657886737674, "R": 323.83680623174297, "Cp": 1328.4, "molecular_mass": 0.025675, "v": 384.82509314512566, "M": 0.32039388322797907, "Ht": 6717739.99993, "Ue": 3665.4440385661323, "total_p": 102102.16262278684, "total_T": 3799.59, "pitot_p": 102102.16262278684, "unit_Re": 266006.2852831259, "k": 0.65029, "mu": 0.00011386000000000001, "composition_massf": {"e-": 0.0, "N-": 0.0, "O2+": 0.0, "N": 0.00033544, "N2": 0.74109, "O+": 0.0, "N2O": 4.4064e-06, "N2+": 0.0, "O": 0.13681, "O2": 0.066795, "NO": 0.054946, "O-": 0.0, "N+": 0.0, "NO2": 1.5972e-05, "NO+": 1.7551e-06}, "composition_moles": {"e-": 0.0,