{"states_dict": {"s4": {"state_name": "s4", "gmodel_type": "CEAGas", "rho": 33.429, "p": 37310000.0, "T": 3861.0, "a": 1256.6, "h": 3288120.0, "u": 2172010.0, "s": 6232.3, "gamma": 1.4148350213656617, "R": 289.06963807669575, "Cp": 985.9, "molecular_mass": 0.028763, "v": 0.0, "M": 0.0, "Ht": 3287120.0, "Ue": 2564.028080969473, "total_p": 37307663.26738406, "total_T": 3861.0, "pitot_p": 37307663.26738406, "composition_massf": {"Ar": 0.83332, "O2": 0.14796, "H2": 0.018713}, "composition_moles": {"Ar": 0.5999995784519876, "O2": 0.1329979086715752, "H2": 0.26700102139016213}}, "s1": {"state_name": "s1", "gmodel_type": "CEAGas", "rho": 0.56591, "p": 48626.015800653535, "T": 298.15, "a": 346.7, "h": 7.000000000000001e-05, "u": -85925.0, "s": 7096.0, "gamma": 1.398557725608831, "R": 288.19792027729636, "Cp": 1011.3000000000001, "molecular_mass": 0.02885, "v": 0.0, "M": 0.0, "Ht": null, "Ue": null, "total_p": 48616.48945258159, "total_T": 298.15, "pitot_p": 48616.48945258159, "composition_massf": {"e-": 0.0, "N-": 0.0, "O2+": 0.0, "N": 0.0, "N2": 0.76708, "O+": 0.0, "N2O": 0.0, "N2+": 0.0, "O": 0.0, "O2": 0.23292, "NO": 0.0, "O-": 0.0, "N+": 0.0, "NO2": 0.0, "NO+": 0.0}, "composition_moles": {"e-": 0.0, "N-": 0.0, "O2+": 0.0, "N": 0.0, "N2": 0.7899882913177266, "O+": 0.0, "N2O": 0.0, "N2+": 0.0, "O": 0.0, "O2": 0.20999981249296848, "NO": 0.0, "O-": 0.0, "N+": 0.0, "NO2": 0.0, "NO+": 0.0}}, "s2": {"state_name": "s2", "gmodel_type": "CEAGas", "rho": 3.684798430671305, "p": 2569800.0, "T": 2419.0414940864516, "a": 935.6, "h": 2569650.0, "u": 1872230.0, "s": 8347.5, "gamma": 1.2520522017382836, "R": 288.2978502080444, "Cp": 1432.1, "molecular_mass": 0.02884, "v": 1941.8721688801704, "M": 2.0755367345876126, "Ht": 4455079.99993, "Ue": 2984.9891121844985, "total_p": 22667212.047838617, "total_T": 3614.07, "pitot_p": 14493363.779028894, "unit_Re": 90484294.44547775, "k": 0.15456000000000003, "mu": 7.9079e-05, "composition_massf": {"e-": 0.0, "N-": 0.0, "O2+": 0.0, "N": 0.0, "N2": 0.75767, "O+": 0.0, "N2O": 8.2559e-06, "N2+": 0.0, "O": 0.00046903, "O2": 0.22165, "NO": 0.020043, "O-": 0.0, "N+": 0.0, "NO2": 0.00014877, "NO+": 0.0}, "composition_moles": {"e-": 0.0, "N-": 0.0, "O2+": 0.0, "N": 0.0, "N2": 0.7800268014593015, "O+": 0.0, "N2O": 5.409793423731278e-06, "N2+": 0.0, "O": 0.0008454582796854882, "O2": 0.1997695538582697, "NO": 0.01926408696898297, "O-": 0.0, "N+": 0.0, "NO2": 9.3261170946952e-05, "NO+": 0.0}}, "s3": {"state_name": "s3", "gmodel_type": "CEAGas", "rho": 5.2018, "p": 2569800.000000002, "T": 1709.01, "a": 850.2, "h": 1235520.0, "u": 741500.0, "s": 6232.3, "gamma": 1.4632300857698066, "R": 289.06963807669575, "Cp": 913.1, "molecular_mass": 0.028763, "v": 1941.859416781905, "M": 2.284003077842749, "Ht": 3119930.0, "Ue": 2497.9711767752647, "total_p": 32008792.806668468, "total_T": 3691.06, "pitot_p": 19156648.924530044, "composition_massf": {"Ar": 0.83332, "O2": 0.14796, "H2": 0.018713}, "composition_moles": {"Ar": 0.5999995784519876, "O2": 0.1329979086715752, "H2": 0.26700102139016213}}, "s5": {"state_name": "s5", "gmodel_type": "CEAGas", "rho": 16.678, "p": 20402944.855425958, "T": 4141.34793940046, "a": 1215.4, "h": 5524100.0, "u": 4300740.0, "s": 8653.800000000001, "gamma": 1.156673276551843, "R": 295.4064520713423, "Cp": 2180.8999999999996, "molecular_mass": 0.028146, "v": 0.0, "M": 0.0, "Ht": 5524109.99993, "Ue": 3323.8862796220933, "total_p": 20405442.49594664, "total_T": 4141.36, "pitot_p": 20405442.49594664, "composition_massf": {"e-": 0.0, "N-": 0.0, "O2+": 0.0, "N": 8.6361e-05, "N2": 0.71804, "O+": 0.0, "N2O": 0.00012969, "N2+": 0.0, "O": 0.027903, "O2": 0.14893, "NO": 0.10431, "O-": 0.0, "N+": 0.0, "NO2": 0.00060112, "NO+": 0.0}, "composition_moles": {"e-": 0.0, "N-": 0.0, "O2+": 0.0, "N": 0.0001735395707768425, "N2": 0.7214388057144081, "O+": 0.0, "N2O": 8.293620810309727e-05, "N2+": 0.0, "O": 0.049086705626460995, "O2": 0.13099815555583336, "NO": 0.09784374710475538, "O-": 0.0, "N+": 0.0, "NO2": 0.0003677630613730967, "NO+": 0.0}}, "s5d": {"state_name": "s5d", "gmodel_type": "CEAGas", "rho": 20.039, "p": 29060159.444459938, "T": 5016.612382849535, "a": 1425.0, "h": 4442760.0, "u": 2992600.0, "s": 6566.0, "gamma": 1.4001903468476777, "R": 289.06963807669575, "Cp": 1011.4000000000001, "molecular_mass": 0.028763, "v": 0.0, "M": 0.0, "Ht": 4441770.0, "Ue": 2980.5267990742846, "total_p": 29058358.509071622, "total_T": 5016.62, "pitot_p": 29058358.509071622, "composition_massf": {"Ar": 0.83332, "O2": 0.14796, "H2": 0.018713}, "composition_moles": {"Ar": 0.5999995784519876, "O2": 0.1329979086715752, "H2": 0.26700102139016213}}, "s6": {"state_name": "s6", "gmodel_type": "CEAGas", "rho": 10.419, "p": 11566410.572782256, "T": 3786.39, "a": 1157.0, "h": 4862290.0, "u": 3752140.0, "s": 8653.800000000001, "gamma": 1.1632685818254138, "R": 293.1980393539742, "Cp": 2089.0, "molecular_mass": 0.028358, "v": 1157.0008534666729, "M": 1.0000007376548599, "Ht": 5531619.99993, "Ue": 3326.1449156433337, "total_p": 20531104.68151316, "total_T": 4145.37, "pitot_p": 20535472.490613006, "composition_massf": {"e-": 0.0, "N-": 0.0, "O2+": 0.0, "N": 3.068e-05, "N2": 0.72626, "O+": 0.0, "N2O": 7.9706e-05, "N2+": 0.0, "O": 0.019392, "O2": 0.1668, "NO": 0.086971, "O-": 0.0, "N+": 0.0, "NO2": 0.00045764, "NO+": 0.0}, "composition_moles": {"e-": 0.0, "N-": 0.0, "O2+": 0.0, "N": 6.211480505757958e-05, "N2": 0.7351939100573297, "O+": 0.0, "N2O": 5.1355577195724876e-05, "N2+": 0.0, "O": 0.03437118491943448, "O2": 0.14782161831068666, "NO": 0.08219407447152413, "O-": 0.0, "N+": 0.0, "NO2": 0.00028209138298681684, "NO+": 0.0}}, "s8": {"state_name": "s8", "gmodel_type": "CEAGas", "rho": 0.021474, "p": 4212.174399800779, "T": 680.62, "a": 517.5, "h": 396910.0, "u": 200760.0, "s": 8653.800000000001, "gamma": 1.3651300657646126, "R": 288.19792027729636, "Cp": 1077.5, "molecular_mass": 0.02885, "v": 3204.59216982795, "M": 6.192448637348695, "Ht": 5531619.99993, "Ue": 3326.1449156433337, "total_p": 20531034.930155896, "total_T": 4145.37, "pitot_p": 211990.74252650668, "unit_Re": 2052169.8701245158, "k": 0.04923, "mu": 3.3533000000000006e-05, "composition_massf": {"e-": 0.0, "N-": 0.0, "O2+": 0.0, "N": 0.0, "N2": 0.76708, "O+": 0.0, "N2O": 0.0, "N2+": 0.0, "O": 0.0, "O2": 0.23292, "NO": 0.0, "O-": 0.0, "N+": 0.0, "NO2": 0.0, "NO+": 0.0}, "composition_moles": {"e-": 0.0, "N-": 0.0, "O2+": 0.0, "N": 0.0, "N2": 0.7899882913177266, "O+": 0.0, "N2O": 0.0, "N2+": 0.0, "O": 0.0, "O2": 0.20999981249296848, "NO": 0.0, "O-": 0.0, "N+": 0.0, "NO2": 0.0, "NO+": 0.0}}, "s10f": {"state_name": "s10f", "gmodel_type": "IdealGas", "rho": 0.12171335104717766, "p": 185829.30818955295, "T": 5297.673000320598, "a": 1443.6935329423188, "h": 5708242.657845445, "u": 4181464.316843864, "s": 2925.636056181905, "gamma": 1.3651300657646126, "R": 288.19792027729636, "Cp": 1077.5000000000002, "molecular_mass": 0.02885, "v": 565.3863804795064, "M": 0.3916249311772015, "Ht": null, "Ue": null, "total_p": 206040.9255838417, "total_T": 5446.007923397959, "pitot_p": 206040.9255838417}, "s10e": {"state_name": "s10e", "gmodel_type": "CEAGas", "rho": 0.18008350103859722, "p": 198440.0, "T": 3569.8346246442634, "a": 1135.6, "h": 5458600.0, "u": 4356680.0, "s": 10034.800000000001, "gamma": 1.3047081238675935, "R": 308.6764924264924, "Cp": 1321.7, "molecular_mass": 0.026936, "v": 382.13057752656766, "M": 0.33650103692018996, "Ht": 5531609.99993, "Ue": 3326.141909158417, "total_p": 211990.74252650668, "total_T": 3598.13, "pitot_p": 211990.74252650668, "unit_Re": 641695.3772369022, "k": 0.6530300000000001, "mu": 0.00010724000000000001, "composition_massf": {"e-": 0.0, "N-": 0.0, "O2+": 0.0, "N": 9.5269e-05, "N2": 0.73771, "O+": 0.0, "N2O": 7.262e-06, "N2+": 0.0, "O": 0.078732, "O2": 0.12073, "NO": 0.062687, "O-": 0.0, "N+": 0.0, "NO2": 3.9451e-05, "NO+": 0.0}, "composition_moles": {"e-": 0.0, "N-": 0.0, "O2+": 0.0, "N": 0.00018320987698744172, "N2": 0.7093375513147279, "O+": 0.0, "N2O": 4.44437145557656e-06, "N2+": 0.0,