{"states_dict": {"s4": {"state_name": "s4", "gmodel_type": "CEAGas", "rho": 33.429, "p": 37310000.0, "T": 3861.0, "a": 1256.6, "h": 3288120.0, "u": 2172010.0, "s": 6232.3, "gamma": 1.4148350213656617, "R": 289.06963807669575, "Cp": 985.9, "molecular_mass": 0.028763, "v": 0.0, "M": 0.0, "Ht": 3287120.0, "Ue": 2564.028080969473, "total_p": 37307663.26738406, "total_T": 3861.0, "pitot_p": 37307663.26738406, "composition_massf": {"Ar": 0.83332, "O2": 0.14796, "H2": 0.018713}, "composition_moles": {"Ar": 0.5999995784519876, "O2": 0.1329979086715752, "H2": 0.26700102139016213}}, "s1": {"state_name": "s1", "gmodel_type": "CEAGas", "rho": 7.6571, "p": 657933.2246575683, "T": 298.15, "a": 346.7, "h": 7.000000000000001e-05, "u": -85925.0, "s": 6345.2, "gamma": 1.398557725608831, "R": 288.19792027729636, "Cp": 1011.3000000000001, "molecular_mass": 0.02885, "v": 0.0, "M": 0.0, "Ht": null, "Ue": null, "total_p": 657968.0274071743, "total_T": 298.15, "pitot_p": 657968.0274071743, "composition_massf": {"e-": 0.0, "N-": 0.0, "O2+": 0.0, "N": 0.0, "N2": 0.76708, "O+": 0.0, "N2O": 0.0, "N2+": 0.0, "O": 0.0, "O2": 0.23292, "NO": 0.0, "O-": 0.0, "N+": 0.0, "NO2": 0.0, "NO+": 0.0}, "composition_moles": {"e-": 0.0, "N-": 0.0, "O2+": 0.0, "N": 0.0, "N2": 0.7899882913177266, "O+": 0.0, "N2O": 0.0, "N2+": 0.0, "O": 0.0, "O2": 0.20999981249296848, "NO": 0.0, "O-": 0.0, "N+": 0.0, "NO2": 0.0, "NO+": 0.0}}, "s2": {"state_name": "s2", "gmodel_type": "CEAGas", "rho": 35.74038261177748, "p": 10649000.0, "T": 1033.8373593007566, "a": 629.9, "h": 792140.0, "u": 494200.0, "s": 6862.3, "gamma": 1.331627075625225, "R": 288.18793109424286, "Cp": 1157.2, "molecular_mass": 0.028850999999999998, "v": 1012.5296563106897, "M": 1.6074450806646923, "Ht": 1304749.99993, "Ue": 1615.3946885699481, "total_p": 44805263.08041866, "total_T": 1462.35, "pitot_p": 39695657.456501834, "unit_Re": 812469350.0890326, "k": 0.06819, "mu": 4.4541e-05, "composition_massf": {"e-": 0.0, "N-": 0.0, "O2+": 0.0, "N": 0.0, "N2": 0.76705, "O+": 0.0, "N2O": 0.0, "N2+": 0.0, "O": 0.0, "O2": 0.23287, "NO": 4.6676e-05, "O-": 0.0, "N+": 0.0, "NO2": 3.1787e-05, "NO+": 0.0}, "composition_moles": {"e-": 0.0, "N-": 0.0, "O2+": 0.0, "N": 0.0, "N2": 0.7899847769281844, "O+": 0.0, "N2O": 0.0, "N2+": 0.0, "O": 0.0, "O2": 0.20996201013788018, "NO": 4.487918376596758e-05, "O-": 0.0, "N+": 0.0, "NO2": 1.993428474856267e-05, "NO+": 0.0}}, "s3": {"state_name": "s3", "gmodel_type": "CEAGas", "rho": 13.871, "p": 10649000.0, "T": 2655.89, "a": 1050.1, "h": 2119500.0, "u": 1351760.0, "s": 6232.3, "gamma": 1.4362456879242036, "R": 289.06963807669575, "Cp": 951.7, "molecular_mass": 0.028763, "v": 1012.5369068126178, "M": 0.9642290322946556, "Ht": 2631110.0, "Ue": 2293.952920179488, "total_p": 19564407.95743059, "total_T": 3189.76, "pitot_p": 19564407.95743059, "composition_massf": {"Ar": 0.83332, "O2": 0.14796, "H2": 0.018713}, "composition_moles": {"Ar": 0.5999995784519876, "O2": 0.1329979086715752, "H2": 0.26700102139016213}}, "s5": {"state_name": "s5", "gmodel_type": "CEAGas", "rho": 120.6, "p": 62686689.15999908, "T": 1803.8791743811676, "a": 817.8, "h": 1735880.0, "u": 1216080.0, "s": 7030.3, "gamma": 1.2870836912538202, "R": 288.15796769945246, "Cp": 1291.9, "molecular_mass": 0.028853999999999998, "v": 0.0, "M": 0.0, "Ht": 1735879.99993, "Ue": 1863.265949847203, "total_p": 62680668.81659606, "total_T": 1803.88, "pitot_p": 62680668.81659606, "composition_massf": {"e-": 0.0, "N-": 0.0, "O2+": 0.0, "N": 0.0, "N2": 0.76492, "O+": 0.0, "N2O": 9.2128e-06, "N2+": 0.0, "O": 1.2734e-06, "O2": 0.2303, "NO": 0.0043548, "O-": 0.0, "N+": 0.0, "NO2": 0.00041697, "NO+": 0.0}, "composition_moles": {"e-": 0.0, "N-": 0.0, "O2+": 0.0, "N": 0.0, "N2": 0.7878730064897513, "O+": 0.0, "N2O": 6.039745964810237e-06, "N2+": 0.0, "O": 2.2965038438941458e-06, "O2": 0.20766641874070277, "NO": 0.0041875951623169955, "O-": 0.0, "N+": 0.0, "NO2": 0.0002615176963623915, "NO+": 0.0}}, "s5d": {"state_name": "s5d", "gmodel_type": "CEAGas", "rho": 31.145, "p": 36281241.45137218, "T": 4029.864191775472, "a": 1282.7, "h": 3454950.0, "u": 2290030.0, "s": 6282.7, "gamma": 1.412408498446991, "R": 289.06963807669575, "Cp": 990.0, "molecular_mass": 0.028763, "v": 0.0, "M": 0.0, "Ht": 3453950.0, "Ue": 2628.288416441392, "total_p": 36275643.59574631, "total_T": 4029.86, "pitot_p": 36275643.59574631, "composition_massf": {"Ar": 0.83332, "O2": 0.14796, "H2": 0.018713}, "composition_moles": {"Ar": 0.5999995784519876, "O2": 0.1329979086715752, "H2": 0.26700102139016213}}, "s6": {"state_name": "s6", "gmodel_type": "CEAGas", "rho": 75.083, "p": 33970914.996653385, "T": 1570.03, "a": 766.6, "h": 1438480.0, "u": 986040.0, "s": 7030.3, "gamma": 1.2992122757344704, "R": 288.17794260363235, "Cp": 1251.3000000000002, "molecular_mass": 0.028852, "v": 771.2327793863536, "M": 1.0060432812240458, "Ht": 1735879.99993, "Ue": 1863.265949847203, "total_p": 62680503.09302681, "total_T": 1803.88, "pitot_p": 62681102.312834084, "composition_massf": {"e-": 0.0, "N-": 0.0, "O2+": 0.0, "N": 0.0, "N2": 0.76619, "O+": 0.0, "N2O": 2.8744e-06, "N2+": 0.0, "O": 0.0, "O2": 0.23182, "NO": 0.0017624, "O-": 0.0, "N+": 0.0, "NO2": 0.00021841, "NO+": 0.0}, "composition_moles": {"e-": 0.0, "N-": 0.0, "O2+": 0.0, "N": 0.0, "N2": 0.7891264137876873, "O+": 0.0, "N2O": 1.8842743201977607e-06, "N2+": 0.0, "O": 0.0, "O2": 0.2090225458454692, "NO": 0.0016946142551014626, "O-": 0.0, "N+": 0.0, "NO2": 0.00013697417308800036, "NO+": 0.0}}, "s8": {"state_name": "s8", "gmodel_type": "CEAGas", "rho": 0.17116, "p": 8327.547461715129, "T": 168.82, "a": 261.0, "h": -130580.00000000001, "u": -179230.0, "s": 7030.3, "gamma": 1.3996631383841265, "R": 288.19792027729636, "Cp": 1009.3000000000001, "molecular_mass": 0.02885, "v": 1932.0766030362254, "M": 7.402592348797798, "Ht": 1735869.99993, "Ue": 1863.2605829190934, "total_p": 62680090.66123755, "total_T": 1803.87, "pitot_p": 597959.6991934899, "unit_Re": 28089206.77615564, "k": 0.016, "mu": 1.1773e-05, "composition_massf": {"e-": 0.0, "N-": 0.0, "O2+": 0.0, "N": 0.0, "N2": 0.76708, "O+": 0.0, "N2O": 0.0, "N2+": 0.0, "O": 0.0, "O2": 0.23292, "NO": 0.0, "O-": 0.0, "N+": 0.0, "NO2": 0.0, "NO+": 0.0}, "composition_moles": {"e-": 0.0, "N-": 0.0, "O2+": 0.0, "N": 0.0, "N2": 0.7899882913177266, "O+": 0.0, "N2O": 0.0, "N2+": 0.0, "O": 0.0, "O2": 0.20999981249296848, "NO": 0.0, "O-": 0.0, "N+": 0.0, "NO2": 0.0, "NO+": 0.0}}, "s10f": {"state_name": "s10f", "gmodel_type": "IdealGas", "rho": 0.9417122029567662, "p": 531126.7383686871, "T": 1956.992336079262, "a": 888.4883676392453, "h": 1975192.3648047994, "u": 1411191.2435481483, "s": 1421.617784106686, "gamma": 1.3996631383841265, "R": 288.19792027729636, "Cp": 1009.3000000000002, "molecular_mass": 0.02885, "v": 351.1628146464269, "M": 0.395236254560634, "Ht": null, "Ue": null, "total_p": 591493.6506852119, "total_T": 2018.0818646586738, "pitot_p": 591493.6506852119}, "s10e": {"state_name": "s10e", "gmodel_type": "CEAGas", "rho": 1.0704241353223036, "p": 545090.0, "T": 1766.9612359333933, "a": 810.1, "h": 1688160.0, "u": 1178940.0, "s": 8371.0, "gamma": 1.3015877909777316, "R": 288.19792027729636, "Cp": 1243.8, "molecular_mass": 0.02885, "v": 308.93757013065544, "M": 0.38135732641730086, "Ht": 1735879.99993, "Ue": 1863.265949847203, "total_p": 597959.6991934899, "total_T": 1803.96, "pitot_p": 597959.6991934899, "unit_Re": 5186384.231606292, "k": 0.10871, "mu": 6.3762e-05, "composition_massf": {"e-": 0.0, "N-": 0.0, "O2+": 0.0, "N": 0.0, "N2": 0.76528, "O+": 0.0, "N2O": 0.0, "N2+": 0.0, "O": 9.5864e-06, "O2": 0.23083, "NO": 0.0038389, "O-": 0.0, "N+": 0.0, "NO2": 3.7111e-05, "NO+": 0.0}, "composition_moles": {"e-": 0.0, "N-": 0.0, "O2+": 0.0, "N": 0.0, "N2": 0.7881345356150985, "O+": 0.0, "N2O": 0.0, "N2+": 0.0, "O": 1.7286125729714864e-05, "O2": 0.20811547620535772, "NO": 0.0036909916650281114, "O-": 0.0, "N+": 0.0, "NO2": 2.327226853311017e-05, "NO+": 0.0}}}, "config_data": {"output_filename": "HYPULSE_RST_M8_condition_builder_90",