{"states_dict": {"s4": {"state_name": "s4", "gmodel_type": "CEAGas", "rho": 33.429, "p": 37310000.0, "T": 3861.0, "a": 1256.6, "h": 3288120.0, "u": 2172010.0, "s": 6232.3, "gamma": 1.4148350213656617, "R": 289.06963807669575, "Cp": 985.9, "molecular_mass": 0.028763, "v": 0.0, "M": 0.0, "Ht": 3287120.0, "Ue": 2564.028080969473, "total_p": 37307663.26738406, "total_T": 3861.0, "pitot_p": 37307663.26738406, "composition_massf": {"Ar": 0.83332, "O2": 0.14796, "H2": 0.018713}, "composition_moles": {"Ar": 0.5999995784519876, "O2": 0.1329979086715752, "H2": 0.26700102139016213}}, "s1": {"state_name": "s1", "gmodel_type": "CEAGas", "rho": 1.1912, "p": 102353.10218990268, "T": 298.15, "a": 346.7, "h": 7.000000000000001e-05, "u": -85925.0, "s": 6881.5, "gamma": 1.398557725608831, "R": 288.19792027729636, "Cp": 1011.3000000000001, "molecular_mass": 0.02885, "v": 0.0, "M": 0.0, "Ht": -10.11307, "Ue": null, "total_p": 102331.21013546136, "total_T": 298.14, "pitot_p": 102331.21013546136, "composition_massf": {"e-": 0.0, "N-": 0.0, "O2+": 0.0, "N": 0.0, "N2": 0.76708, "O+": 0.0, "N2O": 0.0, "N2+": 0.0, "O": 0.0, "O2": 0.23292, "NO": 0.0, "O-": 0.0, "N+": 0.0, "NO2": 0.0, "NO+": 0.0}, "composition_moles": {"e-": 0.0, "N-": 0.0, "O2+": 0.0, "N": 0.0, "N2": 0.7899882913177266, "O+": 0.0, "N2O": 0.0, "N2+": 0.0, "O": 0.0, "O2": 0.20999981249296848, "NO": 0.0, "O-": 0.0, "N+": 0.0, "NO2": 0.0, "NO+": 0.0}}, "s2": {"state_name": "s2", "gmodel_type": "CEAGas", "rho": 7.19857695088769, "p": 4062200.0, "T": 1958.1145169773556, "a": 849.6, "h": 1937160.0, "u": 1372860.0, "s": 7925.900000000001, "gamma": 1.279140412800182, "R": 288.18793109424286, "Cp": 1320.6, "molecular_mass": 0.028850999999999998, "v": 1665.5800361338306, "M": 1.960428479441891, "Ht": 3324239.99993, "Ue": 2578.4646594165297, "total_p": 29516202.684167475, "total_T": 2938.55, "pitot_p": 20906067.725542393, "unit_Re": 175366477.37270263, "k": 0.12019, "mu": 6.837e-05, "composition_massf": {"e-": 0.0, "N-": 0.0, "O2+": 0.0, "N": 0.0, "N2": 0.76376, "O+": 0.0, "N2O": 3.7105e-06, "N2+": 0.0, "O": 1.9042e-05, "O2": 0.22907, "NO": 0.0070171, "O-": 0.0, "N+": 0.0, "NO2": 0.0001271, "NO+": 0.0}, "composition_moles": {"e-": 0.0, "N-": 0.0, "O2+": 0.0, "N": 0.0, "N2": 0.7865964060056972, "O+": 0.0, "N2O": 2.43228414234041e-06, "N2+": 0.0, "O": 3.433758403440129e-05, "O2": 0.20653582540595272, "NO": 0.006746973185452291, "O-": 0.0, "N+": 0.0, "NO2": 7.970703720207366e-05, "NO+": 0.0}}, "s3": {"state_name": "s3", "gmodel_type": "CEAGas", "rho": 7.1199, "p": 4062200.0, "T": 1973.72, "a": 910.9, "h": 1478870.0, "u": 908330.0, "s": 6232.3, "gamma": 1.4543474429652297, "R": 289.06963807669575, "Cp": 925.3, "molecular_mass": 0.028763, "v": 1665.5689154112497, "M": 1.828487117588374, "Ht": 2864930.0, "Ue": 2393.712597619021, "total_p": 24982345.170877986, "total_T": 3430.41, "pitot_p": 20048410.087975442, "composition_massf": {"Ar": 0.83332, "O2": 0.14796, "H2": 0.018713}, "composition_moles": {"Ar": 0.5999995784519876, "O2": 0.1329979086715752, "H2": 0.26700102139016213}}, "s5": {"state_name": "s5", "gmodel_type": "CEAGas", "rho": 30.08, "p": 30310898.3577845, "T": 3478.232269010741, "a": 1109.4, "h": 4196660.0, "u": 3188990.0, "s": 8190.3, "gamma": 1.2020906534292333, "R": 289.71427575873724, "Cp": 1723.3, "molecular_mass": 0.028699000000000002, "v": 0.0, "M": 0.0, "Ht": 4196659.99993, "Ue": 2897.1227105284993, "total_p": 30313601.163619418, "total_T": 3478.23, "pitot_p": 30313601.163619418, "composition_massf": {"e-": 0.0, "N-": 0.0, "O2+": 0.0, "N": 4.8463e-06, "N2": 0.73319, "O+": 0.0, "N2O": 0.00010526, "N2+": 0.0, "O": 0.0061282, "O2": 0.18786, "NO": 0.071955, "O-": 0.0, "N+": 0.0, "NO2": 0.00075381, "NO+": 0.0}, "composition_moles": {"e-": 0.0, "N-": 0.0, "O2+": 0.0, "N": 9.929816709146337e-06, "N2": 0.7511340933267652, "O+": 0.0, "N2O": 6.863586820197762e-05, "N2+": 0.0, "O": 0.010992487955798344, "O2": 0.16848738515194323, "NO": 0.06882055798654274, "O-": 0.0, "N+": 0.0, "NO2": 0.00047023927986871144, "NO+": 0.0}}, "s5d": {"state_name": "s5d", "gmodel_type": "CEAGas", "rho": 24.104, "p": 32087646.034566496, "T": 4605.17724406826, "a": 1367.6, "h": 4028320.0, "u": 2697100.0, "s": 6451.1, "gamma": 1.4048989278141244, "R": 289.06963807669575, "Cp": 1002.9999999999999, "molecular_mass": 0.028763, "v": 0.0, "M": 0.0, "Ht": 4027330.0, "Ue": 2838.0732901036927, "total_p": 32092219.892605066, "total_T": 4605.18, "pitot_p": 32092219.892605066, "composition_massf": {"Ar": 0.83332, "O2": 0.14796, "H2": 0.018713}, "composition_moles": {"Ar": 0.5999995784519876, "O2": 0.1329979086715752, "H2": 0.26700102139016213}}, "s6": {"state_name": "s6", "gmodel_type": "CEAGas", "rho": 18.679, "p": 16910996.386656553, "T": 3132.95, "a": 1054.7, "h": 3638810.0, "u": 2733490.0, "s": 8190.3, "gamma": 1.2163378777641645, "R": 288.9691724880965, "Cp": 1624.7, "molecular_mass": 0.028773, "v": 1056.2670116973266, "M": 1.001485741630157, "Ht": 4196659.99993, "Ue": 2897.1227105284993, "total_p": 30313608.694776244, "total_T": 3478.23, "pitot_p": 30314359.561091658, "composition_massf": {"e-": 0.0, "N-": 0.0, "O2+": 0.0, "N": 1.0336e-06, "N2": 0.74213, "O+": 0.0, "N2O": 5.6968e-05, "N2+": 0.0, "O": 0.0031842, "O2": 0.20107, "NO": 0.053034, "O-": 0.0, "N+": 0.0, "NO2": 0.00052342, "NO+": 0.0}, "composition_moles": {"e-": 0.0, "N-": 0.0, "O2+": 0.0, "N": 2.123253357321853e-06, "N2": 0.7622532962796376, "O+": 0.0, "N2O": 3.724235367892977e-05, "N2+": 0.0, "O": 0.005726401402552595, "O2": 0.1808001271922697, "NO": 0.0508545689709759, "O-": 0.0, "N+": 0.0, "NO2": 0.0003273600691221702, "NO+": 0.0}}, "s8": {"state_name": "s8", "gmodel_type": "CEAGas", "rho": 0.039705, "p": 5351.040949070298, "T": 467.64, "a": 432.6, "h": 172710.0, "u": 37940.0, "s": 8190.3, "gamma": 1.3883011489067383, "R": 288.19792027729636, "Cp": 1030.4, "molecular_mass": 0.02885, "v": 2836.882091310811, "M": 6.557748708531695, "Ht": 4196659.99993, "Ue": 2897.1227105284993, "total_p": 30313613.346049957, "total_T": 3478.23, "pitot_p": 304333.56187933986, "unit_Re": 4361941.038434563, "k": 0.03705, "mu": 2.5823000000000003e-05, "composition_massf": {"e-": 0.0, "N-": 0.0, "O2+": 0.0, "N": 0.0, "N2": 0.76708, "O+": 0.0, "N2O": 0.0, "N2+": 0.0, "O": 0.0, "O2": 0.23292, "NO": 0.0, "O-": 0.0, "N+": 0.0, "NO2": 0.0, "NO+": 0.0}, "composition_moles": {"e-": 0.0, "N-": 0.0, "O2+": 0.0, "N": 0.0, "N2": 0.7899882913177266, "O+": 0.0, "N2O": 0.0, "N2+": 0.0, "O": 0.0, "O2": 0.20999981249296848, "NO": 0.0, "O-": 0.0, "N+": 0.0, "NO2": 0.0, "NO+": 0.0}}, "s10f": {"state_name": "s10f", "gmodel_type": "IdealGas", "rho": 0.21809025192906328, "p": 266713.4593913134, "T": 4243.4377516957475, "a": 1303.0052953186087, "h": 4372438.259347298, "u": 3149488.324482417, "s": 2457.3305044356694, "gamma": 1.3883011489067385, "R": 288.19792027729636, "Cp": 1030.4, "molecular_mass": 0.02885, "v": 516.4649003614907, "M": 0.39636439100978904, "Ht": null, "Ue": null, "total_p": 296960.49425147695, "total_T": 4372.8709782608685, "pitot_p": 296960.49425147695}, "s10e": {"state_name": "s10e", "gmodel_type": "CEAGas", "rho": 0.29901772600484994, "p": 282460.0, "T": 3196.130326853003, "a": 1055.2, "h": 4125710.0, "u": 3181070.0, "s": 9535.4, "gamma": 1.2911723268416417, "R": 295.5534622493957, "Cp": 1310.6, "molecular_mass": 0.028132, "v": 376.6947362634575, "M": 0.35698894642101736, "Ht": 4196649.99993, "Ue": 2897.119258825912, "total_p": 304333.56187933986, "total_T": 3228.12, "pitot_p": 304333.56187933986, "unit_Re": 1158831.311064771, "k": 0.43920000000000003, "mu": 9.72e-05, "composition_massf": {"e-": 0.0, "N-": 0.0, "O2+": 0.0, "N": 1.1669e-05, "N2": 0.74222, "O+": 0.0, "N2O": 7.3311e-06, "N2+": 0.0, "O": 0.028343, "O2": 0.17617, "NO": 0.053183, "O-": 0.0, "N+": 0.0, "NO2": 6.0349e-05, "NO+": 0.0}, "composition_moles": {"e-": 0.0, "N-": 0.0, "O2+": 0.0, "N": 2.3436805814360274e-05, "N2": 0.7453623280287291, "O+": 0.0, "N2O": 4.685875590737241e-06, "N2+": 0.0, "O": 0.04983594859807244, "O2": 0.15488125929722366,