{"states_dict": {"s4": {"state_name": "s4", "gmodel_type": "CEAGas", "rho": 33.429, "p": 37310000.0, "T": 3861.0, "a": 1256.6, "h": 3288120.0, "u": 2172010.0, "s": 6232.3, "gamma": 1.4148350213656617, "R": 289.06963807669575, "Cp": 985.9, "molecular_mass": 0.028763, "v": 0.0, "M": 0.0, "Ht": 3287120.0, "Ue": 2564.028080969473, "total_p": 37307663.26738406, "total_T": 3861.0, "pitot_p": 37307663.26738406, "composition_massf": {"Ar": 0.83332, "O2": 0.14796, "H2": 0.018713}, "composition_moles": {"Ar": 0.5999995784519876, "O2": 0.1329979086715752, "H2": 0.26700102139016213}}, "s1": {"state_name": "s1", "gmodel_type": "CEAGas", "rho": 9.223, "p": 792482.8983539186, "T": 298.15, "a": 346.7, "h": 7.000000000000001e-05, "u": -85925.0, "s": 6291.599999999999, "gamma": 1.398557725608831, "R": 288.19792027729636, "Cp": 1011.3000000000001, "molecular_mass": 0.02885, "v": 0.0, "M": 0.0, "Ht": null, "Ue": null, "total_p": 792499.2616390781, "total_T": 298.15, "pitot_p": 792499.2616390781, "composition_massf": {"e-": 0.0, "N-": 0.0, "O2+": 0.0, "N": 0.0, "N2": 0.76708, "O+": 0.0, "N2O": 0.0, "N2+": 0.0, "O": 0.0, "O2": 0.23292, "NO": 0.0, "O-": 0.0, "N+": 0.0, "NO2": 0.0, "NO+": 0.0}, "composition_moles": {"e-": 0.0, "N-": 0.0, "O2+": 0.0, "N": 0.0, "N2": 0.7899882913177266, "O+": 0.0, "N2O": 0.0, "N2+": 0.0, "O": 0.0, "O2": 0.20999981249296848, "NO": 0.0, "O-": 0.0, "N+": 0.0, "NO2": 0.0, "NO+": 0.0}}, "s2": {"state_name": "s2", "gmodel_type": "CEAGas", "rho": 41.54465821872916, "p": 11552000.0, "T": 964.8095801734408, "a": 609.7, "h": 712740.0, "u": 434690.0, "s": 6759.400000000001, "gamma": 1.3370965758655255, "R": 288.18793109424286, "Cp": 1143.1, "molecular_mass": 0.028850999999999998, "v": 952.653936847789, "M": 1.5624962060813334, "Ht": 1166519.99993, "Ue": 1527.4292127165827, "total_p": 45515583.995319076, "total_T": 1349.37, "pitot_p": 41129437.67531698, "unit_Re": 930889128.9648178, "k": 0.06454, "mu": 4.2516e-05, "composition_massf": {"e-": 0.0, "N-": 0.0, "O2+": 0.0, "N": 0.0, "N2": 0.76706, "O+": 0.0, "N2O": 0.0, "N2+": 0.0, "O": 0.0, "O2": 0.23289, "NO": 2.181e-05, "O-": 0.0, "N+": 0.0, "NO2": 2.5057e-05, "NO+": 0.0}, "composition_moles": {"e-": 0.0, "N-": 0.0, "O2+": 0.0, "N": 0.0, "N2": 0.7899950759279487, "O+": 0.0, "N2O": 0.0, "N2+": 0.0, "O": 0.0, "O2": 0.20998004268910087, "NO": 2.0970413016020074e-05, "O-": 0.0, "N+": 0.0, "NO2": 1.5713762637076002e-05, "NO+": 0.0}}, "s3": {"state_name": "s3", "gmodel_type": "CEAGas", "rho": 14.68, "p": 11551999.999999996, "T": 2722.3, "a": 1062.6, "h": 2182770.0, "u": 1395830.0, "s": 6232.3, "gamma": 1.4348021008553806, "R": 289.06963807669575, "Cp": 953.9, "molecular_mass": 0.028763, "v": 952.6539948867606, "M": 0.8965311451974033, "Ht": 2635540.0, "Ue": 2295.8832722941297, "total_p": 19658546.000563186, "total_T": 3194.33, "pitot_p": 19658546.000563186, "composition_massf": {"Ar": 0.83332, "O2": 0.14796, "H2": 0.018713}, "composition_moles": {"Ar": 0.5999995784519876, "O2": 0.1329979086715752, "H2": 0.26700102139016213}}, "s5": {"state_name": "s5", "gmodel_type": "CEAGas", "rho": 136.63, "p": 65678625.54888901, "T": 1668.2177228842052, "a": 788.6, "h": 1562240.0, "u": 1081520.0, "s": 6916.8, "gamma": 1.2940261317395043, "R": 288.15796769945246, "Cp": 1268.2, "molecular_mass": 0.028853999999999998, "v": 0.0, "M": 0.0, "Ht": 1562239.99993, "Ue": 1767.619868597318, "total_p": 65673168.842317596, "total_T": 1668.22, "pitot_p": 65673168.842317596, "composition_massf": {"e-": 0.0, "N-": 0.0, "O2+": 0.0, "N": 0.0, "N2": 0.76573, "O+": 0.0, "N2O": 5.8936e-06, "N2+": 0.0, "O": 0.0, "O2": 0.23125, "NO": 0.0026583, "O-": 0.0, "N+": 0.0, "NO2": 0.0003544, "NO+": 0.0}, "composition_moles": {"e-": 0.0, "N-": 0.0, "O2+": 0.0, "N": 0.0, "N2": 0.7887073122148686, "O+": 0.0, "N2O": 3.863738148902137e-06, "N2+": 0.0, "O": 0.0, "O2": 0.20852305398952461, "NO": 0.0025562331725882408, "O-": 0.0, "N+": 0.0, "NO2": 0.000222274675853974, "NO+": 0.0}}, "s5d": {"state_name": "s5d", "gmodel_type": "CEAGas", "rho": 31.529, "p": 36466298.653311834, "T": 4001.065104781599, "a": 1278.3, "h": 3426450.0, "u": 2269860.0, "s": 6274.099999999999, "gamma": 1.4128207712712084, "R": 289.06963807669575, "Cp": 989.3, "molecular_mass": 0.028763, "v": 0.0, "M": 0.0, "Ht": 3425450.0, "Ue": 2617.4223961752905, "total_p": 36464724.44231107, "total_T": 4001.07, "pitot_p": 36464724.44231107, "composition_massf": {"Ar": 0.83332, "O2": 0.14796, "H2": 0.018713}, "composition_moles": {"Ar": 0.5999995784519876, "O2": 0.1329979086715752, "H2": 0.26700102139016213}}, "s6": {"state_name": "s6", "gmodel_type": "CEAGas", "rho": 85.121, "p": 35509328.84453842, "T": 1447.59, "a": 738.0, "h": 1286550.0, "u": 869380.0, "s": 6916.8, "gamma": 1.3058168280596836, "R": 288.17794260363235, "Cp": 1230.5, "molecular_mass": 0.028852, "v": 742.5496616388698, "M": 1.0061648531692002, "Ht": 1562239.99993, "Ue": 1767.619868597318, "total_p": 65672823.23487952, "total_T": 1668.22, "pitot_p": 65671741.89841488, "composition_massf": {"e-": 0.0, "N-": 0.0, "O2+": 0.0, "N": 0.0, "N2": 0.76657, "O+": 0.0, "N2O": 1.6871e-06, "N2+": 0.0, "O": 0.0, "O2": 0.23227, "NO": 0.00097531, "O-": 0.0, "N+": 0.0, "NO2": 0.00017885, "NO+": 0.0}, "composition_moles": {"e-": 0.0, "N-": 0.0, "O2+": 0.0, "N": 0.0, "N2": 0.7895177893436711, "O+": 0.0, "N2O": 1.1059557492365856e-06, "N2+": 0.0, "O": 0.0, "O2": 0.20942829231096166, "NO": 0.0009377974518514568, "O-": 0.0, "N+": 0.0, "NO2": 0.00011216441947158493, "NO+": 0.0}}, "s8": {"state_name": "s8", "gmodel_type": "CEAGas", "rho": 0.19522, "p": 8552.794297071554, "T": 152.02, "a": 247.6, "h": -147540.0, "u": -191350.0, "s": 6916.8, "gamma": -0.0, "R": 288.19792027729636, "Cp": 0.0, "molecular_mass": 0.02885, "v": 1849.2052346886755, "M": 7.46851871845184, "Ht": 1562229.99993, "Ue": 1767.614211263306, "total_p": 65672785.46437153, "total_T": 1668.21, "pitot_p": 624135.9088345236, "unit_Re": null, "k": 0.0, "mu": 0.0, "composition_massf": {"e-": 0.0, "N-": 0.0, "O2+": 0.0, "N": 0.0, "N2": 0.76708, "O+": 0.0, "N2O": 0.0, "N2+": 0.0, "O": 0.0, "O2": 0.23292, "NO": 0.0, "O-": 0.0, "N+": 0.0, "NO2": 0.0, "NO+": 0.0}, "composition_moles": {"e-": 0.0, "N-": 0.0, "O2+": 0.0, "N": 0.0, "N2": 0.7899882913177266, "O+": 0.0, "N2O": 0.0, "N2+": 0.0, "O": 0.0, "O2": 0.20999981249296848, "NO": 0.0, "O-": 0.0, "N+": 0.0, "NO2": 0.0, "NO+": 0.0}}, "s10f": {"state_name": "s10f", "gmodel_type": "IdealGas", "rho": 1.076522770178115, "p": 555053.0114788739, "T": 1789.0414406974394, "a": 849.3734089871454, "h": 1807110.7592484832, "u": 1291512.7367495832, "s": 1319.7891215480986, "gamma": 1.399220238273865, "R": 288.19792027729636, "Cp": 1010.0999999999998, "molecular_mass": 0.02885, "v": 335.33458739449026, "M": 0.39480231408982724, "Ht": null, "Ue": null, "total_p": 617975.6472959358, "total_T": 1844.7038926838927, "pitot_p": 617975.6472959358}, "s10e": {"state_name": "s10e", "gmodel_type": "CEAGas", "rho": 1.2072636478258563, "p": 568180.0, "T": 1633.047315096426, "a": 781.0, "h": 1517540.0, "u": 1046910.0000000001, "s": 8258.6, "gamma": 1.3050860142281278, "R": 288.18793109424286, "Cp": 1232.8, "molecular_mass": 0.028850999999999998, "v": 299.0248621881776, "M": 0.3828743433907524, "Ht": 1562239.99993, "Ue": 1767.619868597318, "total_p": 624135.9088345236, "total_T": 1668.38, "pitot_p": 624135.9088345236, "unit_Re": 5971019.135545135, "k": 0.10083, "mu": 6.0459e-05, "composition_massf": {"e-": 0.0, "N-": 0.0, "O2+": 0.0, "N": 0.0, "N2": 0.76599, "O+": 0.0, "N2O": 0.0, "N2+": 0.0, "O": 2.2706e-06, "O2": 0.23166, "NO": 0.0023087, "O-": 0.0, "N+": 0.0, "NO2": 3.1282e-05, "NO+": 0.0}, "composition_moles": {"e-": 0.0, "N-": 0.0, "O2+": 0.0, "N": 0.0, "N2": 0.7888930829531581, "O+": 0.0, "N2O": 0.0, "N2+": 0.0, "O": 4.0944710801655065e-06, "O2": 0.2088710407890296, "NO": 0.0022198254254968152, "O-": 0.0, "N+": 0.0, "NO2": 1.9617588810033583e-05, "NO+": 0.0}}}, "config_data": {"output_filename": "HYPULSE_RST_M8_condition_builder_94",