{"states_dict": {"s4": {"state_name": "s4", "gmodel_type": "CEAGas", "rho": 10.731, "p": 10888625.898940554, "T": 3341.0456894352933, "a": 1193.8, "h": 2996000.0, "u": 1981270.0, "s": 6841.8, "gamma": 1.4044766091134773, "R": 303.7152980713033, "Cp": 1054.6, "molecular_mass": 0.027376, "v": 516.758447058928, "M": 0.43286852660322334, "Ht": 3128520.0, "Ue": 2501.4076037303475, "total_p": 12391260.671648016, "total_T": 3467.42, "pitot_p": 12391260.671648016, "composition_massf": {"Ar": 0.80258, "O2": 0.17533, "H2": 0.022091}, "composition_moles": {"Ar": 0.5500007529788725, "O2": 0.15000044001650065, "H2": 0.2999996110879616}}, "s1": {"state_name": "s1", "gmodel_type": "CEAGas", "rho": 0.23314000000000001, "p": 20032.316091644287, "T": 298.15, "a": 346.7, "h": 7.000000000000001e-05, "u": -85925.0, "s": 7351.5, "gamma": 1.398557725608831, "R": 288.19792027729636, "Cp": 1011.3000000000001, "molecular_mass": 0.02885, "v": 0.0, "M": 0.0, "Ht": null, "Ue": null, "total_p": 20033.49357229355, "total_T": 298.15, "pitot_p": 20033.49357229355, "composition_massf": {"e-": 0.0, "N-": 0.0, "O2+": 0.0, "N": 0.0, "N2": 0.76708, "O+": 0.0, "N2O": 0.0, "N2+": 0.0, "O": 0.0, "O2": 0.23292, "NO": 0.0, "O-": 0.0, "N+": 0.0, "NO2": 0.0, "NO+": 0.0}, "composition_moles": {"e-": 0.0, "N-": 0.0, "O2+": 0.0, "N": 0.0, "N2": 0.7899882913177266, "O+": 0.0, "N2O": 0.0, "N2+": 0.0, "O": 0.0, "O2": 0.20999981249296848, "NO": 0.0, "O-": 0.0, "N+": 0.0, "NO2": 0.0, "NO+": 0.0}}, "s2": {"state_name": "s2", "gmodel_type": "CEAGas", "rho": 1.5824227465935605, "p": 1221500.0, "T": 2673.24278051642, "a": 976.5, "h": 2956460.0, "u": 2184520.0, "s": 8714.0, "gamma": 1.223932831123076, "R": 288.76845066509225, "Cp": 1578.3, "molecular_mass": 0.028793, "v": 2096.267068802381, "M": 2.146714868205203, "Ht": 5153619.99993, "Ue": 3210.4890592961065, "total_p": 12186343.841185275, "total_T": 3926.7, "pitot_p": 7249169.1628381135, "unit_Re": 39102941.01999123, "k": 0.19108000000000003, "mu": 8.4832e-05, "composition_massf": {"e-": 0.0, "N-": 0.0, "O2+": 0.0, "N": 0.0, "N2": 0.75292, "O+": 0.0, "N2O": 8.6011e-06, "N2+": 0.0, "O": 0.0022483, "O2": 0.21445, "NO": 0.030255, "O-": 0.0, "N+": 0.0, "NO2": 0.00011775, "NO+": 0.0}, "composition_moles": {"e-": 0.0, "N-": 0.0, "O2+": 0.0, "N": 0.0, "N2": 0.7738734162936309, "O+": 0.0, "N2O": 5.626805663352479e-06, "N2+": 0.0, "O": 0.004046108097803668, "O2": 0.19296532526219734, "NO": 0.029031837359736853, "O-": 0.0, "N+": 0.0, "NO2": 7.369500929236723e-05, "NO+": 0.0}}, "s3": {"state_name": "s3", "gmodel_type": "CEAGas", "rho": 2.3092, "p": 1221499.9999999993, "T": 1741.69, "a": 874.3, "h": 1358750.0, "u": 829770.0, "s": 6841.8, "gamma": 1.444948879183978, "R": 303.7152980713033, "Cp": 986.3, "molecular_mass": 0.027376, "v": 2096.255842270023, "M": 2.397639073853395, "Ht": 3554880.0, "Ue": 2666.4133212988568, "total_p": 18175874.782412667, "total_T": 3867.86, "pitot_p": 9887914.045298174, "composition_massf": {"Ar": 0.80258, "O2": 0.17533, "H2": 0.022091}, "composition_moles": {"Ar": 0.5500007529788725, "O2": 0.15000044001650065, "H2": 0.2999996110879616}}, "s5": {"state_name": "s5", "gmodel_type": "CEAGas", "rho": 7.5376, "p": 10021808.55469329, "T": 4393.29948531212, "a": 1265.3, "h": 6320860.0, "u": 4991290.0, "s": 9052.699999999999, "gamma": 1.1329450841605568, "R": 302.63194292785903, "Cp": 2579.0, "molecular_mass": 0.027474000000000002, "v": 0.0, "M": 0.0, "Ht": 6320859.99993, "Ue": 3555.5196525768215, "total_p": 10022034.307767585, "total_T": 4393.3, "pitot_p": 10022034.307767585, "composition_massf": {"e-": 0.0, "N-": 0.0, "O2+": 0.0, "N": 0.00027985, "N2": 0.7161, "O+": 0.0, "N2O": 9.5203e-05, "N2+": 0.0, "O": 0.055422, "O2": 0.11949, "NO": 0.10825, "O-": 0.0, "N+": 0.0, "NO2": 0.00035783, "NO+": 2.4278e-06}, "composition_moles": {"e-": 0.0, "N-": 0.0, "O2+": 0.0, "N": 0.0005489229368802073, "N2": 0.7023114438090342, "O+": 0.0, "N2O": 5.9428330440235566e-05, "N2+": 0.0, "O": 0.09517007062764854, "O2": 0.10259348038051427, "NO": 0.09911519657669607, "O-": 0.0, "N+": 0.0, "NO2": 0.00021369230678940565, "NO+": 2.2229678872023657e-06}}, "s5d": {"state_name": "s5d", "gmodel_type": "CEAGas", "rho": 9.319, "p": 14711341.549830476, "T": 5197.766340000044, "a": 1475.6, "h": 5003420.0, "u": 3424780.0, "s": 7227.400000000001, "gamma": 1.3792247465083223, "R": 303.7152980713033, "Cp": 1104.6000000000001, "molecular_mass": 0.027376, "v": 0.0, "M": 0.0, "Ht": 5002420.0, "Ue": 3163.0428387867273, "total_p": 14713575.167282978, "total_T": 5197.76, "pitot_p": 14713575.167282978, "composition_massf": {"Ar": 0.80258, "O2": 0.17533, "H2": 0.022091}, "composition_moles": {"Ar": 0.5500007529788725, "O2": 0.15000044001650065, "H2": 0.2999996110879616}}, "s6": {"state_name": "s6", "gmodel_type": "CEAGas", "rho": 4.7313, "p": 5729646.867169384, "T": 4045.52, "a": 1204.2, "h": 5611280.0, "u": 4400260.0, "s": 9052.699999999999, "gamma": 1.1328949857956618, "R": 299.352295229523, "Cp": 2551.8999999999996, "molecular_mass": 0.027774999999999998, "v": 1204.200020471286, "M": 1.0000000169999053, "Ht": 6336329.99993, "Ue": 3559.867975060311, "total_p": 10139183.271467077, "total_T": 4400.94, "pitot_p": 10138324.745962566, "composition_massf": {"e-": 0.0, "N-": 0.0, "O2+": 0.0, "N": 0.00011783, "N2": 0.72245, "O+": 0.0, "N2O": 6.1896e-05, "N2+": 0.0, "O": 0.042911, "O2": 0.13909, "NO": 0.095076, "O-": 0.0, "N+": 0.0, "NO2": 0.00028809, "NO+": 0.0}, "composition_moles": {"e-": 0.0, "N-": 0.0, "O2+": 0.0, "N": 0.00023365448321160587, "N2": 0.7163017966401793, "O+": 0.0, "N2O": 3.9060486949251126e-05, "N2+": 0.0, "O": 0.07449360757278396, "O2": 0.12073030082378088, "NO": 0.08800663531748543, "O-": 0.0, "N+": 0.0, "NO2": 0.0001739291986827662, "NO+": 0.0}}, "s8": {"state_name": "s8", "gmodel_type": "CEAGas", "rho": 0.0095747, "p": 2306.993400058327, "T": 836.06, "a": 570.0, "h": 567340.0, "u": 326390.0, "s": 9052.699999999999, "gamma": 1.348695940818429, "R": 288.19792027729636, "Cp": 1114.7, "molecular_mass": 0.02885, "v": 3396.759881019417, "M": 5.959227861437574, "Ht": 6336329.99993, "Ue": 3559.867975060311, "total_p": 10139185.05077374, "total_T": 4400.94, "pitot_p": 106756.59683239002, "unit_Re": 842803.8257740965, "k": 0.05769, "mu": 3.8589000000000006e-05, "composition_massf": {"e-": 0.0, "N-": 0.0, "O2+": 0.0, "N": 0.0, "N2": 0.76708, "O+": 0.0, "N2O": 0.0, "N2+": 0.0, "O": 0.0, "O2": 0.23291, "NO": 3.7729e-06, "O-": 0.0, "N+": 0.0, "NO2": 0.0, "NO+": 0.0}, "composition_moles": {"e-": 0.0, "N-": 0.0, "O2+": 0.0, "N": 0.0, "N2": 0.7899882913177266, "O+": 0.0, "N2O": 0.0, "N2+": 0.0, "O": 0.0, "O2": 0.20999079652986988, "NO": 3.6275345679711793e-06, "O-": 0.0, "N+": 0.0, "NO2": 0.0, "NO+": 0.0}}, "s10f": {"state_name": "s10f", "gmodel_type": "IdealGas", "rho": 0.05553160980056321, "p": 93730.90428255025, "T": 5856.6827727083555, "a": 1508.7410764027068, "h": 6529615.623292547, "u": 4841731.82847413, "s": 3342.336595633563, "gamma": 1.3486115825110359, "R": 288.19792027729636, "Cp": 1114.9000000000003, "molecular_mass": 0.02885, "v": 585.6560686255646, "M": 0.3881753322590945, "Ht": null, "Ue": null, "total_p": 103619.03353260989, "total_T": 6010.505102387229, "pitot_p": 103619.03353260989}, "s10e": {"state_name": "s10e", "gmodel_type": "CEAGas", "rho": 0.08534631864893764, "p": 100390.0, "T": 3680.555514732924, "a": 1175.4, "h": 6263720.0, "u": 5087490.0, "s": 10470.800000000001, "gamma": 1.3175727950966833, "R": 319.5798900718761, "Cp": 1325.9, "molecular_mass": 0.026017, "v": 381.070412264366, "M": 0.3242048768626561, "Ht": 6336319.99993, "Ue": 3559.865165966262, "total_p": 106756.59683239002, "total_T": 3707.92, "pitot_p": 106756.59683239002, "unit_Re": 292341.18501390214, "k": 0.6811400000000001, "mu": 0.00011125000000000001, "composition_massf": {"e-": 0.0, "N-": 0.0, "O2+": 0.0, "N": 0.00022302, "N2": 0.74036, "O+": 0.0, "N2O": 4.6445e-06, "N2+": 0.0, "O": 0.12054, "O2": 0.082104, "NO": 0.056744, "O-": 0.0, "N+": 0.0, "NO2": 1.9563e-05, "NO+": 1.1881e-06},