driver_condition,area_ratio,test_gas_gas_model,test_gas_name,p1,vs1,Ht,h,Ue,pitot_p,total_p,p2,T2,rho2,v2,M2,a2,gamma2,R2,Ht2,h2,p3,T3,rho3,v3,M3,a3,p5,T5,rho5,v5,M5,a5,p5d,T5d,rho5d,v5d,M5d,a5d,p8,T8,rho8,v8,M8,a8,gamma8,R8,unit_Re8,p10f,T10f,rho10f,v10f,M10f,a10f,p10e,T10e,rho10e,v10e,M10e,a10e,unit_Re10e,s2 Xe-,s2 XN-,s2 XO2+,s2 XN,s2 XN2,s2 XO+,s2 XN2O,s2 XN2+,s2 XO,s2 XO2,s2 XNO,s2 XO-,s2 XN+,s2 XNO2,s2 XNO+,s8 Xe-,s8 XN-,s8 XO2+,s8 XN,s8 XN2,s8 XO+,s8 XN2O,s8 XN2+,s8 XO,s8 XO2,s8 XNO,s8 XO-,s8 XN+,s8 XNO2,s8 XNO+,s10e Xe-,s10e XN-,s10e XO2+,s10e XN,s10e XN2,s10e XO+,s10e XN2O,s10e XN2+,s10e XO,s10e XO2,s10e XNO,s10e XO-,s10e XN+,s10e XNO2,s10e XNO+
custom_from_dict,175.0,CEAGas,n2-o2-with-ions,20032.316091644287,2458.4770693781934,6336329.99993,567340.0,3559.867975060311,106756.59683239002,10139185.05077374,1221500.0,2673.24278051642,1.5824227465935605,2096.267068802381,2.146714868205203,976.5,1.223932831123076,288.76845066509225,5153619.99993,2956460.0,1221499.9999999993,1741.69,2.3092,2096.255842270023,2.397639073853395,874.3,10021808.55469329,4393.29948531212,7.5376,0.0,0.0,1265.3,14711341.549830476,5197.766340000044,9.319,0.0,0.0,1475.6,2306.993400058327,836.06,0.0095747,3396.759881019417,5.959227861437574,570.0,1.348695940818429,288.19792027729636,842803.8257740965,93730.90428255025,5856.6827727083555,0.05553160980056321,585.6560686255646,0.3881753322590945,1508.7410764027068,100390.0,3680.555514732924,0.08534631864893764,381.070412264366,0.3242048768626561,1175.4,292341.18501390214,0.0,0.0,0.0,0.0,0.7738734162936309,0.0,5.626805663352479e-06,0.0,0.004046108097803668,0.19296532526219734,0.029031837359736853,0.0,0.0,7.369500929236723e-05,0.0,0.0,0.0,0.0,0.0,0.7899882913177266,0.0,0.0,0.0,0.0,0.20999079652986988,3.6275345679711793e-06,0.0,0.0,0.0,0.0,0.0,0.0,0.0,0.00041425256056030324,0.687597582585477,0.0,2.7454730555656537e-06,0.0,0.1960129242346588,0.06675562108579072,0.04920028420887753,0.0,0.0,1.106325484996359e-05,1.0301692939393875e-06