{"states_dict": {"s4": {"state_name": "s4", "gmodel_type": "CEAGas", "rho": 33.429, "p": 37310000.0, "T": 3861.0, "a": 1256.6, "h": 3288120.0, "u": 2172010.0, "s": 6232.3, "gamma": 1.4148350213656617, "R": 289.06963807669575, "Cp": 985.9, "molecular_mass": 0.028763, "v": 0.0, "M": 0.0, "Ht": 3287120.0, "Ue": 2564.028080969473, "total_p": 37307663.26738406, "total_T": 3861.0, "pitot_p": 37307663.26738406, "composition_massf": {"Ar": 0.83332, "O2": 0.14796, "H2": 0.018713}, "composition_moles": {"Ar": 0.5999995784519876, "O2": 0.1329979086715752, "H2": 0.26700102139016213}}, "s1": {"state_name": "s1", "gmodel_type": "CEAGas", "rho": 0.51564, "p": 44306.21457583878, "T": 298.15, "a": 346.7, "h": 7.000000000000001e-05, "u": -85925.0, "s": 7122.8, "gamma": 1.398557725608831, "R": 288.19792027729636, "Cp": 1011.3000000000001, "molecular_mass": 0.02885, "v": 0.0, "M": 0.0, "Ht": -10.11307, "Ue": null, "total_p": 44298.14734807087, "total_T": 298.14, "pitot_p": 44298.14734807087, "composition_massf": {"e-": 0.0, "N-": 0.0, "O2+": 0.0, "N": 0.0, "N2": 0.76708, "O+": 0.0, "N2O": 0.0, "N2+": 0.0, "O": 0.0, "O2": 0.23292, "NO": 0.0, "O-": 0.0, "N+": 0.0, "NO2": 0.0, "NO+": 0.0}, "composition_moles": {"e-": 0.0, "N-": 0.0, "O2+": 0.0, "N": 0.0, "N2": 0.7899882913177266, "O+": 0.0, "N2O": 0.0, "N2+": 0.0, "O": 0.0, "O2": 0.20999981249296848, "NO": 0.0, "O-": 0.0, "N+": 0.0, "NO2": 0.0, "NO+": 0.0}}, "s2": {"state_name": "s2", "gmodel_type": "CEAGas", "rho": 3.3875322733400086, "p": 2420300.0, "T": 2477.8104955113795, "a": 945.6, "h": 2654680.0, "u": 1940200.0, "s": 8399.5, "gamma": 1.247561542580631, "R": 288.3478411652506, "Cp": 1453.1000000000001, "molecular_mass": 0.028835, "v": 1976.4962013660013, "M": 2.090203258635788, "Ht": 4607939.99993, "Ue": 3035.7667894388724, "total_p": 21888407.99792979, "total_T": 3694.85, "pitot_p": 13798500.313225178, "unit_Re": 83263212.04607789, "k": 0.16045, "mu": 8.0413e-05, "composition_massf": {"e-": 0.0, "N-": 0.0, "O2+": 0.0, "N": 0.0, "N2": 0.75665, "O+": 0.0, "N2O": 8.8873e-06, "N2+": 0.0, "O": 0.00065171, "O2": 0.2203, "NO": 0.022239, "O-": 0.0, "N+": 0.0, "NO2": 0.00014974, "NO+": 0.0}, "composition_moles": {"e-": 0.0, "N-": 0.0, "O2+": 0.0, "N": 0.0, "N2": 0.7788416525662719, "O+": 0.0, "N2O": 5.8225174381089146e-06, "N2+": 0.0, "O": 0.0011745476611622937, "O2": 0.1985183975649087, "NO": 0.021371040055188778, "O-": 0.0, "N+": 0.0, "NO2": 9.385297192726958e-05, "NO+": 0.0}}, "s3": {"state_name": "s3", "gmodel_type": "CEAGas", "rho": 4.9931, "p": 2420300.000000002, "T": 1676.86, "a": 842.5, "h": 1206190.0, "u": 721460.0, "s": 6232.3, "gamma": 1.464420850524504, "R": 289.06963807669575, "Cp": 911.5, "molecular_mass": 0.028763, "v": 1976.5084861866178, "M": 2.3460041379069647, "Ht": 3158490.0, "Ue": 2513.3603004742477, "total_p": 33180293.447249927, "total_T": 3730.32, "pitot_p": 18977762.572373133, "composition_massf": {"Ar": 0.83332, "O2": 0.14796, "H2": 0.018713}, "composition_moles": {"Ar": 0.5999995784519876, "O2": 0.1329979086715752, "H2": 0.26700102139016213}}, "s5": {"state_name": "s5", "gmodel_type": "CEAGas", "rho": 15.483, "p": 19357951.64705337, "T": 4216.503480771641, "a": 1228.5, "h": 5701660.0, "u": 4451380.0, "s": 8711.9, "gamma": 1.152244550175345, "R": 296.5231811697575, "Cp": 2244.2000000000003, "molecular_mass": 0.02804, "v": 0.0, "M": 0.0, "Ht": 5701669.99993, "Ue": 3376.883178296223, "total_p": 19356715.114352286, "total_T": 4216.5, "pitot_p": 19356715.114352286, "composition_massf": {"e-": 0.0, "N-": 0.0, "O2+": 0.0, "N": 0.00011412, "N2": 0.71674, "O+": 0.0, "N2O": 0.00013014, "N2+": 0.0, "O": 0.032158, "O2": 0.14324, "NO": 0.10704, "O-": 0.0, "N+": 0.0, "NO2": 0.00057389, "NO+": 1.0411e-06}, "composition_moles": {"e-": 0.0, "N-": 0.0, "O2+": 0.0, "N": 0.00022845672428195075, "N2": 0.7174205772951516, "O+": 0.0, "N2O": 8.291055329358732e-05, "N2+": 0.0, "O": 0.056359008462817356, "O2": 0.12551875695338577, "NO": 0.10002638130246849, "O-": 0.0, "N+": 0.0, "NO2": 0.0003497815609003271, "NO+": 9.729014344992174e-07}}, "s5d": {"state_name": "s5d", "gmodel_type": "CEAGas", "rho": 19.514, "p": 28632740.567142006, "T": 5075.829127516369, "a": 1433.0, "h": 4502680.0, "u": 3035410.0, "s": 6582.099999999999, "gamma": 1.3995266173879486, "R": 289.06963807669575, "Cp": 1012.5999999999999, "molecular_mass": 0.028763, "v": 0.0, "M": 0.0, "Ht": 4501690.0, "Ue": 3000.563280452522, "total_p": 28636638.333410736, "total_T": 5075.83, "pitot_p": 28636638.333410736, "composition_massf": {"Ar": 0.83332, "O2": 0.14796, "H2": 0.018713}, "composition_moles": {"Ar": 0.5999995784519876, "O2": 0.1329979086715752, "H2": 0.26700102139016213}}, "s6": {"state_name": "s6", "gmodel_type": "CEAGas", "rho": 9.6809, "p": 10991285.05190065, "T": 3860.24, "a": 1169.3, "h": 5027180.0, "u": 3891830.0, "s": 8711.9, "gamma": 1.1574646138737283, "R": 294.1107180756986, "Cp": 2161.9, "molecular_mass": 0.02827, "v": 1169.3003728927922, "M": 1.0000003189025846, "Ht": 5710809.99993, "Ue": 3379.5887323548704, "total_p": 19498963.854225017, "total_T": 4221.32, "pitot_p": 21038498.84523016, "composition_massf": {"e-": 0.0, "N-": 0.0, "O2+": 0.0, "N": 4.2272e-05, "N2": 0.72471, "O+": 0.0, "N2O": 8.0953e-05, "N2+": 0.0, "O": 0.022923, "O2": 0.16152, "NO": 0.090288, "O-": 0.0, "N+": 0.0, "NO2": 0.00044158, "NO+": 0.0}, "composition_moles": {"e-": 0.0, "N-": 0.0, "O2+": 0.0, "N": 8.531841475865121e-05, "N2": 0.7313482726123925, "O+": 0.0, "N2O": 5.19971760487858e-05, "N2+": 0.0, "O": 0.040503594509794114, "O2": 0.14269817618160682, "NO": 0.08506409563388777, "O-": 0.0, "N+": 0.0, "NO2": 0.0002713472650009238, "NO+": 0.0}}, "s8": {"state_name": "s8", "gmodel_type": "CEAGas", "rho": 0.019885, "p": 4081.412808009244, "T": 712.18, "a": 528.6, "h": 431040.0, "u": 225800.0, "s": 8711.9, "gamma": 1.3616024695664124, "R": 288.19792027729636, "Cp": 1085.2, "molecular_mass": 0.02885, "v": 3249.545100786758, "M": 6.147455733610968, "Ht": 5710809.99993, "Ue": 3379.5887323548704, "total_p": 19498954.965647608, "total_T": 4221.32, "pitot_p": 202058.6574000948, "unit_Re": 1867981.1612264302, "k": 0.05097000000000001, "mu": 3.4592000000000004e-05, "composition_massf": {"e-": 0.0, "N-": 0.0, "O2+": 0.0, "N": 0.0, "N2": 0.76708, "O+": 0.0, "N2O": 0.0, "N2+": 0.0, "O": 0.0, "O2": 0.23292, "NO": 0.0, "O-": 0.0, "N+": 0.0, "NO2": 0.0, "NO+": 0.0}, "composition_moles": {"e-": 0.0, "N-": 0.0, "O2+": 0.0, "N": 0.0, "N2": 0.7899882913177266, "O+": 0.0, "N2O": 0.0, "N2+": 0.0, "O": 0.0, "O2": 0.20999981249296848, "NO": 0.0, "O-": 0.0, "N+": 0.0, "NO2": 0.0, "NO+": 0.0}}, "s10f": {"state_name": "s10f", "gmodel_type": "IdealGas", "rho": 0.11329673816723865, "p": 177205.77002605816, "T": 5427.122316186843, "a": 1459.3120094440105, "h": 5890055.849757581, "u": 4325970.485142029, "s": 2987.9748924495007, "gamma": 1.3615571049288375, "R": 288.19792027729636, "Cp": 1085.3, "molecular_mass": 0.02885, "v": 570.3416261610762, "M": 0.3908291184270957, "Ht": null, "Ue": null, "total_p": 196348.06497190468, "total_T": 5576.983907697055, "pitot_p": 196348.06497190468}, "s10e": {"state_name": "s10e", "gmodel_type": "CEAGas", "rho": 0.16874332380129797, "p": 189310.0, "T": 3611.1578281479083, "a": 1146.2, "h": 5637500.0, "u": 4515610.0, "s": 10099.199999999999, "gamma": 1.306918766055377, "R": 310.67182303927063, "Cp": 1322.8999999999999, "molecular_mass": 0.026763000000000002, "v": 382.9319161997427, "M": 0.3340882186352667, "Ht": 5710819.99993, "Ue": 3379.5916912934913, "total_p": 202058.6574000948, "total_T": 3639.4, "pitot_p": 202058.6574000948, "unit_Re": 595879.7890920755, "k": 0.6654200000000001, "mu": 0.00010844000000000001, "composition_massf": {"e-": 0.0, "N-": 0.0, "O2+": 0.0, "N": 0.00011792, "N2": 0.73764, "O+": 0.0, "N2O": 7.1053e-06, "N2+": 0.0, "O": 0.086395, "O2": 0.11301, "NO": 0.062794, "O-": 0.0, "N+": 0.0, "NO2": 3.6507e-05, "NO+": 0.0}, "composition_moles": {"e-": 0.0, "N-": 0.0, "O2+": 0.0, "N": 0.00022531309730343337, "N2": 0.7047148621731029, "O+": 0.0,