{"states_dict": {"s4": {"state_name": "s4", "gmodel_type": "CEAGas", "rho": 33.429, "p": 37310000.0, "T": 3861.0, "a": 1256.6, "h": 3288120.0, "u": 2172010.0, "s": 6232.3, "gamma": 1.4148350213656617, "R": 289.06963807669575, "Cp": 985.9, "molecular_mass": 0.028763, "v": 0.0, "M": 0.0, "Ht": 3287120.0, "Ue": 2564.028080969473, "total_p": 37307663.26738406, "total_T": 3861.0, "pitot_p": 37307663.26738406, "composition_massf": {"Ar": 0.83332, "O2": 0.14796, "H2": 0.018713}, "composition_moles": {"Ar": 0.5999995784519876, "O2": 0.1329979086715752, "H2": 0.26700102139016213}}, "s1": {"state_name": "s1", "gmodel_type": "CEAGas", "rho": 0.35541, "p": 30538.555088334124, "T": 298.15, "a": 346.7, "h": 7.000000000000001e-05, "u": -85925.0, "s": 7230.0, "gamma": 1.398557725608831, "R": 288.19792027729636, "Cp": 1011.3000000000001, "molecular_mass": 0.02885, "v": 0.0, "M": 0.0, "Ht": null, "Ue": null, "total_p": 30540.38144806375, "total_T": 298.15, "pitot_p": 30540.38144806375, "composition_massf": {"e-": 0.0, "N-": 0.0, "O2+": 0.0, "N": 0.0, "N2": 0.76708, "O+": 0.0, "N2O": 0.0, "N2+": 0.0, "O": 0.0, "O2": 0.23292, "NO": 0.0, "O-": 0.0, "N+": 0.0, "NO2": 0.0, "NO+": 0.0}, "composition_moles": {"e-": 0.0, "N-": 0.0, "O2+": 0.0, "N": 0.0, "N2": 0.7899882913177266, "O+": 0.0, "N2O": 0.0, "N2+": 0.0, "O": 0.0, "O2": 0.20999981249296848, "NO": 0.0, "O-": 0.0, "N+": 0.0, "NO2": 0.0, "NO+": 0.0}}, "s2": {"state_name": "s2", "gmodel_type": "CEAGas", "rho": 2.420719723417728, "p": 1893700.0000000002, "T": 2709.416126787263, "a": 983.3, "h": 3005890.0, "u": 2223610.0, "s": 8605.7, "gamma": 1.2255035383264845, "R": 288.72833975761364, "Cp": 1569.1, "molecular_mass": 0.028797, "v": 2114.8252821522615, "M": 2.150742684991622, "Ht": 5242129.99993, "Ue": 3237.940703573801, "total_p": 18993271.42927923, "total_T": 4003.86, "pitot_p": 11277309.513085896, "unit_Re": 59786509.92769234, "k": 0.191, "mu": 8.562800000000001e-05, "composition_massf": {"e-": 0.0, "N-": 0.0, "O2+": 0.0, "N": 0.0, "N2": 0.75214, "O+": 0.0, "N2O": 1.1295e-05, "N2+": 0.0, "O": 0.0021025, "O2": 0.2137, "NO": 0.031886, "O-": 0.0, "N+": 0.0, "NO2": 0.00014935, "NO+": 0.0}, "composition_moles": {"e-": 0.0, "N-": 0.0, "O2+": 0.0, "N": 0.0, "N2": 0.7731791064276382, "O+": 0.0, "N2O": 7.39017092754835e-06, "N2+": 0.0, "O": 0.0037842476905383957, "O2": 0.19231717751915697, "NO": 0.03060114916633618, "O-": 0.0, "N+": 0.0, "NO2": 9.348516916455642e-05, "NO+": 0.0}}, "s3": {"state_name": "s3", "gmodel_type": "CEAGas", "rho": 4.224, "p": 1893700.0000000005, "T": 1550.9, "a": 811.6, "h": 1091780.0, "u": 643460.0, "s": 6232.3, "gamma": 1.4692457644038734, "R": 289.06963807669575, "Cp": 905.1, "molecular_mass": 0.028763, "v": 2114.812906876342, "M": 2.6057330050225995, "Ht": 3327000.0, "Ue": 2579.5348417883406, "total_p": 38657637.74105941, "total_T": 3901.43, "pitot_p": 18160090.0597936, "composition_massf": {"Ar": 0.83332, "O2": 0.14796, "H2": 0.018713}, "composition_moles": {"Ar": 0.5999995784519876, "O2": 0.1329979086715752, "H2": 0.26700102139016213}}, "s5": {"state_name": "s5", "gmodel_type": "CEAGas", "rho": 11.489, "p": 15609069.730434336, "T": 4500.98569569446, "a": 1281.0, "h": 6435700.0, "u": 5077050.0, "s": 8944.599999999999, "gamma": 1.138741129962504, "R": 301.85187874387367, "Cp": 2477.5, "molecular_mass": 0.027545, "v": 0.0, "M": 0.0, "Ht": 6435699.99993, "Ue": 3587.673340740486, "total_p": 15609413.816591946, "total_T": 4500.99, "pitot_p": 15609413.816591946, "composition_massf": {"e-": 0.0, "N-": 0.0, "O2+": 0.0, "N": 0.0003074, "N2": 0.71318, "O+": 0.0, "N2O": 0.00012665, "N2+": 0.0, "O": 0.052426, "O2": 0.11916, "NO": 0.11434, "O-": 0.0, "N+": 0.0, "NO2": 0.00045771, "NO+": 2.8491e-06}, "composition_moles": {"e-": 0.0, "N-": 0.0, "O2+": 0.0, "N": 0.0006045201939072016, "N2": 0.7012552242855206, "O+": 0.0, "N2O": 7.926272016322524e-05, "N2+": 0.0, "O": 0.09025802030076129, "O2": 0.10257454029526109, "NO": 0.10496183442699986, "O-": 0.0, "N+": 0.0, "NO2": 0.0002740459716772995, "NO+": 2.6154646669815906e-06}}, "s5d": {"state_name": "s5d", "gmodel_type": "CEAGas", "rho": 17.418, "p": 26832951.30296555, "T": 5329.156141269973, "a": 1467.0, "h": 4759780.0, "u": 3219280.0, "s": 6650.299999999999, "gamma": 1.397057119036951, "R": 289.06963807669575, "Cp": 1017.0999999999999, "molecular_mass": 0.028763, "v": 0.0, "M": 0.0, "Ht": 4758780.0, "Ue": 3085.0542944979106, "total_p": 26836082.448274616, "total_T": 5329.16, "pitot_p": 26836082.448274616, "composition_massf": {"Ar": 0.83332, "O2": 0.14796, "H2": 0.018713}, "composition_moles": {"Ar": 0.5999995784519876, "O2": 0.1329979086715752, "H2": 0.26700102139016213}}, "s6": {"state_name": "s6", "gmodel_type": "CEAGas", "rho": 7.2092, "p": 8905482.314963194, "T": 4135.29, "a": 1218.0, "h": 5708530.0, "u": 4473240.0, "s": 8944.599999999999, "gamma": 1.138630135826024, "R": 298.717755263347, "Cp": 2453.5, "molecular_mass": 0.027834, "v": 1218.0001983479028, "M": 1.0000001628472108, "Ht": 6450309.99993, "Ue": 3591.7433092942483, "total_p": 15777817.064021667, "total_T": 4508.39, "pitot_p": 15777908.627701553, "composition_massf": {"e-": 0.0, "N-": 0.0, "O2+": 0.0, "N": 0.00012893, "N2": 0.71993, "O+": 0.0, "N2O": 8.2055e-05, "N2+": 0.0, "O": 0.040524, "O2": 0.13859, "NO": 0.10037, "O-": 0.0, "N+": 0.0, "NO2": 0.00036734, "NO+": 1.0648e-06}, "composition_moles": {"e-": 0.0, "N-": 0.0, "O2+": 0.0, "N": 0.00025620864443444923, "N2": 0.7153195120906423, "O+": 0.0, "N2O": 5.189215114693907e-05, "N2+": 0.0, "O": 0.07049920722027075, "O2": 0.12055183506881507, "NO": 0.0931043547811945, "O-": 0.0, "N+": 0.0, "NO2": 0.00022224606970905656, "NO+": 9.87738662253012e-07}}, "s8": {"state_name": "s8", "gmodel_type": "CEAGas", "rho": 0.014633, "p": 3586.5368669272802, "T": 850.46, "a": 574.6, "h": 583420.0, "u": 338320.0, "s": 8944.599999999999, "gamma": 1.347309228694153, "R": 288.19792027729636, "Cp": 1118.0, "molecular_mass": 0.02885, "v": 3425.455368732095, "M": 5.961460787908275, "Ht": 6450309.99993, "Ue": 3591.7433092942483, "total_p": 15777814.915329477, "total_T": 4508.39, "pitot_p": 165853.36328246148, "unit_Re": 1283997.346448505, "k": 0.058460000000000005, "mu": 3.9038e-05, "composition_massf": {"e-": 0.0, "N-": 0.0, "O2+": 0.0, "N": 0.0, "N2": 0.76708, "O+": 0.0, "N2O": 0.0, "N2+": 0.0, "O": 0.0, "O2": 0.23291, "NO": 4.7136e-06, "O-": 0.0, "N+": 0.0, "NO2": 0.0, "NO+": 0.0}, "composition_moles": {"e-": 0.0, "N-": 0.0, "O2+": 0.0, "N": 0.0, "N2": 0.7899882913177266, "O+": 0.0, "N2O": 0.0, "N2+": 0.0, "O": 0.0, "O2": 0.20999079652986988, "NO": 4.531990495265963e-06, "O-": 0.0, "N+": 0.0, "NO2": 0.0, "NO+": 0.0}}, "s10f": {"state_name": "s10f", "gmodel_type": "IdealGas", "rho": 0.08512017202515572, "p": 145768.78229683728, "T": 5942.116889473437, "a": 1518.924440578437, "h": 6644475.105809199, "u": 4931969.376218357, "s": 3241.0906177344004, "gamma": 1.3472255399330813, "R": 288.19792027729636, "Cp": 1118.2, "molecular_mass": 0.02885, "v": 588.8658722978743, "M": 0.3876860866585452, "Ht": null, "Ue": null, "total_p": 161090.7096271129, "total_T": 6097.1710012410695, "pitot_p": 161090.7096271129}, "s10e": {"state_name": "s10e", "gmodel_type": "CEAGas", "rho": 0.12937893695722252, "p": 155860.0, "T": 3774.681914311102, "a": 1191.6, "h": 6375250.0, "u": 5170540.0, "s": 10360.2, "gamma": 1.3164764912128235, "R": 319.15054506371877, "Cp": 1327.6, "molecular_mass": 0.026052, "v": 387.42541552362445, "M": 0.3251304259177782, "Ht": 6450289.99993, "Ue": 3591.737740963279, "total_p": 165853.36328246148, "total_T": 3803.76, "pitot_p": 165853.36328246148, "unit_Re": 442523.9552454908, "k": 0.6678700000000001, "mu": 0.00011327, "composition_massf": {"e-": 0.0, "N-": 0.0, "O2+": 0.0, "N": 0.00026508, "N2": 0.73842, "O+": 0.0, "N2O": 6.2454e-06, "N2+": 0.0, "O": 0.11886, "O2": 0.081616, "NO": 0.060801, "O-": 0.0, "N+": 0.0, "NO2": 2.5022e-05, "NO+": 1.4681e-06}, "composition_moles": {"e-": 0.0, "N-": 0.0, "O2+": 0.0, "N": 0.0004930400565443681, "N2": 0.6867184218980916, "O+": 0.0,