{"states_dict": {"s4": {"state_name": "s4", "gmodel_type": "CEAGas", "rho": 33.429, "p": 37310000.0, "T": 3861.0, "a": 1256.6, "h": 3288120.0, "u": 2172010.0, "s": 6232.3, "gamma": 1.4148350213656617, "R": 289.06963807669575, "Cp": 985.9, "molecular_mass": 0.028763, "v": 0.0, "M": 0.0, "Ht": 3287120.0, "Ue": 2564.028080969473, "total_p": 37307663.26738406, "total_T": 3861.0, "pitot_p": 37307663.26738406, "composition_massf": {"Ar": 0.83332, "O2": 0.14796, "H2": 0.018713}, "composition_moles": {"Ar": 0.5999995784519876, "O2": 0.1329979086715752, "H2": 0.26700102139016213}}, "s1": {"state_name": "s1", "gmodel_type": "CEAGas", "rho": 1.036, "p": 89021.50854450393, "T": 298.15, "a": 346.7, "h": 7.000000000000001e-05, "u": -85925.0, "s": 6921.700000000001, "gamma": 1.398557725608831, "R": 288.19792027729636, "Cp": 1011.3000000000001, "molecular_mass": 0.02885, "v": 0.0, "M": 0.0, "Ht": -10.11307, "Ue": null, "total_p": 89008.84633290504, "total_T": 298.14, "pitot_p": 89008.84633290504, "composition_massf": {"e-": 0.0, "N-": 0.0, "O2+": 0.0, "N": 0.0, "N2": 0.76708, "O+": 0.0, "N2O": 0.0, "N2+": 0.0, "O": 0.0, "O2": 0.23292, "NO": 0.0, "O-": 0.0, "N+": 0.0, "NO2": 0.0, "NO+": 0.0}, "composition_moles": {"e-": 0.0, "N-": 0.0, "O2+": 0.0, "N": 0.0, "N2": 0.7899882913177266, "O+": 0.0, "N2O": 0.0, "N2+": 0.0, "O": 0.0, "O2": 0.20999981249296848, "NO": 0.0, "O-": 0.0, "N+": 0.0, "NO2": 0.0, "NO+": 0.0}}, "s2": {"state_name": "s2", "gmodel_type": "CEAGas", "rho": 6.353173125305868, "p": 3739000.0, "T": 2042.1081833863545, "a": 866.2, "h": 2048780.0000000002, "u": 1460260.0, "s": 8005.599999999999, "gamma": 1.2747755671756467, "R": 288.18793109424286, "Cp": 1337.0, "molecular_mass": 0.028850999999999998, "v": 1717.136866208129, "M": 1.9823792036575028, "Ht": 3523049.99993, "Ue": 2654.449095360467, "total_p": 28168725.101630993, "total_T": 3066.68, "pitot_p": 19593848.307655323, "unit_Re": 155047082.7712145, "k": 0.12556, "mu": 7.0361e-05, "composition_massf": {"e-": 0.0, "N-": 0.0, "O2+": 0.0, "N": 0.0, "N2": 0.76292, "O+": 0.0, "N2O": 4.4419e-06, "N2+": 0.0, "O": 3.7747e-05, "O2": 0.22808, "NO": 0.0088177, "O-": 0.0, "N+": 0.0, "NO2": 0.00013283, "NO+": 0.0}, "composition_moles": {"e-": 0.0, "N-": 0.0, "O2+": 0.0, "N": 0.0, "N2": 0.7857312900254878, "O+": 0.0, "N2O": 2.9117269726079685e-06, "N2+": 0.0, "O": 6.806747109266599e-05, "O2": 0.20564321412052952, "NO": 0.008478258177503906, "O-": 0.0, "N+": 0.0, "NO2": 8.33004386432057e-05, "NO+": 0.0}}, "s3": {"state_name": "s3", "gmodel_type": "CEAGas", "rho": 6.7256, "p": 3738999.9999999986, "T": 1923.19, "a": 899.7, "h": 1432170.0, "u": 876230.0, "s": 6232.3, "gamma": 1.4559239674261264, "R": 289.06963807669575, "Cp": 923.1, "molecular_mass": 0.028763, "v": 1717.1424663186324, "M": 1.9085722644421832, "Ht": 2905460.0, "Ue": 2410.5849912417525, "total_p": 26018191.701239634, "total_T": 3471.96, "pitot_p": 19954594.617180277, "composition_massf": {"Ar": 0.83332, "O2": 0.14796, "H2": 0.018713}, "composition_moles": {"Ar": 0.5999995784519876, "O2": 0.1329979086715752, "H2": 0.26700102139016213}}, "s5": {"state_name": "s5", "gmodel_type": "CEAGas", "rho": 26.948, "p": 28247185.77333119, "T": 3609.987433005978, "a": 1129.7, "h": 4432320.0, "u": 3384110.0, "s": 8277.300000000001, "gamma": 1.1929137098790807, "R": 290.3617950061114, "Cp": 1795.5, "molecular_mass": 0.028635, "v": 0.0, "M": 0.0, "Ht": 4432319.99993, "Ue": 2977.354530427977, "total_p": 28243957.551286723, "total_T": 3609.98, "pitot_p": 28243957.551286723, "composition_massf": {"e-": 0.0, "N-": 0.0, "O2+": 0.0, "N": 9.2352e-06, "N2": 0.72986, "O+": 0.0, "N2O": 0.00011247, "N2+": 0.0, "O": 0.0086425, "O2": 0.18155, "NO": 0.079091, "O-": 0.0, "N+": 0.0, "NO2": 0.00073679, "NO+": 0.0}, "composition_moles": {"e-": 0.0, "N-": 0.0, "O2+": 0.0, "N": 1.888024673906059e-05, "N2": 0.7460551414680117, "O+": 0.0, "N2O": 7.31736778846154e-05, "N2+": 0.0, "O": 0.015467954267035013, "O2": 0.16246497524907186, "NO": 0.07547701250745682, "O-": 0.0, "N+": 0.0, "NO2": 0.0004585969427568443, "NO+": 0.0}}, "s5d": {"state_name": "s5d", "gmodel_type": "CEAGas", "rho": 23.372, "p": 31577954.73740091, "T": 4673.951498774579, "a": 1377.3, "h": 4097350.0000000005, "u": 2746250.0, "s": 6470.6, "gamma": 1.4040500004774534, "R": 289.06963807669575, "Cp": 1004.5, "molecular_mass": 0.028763, "v": 0.0, "M": 0.0, "Ht": 4096340.0, "Ue": 2862.2857998459904, "total_p": 31583090.094171237, "total_T": 4673.94, "pitot_p": 31583090.094171237, "composition_massf": {"Ar": 0.83332, "O2": 0.14796, "H2": 0.018713}, "composition_moles": {"Ar": 0.5999995784519876, "O2": 0.1329979086715752, "H2": 0.26700102139016213}}, "s6": {"state_name": "s6", "gmodel_type": "CEAGas", "rho": 16.748, "p": 15810166.164552886, "T": 3262.06, "a": 1074.7, "h": 3854760.0, "u": 2910760.0, "s": 8277.300000000001, "gamma": 1.2065300190158414, "R": 289.3915979255856, "Cp": 1690.6000000000001, "molecular_mass": 0.028731000000000003, "v": 1074.7650906128279, "M": 1.0000605663095077, "Ht": 4432319.99993, "Ue": 2977.354530427977, "total_p": 28243928.975846555, "total_T": 3609.98, "pitot_p": 28246361.228439674, "composition_massf": {"e-": 0.0, "N-": 0.0, "O2+": 0.0, "N": 2.2236e-06, "N2": 0.7389, "O+": 0.0, "N2O": 6.2602e-05, "N2+": 0.0, "O": 0.0048044, "O2": 0.19577, "NO": 0.059931, "O-": 0.0, "N+": 0.0, "NO2": 0.00052103, "NO+": 0.0}, "composition_moles": {"e-": 0.0, "N-": 0.0, "O2+": 0.0, "N": 4.561120863586713e-06, "N2": 0.7578278930797404, "O+": 0.0, "N2O": 4.086579499600116e-05, "N2+": 0.0, "O": 0.008627524557170895, "O2": 0.17577746259234722, "NO": 0.057384250569050964, "O-": 0.0, "N+": 0.0, "NO2": 0.000325389636673876, "NO+": 0.0}}, "s8": {"state_name": "s8", "gmodel_type": "CEAGas", "rho": 0.035356, "p": 5120.128473276772, "T": 502.49, "a": 447.8, "h": 208730.0, "u": 63915.0, "s": 8277.300000000001, "gamma": 1.3849814582188316, "R": 288.19792027729636, "Cp": 1036.8, "molecular_mass": 0.02885, "v": 2906.4032755280195, "M": 6.490404813595399, "Ht": 4432319.99993, "Ue": 2977.354530427977, "total_p": 28244124.5289118, "total_T": 3609.98, "pitot_p": 285021.71409607294, "unit_Re": 3782764.3736266755, "k": 0.039110000000000006, "mu": 2.7165e-05, "composition_massf": {"e-": 0.0, "N-": 0.0, "O2+": 0.0, "N": 0.0, "N2": 0.76708, "O+": 0.0, "N2O": 0.0, "N2+": 0.0, "O": 0.0, "O2": 0.23292, "NO": 0.0, "O-": 0.0, "N+": 0.0, "NO2": 0.0, "NO+": 0.0}, "composition_moles": {"e-": 0.0, "N-": 0.0, "O2+": 0.0, "N": 0.0, "N2": 0.7899882913177266, "O+": 0.0, "N2O": 0.0, "N2+": 0.0, "O": 0.0, "O2": 0.20999981249296848, "NO": 0.0, "O-": 0.0, "N+": 0.0, "NO2": 0.0, "NO+": 0.0}}, "s10f": {"state_name": "s10f", "gmodel_type": "IdealGas", "rho": 0.194981106863481, "p": 249622.5297349483, "T": 4442.223509345394, "a": 1331.5810437019136, "h": 4605697.334489303, "u": 3325457.7576890476, "s": 2540.877881023562, "gamma": 1.3849814582188318, "R": 288.19792027729636, "Cp": 1036.8, "molecular_mass": 0.02885, "v": 527.0185907739849, "M": 0.39578408934752213, "Ht": null, "Ue": null, "total_p": 277777.89972284605, "total_T": 4576.168624005484, "pitot_p": 277777.89972284605}, "s10e": {"state_name": "s10e", "gmodel_type": "CEAGas", "rho": 0.27192308695705447, "p": 264940.0, "T": 3274.486958528236, "a": 1069.8, "h": 4360920.0, "u": 3386580.0, "s": 9627.0, "gamma": 1.2930260035991987, "R": 297.5525176251655, "Cp": 1313.0, "molecular_mass": 0.027943000000000003, "v": 377.8965418475027, "M": 0.3532403644115748, "Ht": 4432319.99993, "Ue": 2977.354530427977, "total_p": 285021.71409607294, "total_T": 3305.36, "pitot_p": 285021.71409607294, "unit_Re": 1036010.7091611667, "k": 0.48873, "mu": 9.918700000000001e-05, "composition_massf": {"e-": 0.0, "N-": 0.0, "O2+": 0.0, "N": 1.8661e-05, "N2": 0.74084, "O+": 0.0, "N2O": 7.5001e-06, "N2+": 0.0, "O": 0.036022, "O2": 0.16693, "NO": 0.05612, "O-": 0.0, "N+": 0.0, "NO2": 5.7101e-05, "NO+": 0.0}, "composition_moles": {"e-": 0.0, "N-": 0.0, "O2+": 0.0, "N": 3.722820671535765e-05, "N2": 0.7389782075720905, "O+": 0.0,