{"states_dict": {"s4": {"state_name": "s4", "gmodel_type": "CEAGas", "rho": 33.429, "p": 37310000.0, "T": 3861.0, "a": 1256.6, "h": 3288120.0, "u": 2172010.0, "s": 6232.3, "gamma": 1.4148350213656617, "R": 289.06963807669575, "Cp": 985.9, "molecular_mass": 0.028763, "v": 0.0, "M": 0.0, "Ht": 3287120.0, "Ue": 2564.028080969473, "total_p": 37307663.26738406, "total_T": 3861.0, "pitot_p": 37307663.26738406, "composition_massf": {"Ar": 0.83332, "O2": 0.14796, "H2": 0.018713}, "composition_moles": {"Ar": 0.5999995784519876, "O2": 0.1329979086715752, "H2": 0.26700102139016213}}, "s1": {"state_name": "s1", "gmodel_type": "CEAGas", "rho": 0.18531, "p": 15922.82793341094, "T": 298.15, "a": 346.7, "h": 7.000000000000001e-05, "u": -85925.0, "s": 7417.7, "gamma": 1.398557725608831, "R": 288.19792027729636, "Cp": 1011.3000000000001, "molecular_mass": 0.02885, "v": 0.0, "M": 0.0, "Ht": -10.11307, "Ue": null, "total_p": 15921.350501647861, "total_T": 298.14, "pitot_p": 15921.350501647861, "composition_massf": {"e-": 0.0, "N-": 0.0, "O2+": 0.0, "N": 0.0, "N2": 0.76708, "O+": 0.0, "N2O": 0.0, "N2+": 0.0, "O": 0.0, "O2": 0.23292, "NO": 0.0, "O-": 0.0, "N+": 0.0, "NO2": 0.0, "NO+": 0.0}, "composition_moles": {"e-": 0.0, "N-": 0.0, "O2+": 0.0, "N": 0.0, "N2": 0.7899882913177266, "O+": 0.0, "N2O": 0.0, "N2+": 0.0, "O": 0.0, "O2": 0.20999981249296848, "NO": 0.0, "O-": 0.0, "N+": 0.0, "NO2": 0.0, "NO+": 0.0}}, "s2": {"state_name": "s2", "gmodel_type": "CEAGas", "rho": 1.3507365908739188, "p": 1206700.0, "T": 3072.8972859837218, "a": 1038.2, "h": 3653540.0, "u": 2760200.0, "s": 8959.9, "gamma": 1.1755556404822438, "R": 290.7171328671329, "Cp": 1946.7, "molecular_mass": 0.0286, "v": 2354.5766492595626, "M": 2.267941291908652, "Ht": 6425559.99993, "Ue": 3584.845882302334, "total_p": 14727623.70196087, "total_T": 4488.76, "pitot_p": 7776636.534400534, "unit_Re": 33891867.39313935, "k": 0.28346, "mu": 9.384000000000001e-05, "composition_massf": {"e-": 0.0, "N-": 0.0, "O2+": 0.0, "N": 2.7053e-06, "N2": 0.74411, "O+": 0.0, "N2O": 1.401e-05, "N2+": 0.0, "O": 0.0097583, "O2": 0.19689, "NO": 0.049089, "O-": 0.0, "N+": 0.0, "NO2": 0.0001328, "NO+": 0.0}, "composition_moles": {"e-": 0.0, "N-": 0.0, "O2+": 0.0, "N": 5.523897848886604e-06, "N2": 0.7596916475686636, "O+": 0.0, "N2O": 9.103851606805293e-06, "N2+": 0.0, "O": 0.01744361538557696, "O2": 0.17597703663887398, "NO": 0.046788666304518084, "O-": 0.0, "N+": 0.0, "NO2": 8.255708556585627e-05, "NO+": 0.0}}, "s3": {"state_name": "s3", "gmodel_type": "CEAGas", "rho": 3.1111, "p": 1206700.000000001, "T": 1341.8, "a": 757.1, "h": 903660.0, "u": 515789.99999999994, "s": 6232.3, "gamma": 1.4777770774309325, "R": 289.06963807669575, "Cp": 894.1, "molecular_mass": 0.028763, "v": 2354.560306756945, "M": 3.109972667754517, "Ht": 3674640.0, "Ue": 2710.9555510926402, "total_p": 51929984.066849194, "total_T": 4252.19, "pitot_p": 16325625.761694323, "composition_massf": {"Ar": 0.83332, "O2": 0.14796, "H2": 0.018713}, "composition_moles": {"Ar": 0.5999995784519876, "O2": 0.1329979086715752, "H2": 0.26700102139016213}}, "s5": {"state_name": "s5", "gmodel_type": "CEAGas", "rho": 6.7826, "p": 10555904.245686453, "T": 4958.749816475955, "a": 1376.8, "h": 7803530.0, "u": 6247200.0, "s": 9354.1, "gamma": 1.1320777782313183, "R": 313.8498414615733, "Cp": 2690.1000000000004, "molecular_mass": 0.026492, "v": 0.0, "M": 0.0, "Ht": 7803519.99993, "Ue": 3950.5746417274536, "total_p": 10554414.703812491, "total_T": 4958.72, "pitot_p": 10554414.703812491, "composition_massf": {"e-": 0.0, "N-": 0.0, "O2+": 0.0, "N": 0.0012693, "N2": 0.71298, "O+": 0.0, "N2O": 0.00010517, "N2+": 0.0, "O": 0.097424, "O2": 0.075089, "NO": 0.11286, "O-": 1.3903e-06, "N+": 0.0, "NO2": 0.00025953, "NO+": 1.1245e-05}, "composition_moles": {"e-": 0.0, "N-": 0.0, "O2+": 0.0, "N": 0.0024007293366745913, "N2": 0.6742582535500867, "O+": 0.0, "N2O": 6.330348534971644e-05, "N2+": 0.0, "O": 0.1613158373439004, "O2": 0.06216663712389215, "NO": 0.09964264332918973, "O-": 2.3019966201641425e-06, "N+": 0.0, "NO2": 0.00014944884329047616, "NO+": 9.928247477565102e-06}}, "s5d": {"state_name": "s5d", "gmodel_type": "CEAGas", "rho": 13.894, "p": 23431084.502005693, "T": 5833.978811260007, "a": 1532.7, "h": 5275230.0, "u": 3588800.0, "s": 6781.900000000001, "gamma": 1.3930084372327216, "R": 289.06963807669575, "Cp": 1024.6, "molecular_mass": 0.028763, "v": 0.0, "M": 0.0, "Ht": 5274220.0, "Ue": 3247.8362027663893, "total_p": 23433443.29432674, "total_T": 5833.97, "pitot_p": 23433443.29432674, "composition_massf": {"Ar": 0.83332, "O2": 0.14796, "H2": 0.018713}, "composition_moles": {"Ar": 0.5999995784519876, "O2": 0.1329979086715752, "H2": 0.26700102139016213}}, "s6": {"state_name": "s6", "gmodel_type": "CEAGas", "rho": 4.2773, "p": 6036876.048642719, "T": 4555.97, "a": 1304.8, "h": 6975520.0, "u": 5564140.0, "s": 9354.1, "gamma": 1.1237479106356159, "R": 309.78055141579733, "Cp": 2813.1, "molecular_mass": 0.02684, "v": 1304.8004062211483, "M": 1.0000003113282865, "Ht": 7826789.99993, "Ue": 3956.460539403875, "total_p": 10713012.598817315, "total_T": 4970.27, "pitot_p": 10712681.52994652, "composition_massf": {"e-": 0.0, "N-": 0.0, "O2+": 0.0, "N": 0.00058762, "N2": 0.71739, "O+": 0.0, "N2O": 7.1933e-05, "N2+": 0.0, "O": 0.082528, "O2": 0.094245, "NO": 0.10495, "O-": 0.0, "N+": 0.0, "NO2": 0.00022603, "NO+": 4.8343e-06}, "composition_moles": {"e-": 0.0, "N-": 0.0, "O2+": 0.0, "N": 0.0011260126082517652, "N2": 0.6873406155625521, "O+": 0.0, "N2O": 4.386636887450924e-05, "N2+": 0.0, "O": 0.13844591172168957, "O2": 0.07905095816093104, "NO": 0.09387617851036956, "O-": 0.0, "N+": 0.0, "NO2": 0.00013186782449924465, "NO+": 4.32428687179533e-06}}, "s8": {"state_name": "s8", "gmodel_type": "CEAGas", "rho": 0.0085729, "p": 2828.1746546277654, "T": 1144.7, "a": 660.9, "h": 921580.0, "u": 591690.0, "s": 9354.1, "gamma": 1.3250589265112418, "R": 288.19792027729636, "Cp": 1174.8, "molecular_mass": 0.02885, "v": 3716.2325142642617, "M": 5.622987614259739, "Ht": 7826759.99993, "Ue": 3956.4529568617395, "total_p": 10713004.929334644, "total_T": 4970.26, "pitot_p": 114960.91953154479, "unit_Re": 668153.3853767897, "k": 0.07405, "mu": 4.7682e-05, "composition_massf": {"e-": 0.0, "N-": 0.0, "O2+": 0.0, "N": 0.0, "N2": 0.76702, "O+": 0.0, "N2O": 0.0, "N2+": 0.0, "O": 0.0, "O2": 0.23285, "NO": 0.00013076, "O-": 0.0, "N+": 0.0, "NO2": 0.0, "NO+": 0.0}, "composition_moles": {"e-": 0.0, "N-": 0.0, "O2+": 0.0, "N": 0.0, "N2": 0.7899264994609724, "O+": 0.0, "N2O": 0.0, "N2+": 0.0, "O": 0.0, "O2": 0.20993670075127818, "NO": 0.00012572196986612724, "O-": 0.0, "N+": 0.0, "NO2": 0.0, "NO+": 0.0}}, "s10f": {"state_name": "s10f", "gmodel_type": "IdealGas", "rho": 0.051464480181061895, "p": 101500.35504239917, "T": 6843.355925041092, "a": 1615.8459444511643, "h": 8062157.615290911, "u": 6089916.669976755, "s": 3691.003572460564, "gamma": 1.3238535192176422, "R": 288.19792027729636, "Cp": 1178.1000000000001, "molecular_mass": 0.02885, "v": 619.0403940721914, "M": 0.38310607282704395, "Ht": null, "Ue": null, "total_p": 111729.0767514422, "total_T": 7005.995348474182, "pitot_p": 111729.0767514422}, "s10e": {"state_name": "s10e", "gmodel_type": "CEAGas", "rho": 0.07877142347077716, "p": 108339.99999999999, "T": 4112.884219297203, "a": 1291.6, "h": 7744990.0, "u": 6369600.0, "s": 10827.400000000001, "gamma": 1.33371651116494, "R": 334.41298314764913, "Cp": 1336.5, "molecular_mass": 0.024863, "v": 404.4473023057046, "M": 0.3131366539994616, "Ht": 7826779.99993, "Ue": 3956.458011891444, "total_p": 114960.91953154479, "total_T": 4149.79, "pitot_p": 114960.91953154479, "unit_Re": 258994.30714198915, "k": 0.51498, "mu": 0.00012301, "composition_massf": {"e-": 0.0, "N-": 0.0, "O2+": 0.0, "N": 0.001164, "N2": 0.7437, "O+": 0.0, "N2O": 4.1128e-06, "N2+": 0.0, "O": 0.17653, "O2": 0.031009, "NO": 0.047576, "O-": 0.0, "N+": 0.0, "NO2": 8.6512e-06, "NO+": 5.6612e-06}, "composition_moles": {"e-": 0.0, "N-": 0.0, "O2+": 0.0, "N": 0.002066192036668166,