{"states_dict": {"s4": {"state_name": "s4", "gmodel_type": "CEAGas", "rho": 33.429, "p": 37310000.0, "T": 3861.0, "a": 1256.6, "h": 3288120.0, "u": 2172010.0, "s": 6232.3, "gamma": 1.4148350213656617, "R": 289.06963807669575, "Cp": 985.9, "molecular_mass": 0.028763, "v": 0.0, "M": 0.0, "Ht": 3287120.0, "Ue": 2564.028080969473, "total_p": 37307663.26738406, "total_T": 3861.0, "pitot_p": 37307663.26738406, "composition_massf": {"Ar": 0.83332, "O2": 0.14796, "H2": 0.018713}, "composition_moles": {"Ar": 0.5999995784519876, "O2": 0.1329979086715752, "H2": 0.26700102139016213}}, "s1": {"state_name": "s1", "gmodel_type": "CEAGas", "rho": 3.8109, "p": 327454.9162877732, "T": 298.15, "a": 346.7, "h": 7.000000000000001e-05, "u": -85925.0, "s": 6546.299999999999, "gamma": 1.398557725608831, "R": 288.19792027729636, "Cp": 1011.3000000000001, "molecular_mass": 0.02885, "v": 0.0, "M": 0.0, "Ht": null, "Ue": null, "total_p": 327474.93931566476, "total_T": 298.15, "pitot_p": 327474.93931566476, "composition_massf": {"e-": 0.0, "N-": 0.0, "O2+": 0.0, "N": 0.0, "N2": 0.76708, "O+": 0.0, "N2O": 0.0, "N2+": 0.0, "O": 0.0, "O2": 0.23292, "NO": 0.0, "O-": 0.0, "N+": 0.0, "NO2": 0.0, "NO+": 0.0}, "composition_moles": {"e-": 0.0, "N-": 0.0, "O2+": 0.0, "N": 0.0, "N2": 0.7899882913177266, "O+": 0.0, "N2O": 0.0, "N2+": 0.0, "O": 0.0, "O2": 0.20999981249296848, "NO": 0.0, "O-": 0.0, "N+": 0.0, "NO2": 0.0, "NO+": 0.0}}, "s2": {"state_name": "s2", "gmodel_type": "CEAGas", "rho": 19.947717268033553, "p": 7657899.999999999, "T": 1332.1025650507427, "a": 709.8, "h": 1145510.0, "u": 761610.0, "s": 7257.4, "gamma": 1.312327041994806, "R": 288.18793109424286, "Cp": 1210.9, "molecular_mass": 0.028850999999999998, "v": 1247.4185929580292, "M": 1.7574226443477448, "Ht": 1923539.99993, "Ue": 1961.3974609599147, "total_p": 40335890.47126633, "total_T": 1947.77, "pitot_p": 32993751.298467193, "unit_Re": 471709605.6418835, "k": 0.08408, "mu": 5.2751000000000004e-05, "composition_massf": {"e-": 0.0, "N-": 0.0, "O2+": 0.0, "N": 0.0, "N2": 0.76683, "O+": 0.0, "N2O": 0.0, "N2+": 0.0, "O": 0.0, "O2": 0.2326, "NO": 0.00050505, "O-": 0.0, "N+": 0.0, "NO2": 6.4974e-05, "NO+": 0.0}, "composition_moles": {"e-": 0.0, "N-": 0.0, "O2+": 0.0, "N": 0.0, "N2": 0.7897581989333676, "O+": 0.0, "N2O": 0.0, "N2+": 0.0, "O": 0.0, "O2": 0.20971857069640112, "NO": 0.0004856078447382366, "O-": 0.0, "N+": 0.0, "NO2": 4.074653843562183e-05, "NO+": 0.0}}, "s3": {"state_name": "s3", "gmodel_type": "CEAGas", "rho": 11.031, "p": 7657899.999999996, "T": 2401.64, "a": 1000.6, "h": 1878660.0, "u": 1184410.0, "s": 6232.3, "gamma": 1.4422524639554835, "R": 289.06963807669575, "Cp": 942.6999999999999, "molecular_mass": 0.028763, "v": 1247.4157998881028, "M": 1.2466677992085777, "Ht": 2655690.0, "Ue": 2304.643139403582, "total_p": 20090707.73257966, "total_T": 3215.13, "pitot_p": 19842039.65139309, "composition_massf": {"Ar": 0.83332, "O2": 0.14796, "H2": 0.018713}, "composition_moles": {"Ar": 0.5999995784519876, "O2": 0.1329979086715752, "H2": 0.26700102139016213}}, "s5": {"state_name": "s5", "gmodel_type": "CEAGas", "rho": 73.424, "p": 50260567.48774349, "T": 2375.5544226938237, "a": 929.0, "h": 2503480.0, "u": 1818960.0, "s": 7462.900000000001, "gamma": 1.260483654829312, "R": 288.15796769945246, "Cp": 1394.4, "molecular_mass": 0.028853999999999998, "v": 0.0, "M": 0.0, "Ht": 2503479.99993, "Ue": 2237.623739563915, "total_p": 50264966.117810115, "total_T": 2375.55, "pitot_p": 50264966.117810115, "composition_massf": {"e-": 0.0, "N-": 0.0, "O2+": 0.0, "N": 0.0, "N2": 0.75823, "O+": 0.0, "N2O": 3.3695e-05, "N2+": 0.0, "O": 8.4159e-05, "O2": 0.22252, "NO": 0.018487, "O-": 0.0, "N+": 0.0, "NO2": 0.00063918, "NO+": 0.0}, "composition_moles": {"e-": 0.0, "N-": 0.0, "O2+": 0.0, "N": 0.0, "N2": 0.7809822592045235, "O+": 0.0, "N2O": 2.208983591137124e-05, "N2+": 0.0, "O": 0.00015177592822230836, "O2": 0.20065102691350925, "NO": 0.01777718190634571, "O-": 0.0, "N+": 0.0, "NO2": 0.0004008846707458891, "NO+": 0.0}}, "s5d": {"state_name": "s5d", "gmodel_type": "CEAGas", "rho": 29.184, "p": 35245827.72543918, "T": 4177.918818472089, "a": 1305.1, "h": 3601780.0, "u": 2394070.0, "s": 6326.8, "gamma": 1.4103594247236162, "R": 289.06963807669575, "Cp": 993.5, "molecular_mass": 0.028763, "v": 0.0, "M": 0.0, "Ht": 3600780.0, "Ue": 2683.572246092883, "total_p": 35246702.0391529, "total_T": 4177.91, "pitot_p": 35246702.0391529, "composition_massf": {"Ar": 0.83332, "O2": 0.14796, "H2": 0.018713}, "composition_moles": {"Ar": 0.5999995784519876, "O2": 0.1329979086715752, "H2": 0.26700102139016213}}, "s6": {"state_name": "s6", "gmodel_type": "CEAGas", "rho": 45.592, "p": 27483273.044789545, "T": 2091.9, "a": 876.0, "h": 2115260.0, "u": 1512450.0, "s": 7462.900000000001, "gamma": 1.2730590396809693, "R": 288.16795480539287, "Cp": 1343.5, "molecular_mass": 0.028853, "v": 881.1583285653039, "M": 1.0058885029284292, "Ht": 2503479.99993, "Ue": 2237.623739563915, "total_p": 50264904.387016885, "total_T": 2375.55, "pitot_p": 50266241.34022563, "composition_massf": {"e-": 0.0, "N-": 0.0, "O2+": 0.0, "N": 0.0, "N2": 0.76229, "O+": 0.0, "N2O": 1.3615e-05, "N2+": 0.0, "O": 1.9882e-05, "O2": 0.2273, "NO": 0.010002, "O-": 0.0, "N+": 0.0, "NO2": 0.00037729, "NO+": 0.0}, "composition_moles": {"e-": 0.0, "N-": 0.0, "O2+": 0.0, "N": 0.0, "N2": 0.7851368762806372, "O+": 0.0, "N2O": 8.92543975843391e-06, "N2+": 0.0, "O": 3.585480368013801e-05, "O2": 0.20495415140567771, "NO": 0.009617634614295096, "O-": 0.0, "N+": 0.0, "NO2": 0.0002366227596700395, "NO+": 0.0}}, "s8": {"state_name": "s8", "gmodel_type": "CEAGas", "rho": 0.10153, "p": 7305.0753163331465, "T": 249.66, "a": 317.3, "h": -48995.0, "u": -120950.0, "s": 7462.900000000001, "gamma": 1.3994415655573162, "R": 288.19792027729636, "Cp": 1009.7, "molecular_mass": 0.02885, "v": 2259.4136407484134, "M": 7.120748946575523, "Ht": 2503479.99993, "Ue": 2237.623739563915, "total_p": 50265464.82788889, "total_T": 2375.55, "pitot_p": 487475.15547502047, "unit_Re": 14117685.208024273, "k": 0.02287, "mu": 1.6249e-05, "composition_massf": {"e-": 0.0, "N-": 0.0, "O2+": 0.0, "N": 0.0, "N2": 0.76708, "O+": 0.0, "N2O": 0.0, "N2+": 0.0, "O": 0.0, "O2": 0.23292, "NO": 0.0, "O-": 0.0, "N+": 0.0, "NO2": 0.0, "NO+": 0.0}, "composition_moles": {"e-": 0.0, "N-": 0.0, "O2+": 0.0, "N": 0.0, "N2": 0.7899882913177266, "O+": 0.0, "N2O": 0.0, "N2+": 0.0, "O": 0.0, "O2": 0.20999981249296848, "NO": 0.0, "O-": 0.0, "N+": 0.0, "NO2": 0.0, "NO+": 0.0}}, "s10f": {"state_name": "s10f", "gmodel_type": "IdealGas", "rho": 0.5550589171999908, "p": 430796.2916464343, "T": 2693.0351972397934, "a": 1042.1826059672544, "h": 2719157.63865302, "u": 1943030.4955749526, "s": 1805.0659994231119, "gamma": 1.3994415655573162, "R": 288.19792027729636, "Cp": 1009.7, "molecular_mass": 0.02885, "v": 413.277299998393, "M": 0.39654979619893815, "Ht": null, "Ue": null, "total_p": 480090.74244612077, "total_T": 2777.61384767753, "pitot_p": 480090.74244612077}, "s10e": {"state_name": "s10e", "gmodel_type": "CEAGas", "rho": 0.6657480696017277, "p": 446570.0, "T": 2326.129596736257, "a": 917.5, "h": 2444110.0, "u": 1773340.0, "s": 8799.2, "gamma": 1.2914478170015151, "R": 288.36784240280235, "Cp": 1277.8, "molecular_mass": 0.028832999999999998, "v": 344.57218491436254, "M": 0.3755555148930382, "Ht": 2503469.99993, "Ue": 2237.619270532858, "total_p": 487475.15547502047, "total_T": 2367.48, "pitot_p": 487475.15547502047, "unit_Re": 2980320.7304723393, "k": 0.15236000000000002, "mu": 7.6971e-05, "composition_massf": {"e-": 0.0, "N-": 0.0, "O2+": 0.0, "N": 0.0, "N2": 0.75922, "O+": 0.0, "N2O": 2.887e-06, "N2+": 0.0, "O": 0.00067934, "O2": 0.22324, "NO": 0.016795, "O-": 0.0, "N+": 0.0, "NO2": 5.8128e-05, "NO+": 0.0}, "composition_moles": {"e-": 0.0, "N-": 0.0, "O2+": 0.0, "N": 0.0, "N2": 0.7814328235772879, "O+": 0.0, "N2O": 1.8912877844627016e-06, "N2+": 0.0, "O": 0.0012242590484643173, "O2": 0.20115375951598183, "NO": 0.016138393026751227, "O-": 0.0, "N+": 0.0,